[17-Sep-2025 10:47:19 Europe/Zurich] 🔑 paiement-api.php - Session ID forcé depuis URL: hk4tbv7mv7oti1bgm4jgvhcsfb
[17-Sep-2025 10:47:19 Europe/Zurich] 🔍 Session cross-domain analysis :
[17-Sep-2025 10:47:19 Europe/Zurich] - HTTP_ORIGIN: http://localhost:3000
[17-Sep-2025 10:47:19 Europe/Zurich] - HTTP_HOST: localhost
[17-Sep-2025 10:47:19 Europe/Zurich] - Is cross-domain: YES
[17-Sep-2025 10:47:19 Europe/Zurich] 🏠 Configuration same-domain appliquée
[17-Sep-2025 10:47:19 Europe/Zurich] 🔧 Session cross-domain configurée - ID: hk4tbv7mv7oti1bgm4jgvhcsfb
[17-Sep-2025 10:47:19 Europe/Zurich] 🍪 Cookie params: {"lifetime":1800,"path":"\/","domain":"","secure":true,"httponly":false,"samesite":"None"}
[17-Sep-2025 10:47:19 Europe/Zurich] 🔍 User en session: 2
[17-Sep-2025 10:47:19 Europe/Zurich] 🔧 Setup CORS - Début
[17-Sep-2025 10:47:19 Europe/Zurich] - Mode: DÉVELOPPEMENT
[17-Sep-2025 10:47:19 Europe/Zurich] - Origin reçu: http://localhost:3000
[17-Sep-2025 10:47:19 Europe/Zurich] 🔍 Test d'autorisation pour origin: 'http://localhost:3000'
[17-Sep-2025 10:47:19 Europe/Zurich] 📝 Origins autorisées: ["http:\/\/localhost:3007","http:\/\/localhost:3000","http:\/\/127.0.0.1:3000","http:\/\/localhost:3007","https:\/\/dev-facturation"]
[17-Sep-2025 10:47:19 Europe/Zurich] ✅ Origin autorisé: http://localhost:3000
[17-Sep-2025 10:47:19 Europe/Zurich] 📤 En-têtes CORS envoyés:
[17-Sep-2025 10:47:19 Europe/Zurich] - Methods: GET, POST, PUT, DELETE, OPTIONS
[17-Sep-2025 10:47:19 Europe/Zurich] - Headers: Content-Type, Authorization, X-Requested-With
[17-Sep-2025 10:47:19 Europe/Zurich] - Credentials: true
[17-Sep-2025 10:47:19 Europe/Zurich] 🔄 Requête OPTIONS (preflight) - Réponse immédiate
[17-Sep-2025 10:47:19 Europe/Zurich] 🔑 paiement-api.php - Session ID forcé depuis URL: hk4tbv7mv7oti1bgm4jgvhcsfb
[17-Sep-2025 10:47:19 Europe/Zurich] 🔍 Session cross-domain analysis :
[17-Sep-2025 10:47:19 Europe/Zurich] - HTTP_ORIGIN: http://localhost:3000
[17-Sep-2025 10:47:19 Europe/Zurich] - HTTP_HOST: localhost
[17-Sep-2025 10:47:19 Europe/Zurich] - Is cross-domain: YES
[17-Sep-2025 10:47:19 Europe/Zurich] 🏠 Configuration same-domain appliquée
[17-Sep-2025 10:47:19 Europe/Zurich] 🔧 Session cross-domain configurée - ID: hk4tbv7mv7oti1bgm4jgvhcsfb
[17-Sep-2025 10:47:19 Europe/Zurich] 🍪 Cookie params: {"lifetime":1800,"path":"\/","domain":"","secure":true,"httponly":false,"samesite":"None"}
[17-Sep-2025 10:47:19 Europe/Zurich] 🔍 User en session: 2
[17-Sep-2025 10:47:20 Europe/Zurich] 🔧 Setup CORS - Début
[17-Sep-2025 10:47:20 Europe/Zurich] - Mode: DÉVELOPPEMENT
[17-Sep-2025 10:47:20 Europe/Zurich] - Origin reçu: http://localhost:3000
[17-Sep-2025 10:47:20 Europe/Zurich] 🔍 Test d'autorisation pour origin: 'http://localhost:3000'
[17-Sep-2025 10:47:20 Europe/Zurich] 📝 Origins autorisées: ["http:\/\/localhost:3007","http:\/\/localhost:3000","http:\/\/127.0.0.1:3000","http:\/\/localhost:3007","https:\/\/dev-facturation"]
[17-Sep-2025 10:47:20 Europe/Zurich] ✅ Origin autorisé: http://localhost:3000
[17-Sep-2025 10:47:20 Europe/Zurich] 📤 En-têtes CORS envoyés:
[17-Sep-2025 10:47:20 Europe/Zurich] - Methods: GET, POST, PUT, DELETE, OPTIONS
[17-Sep-2025 10:47:20 Europe/Zurich] - Headers: Content-Type, Authorization, X-Requested-With
[17-Sep-2025 10:47:20 Europe/Zurich] - Credentials: true
[17-Sep-2025 10:47:20 Europe/Zurich] paiement-api - Chargement de la configuration
[17-Sep-2025 10:47:20 Europe/Zurich] paiement-api - Méthode: DELETE
[17-Sep-2025 10:47:20 Europe/Zurich] paiement-api - URL complète: /fact-back/api/paiement-api.php?PHPSESSID=hk4tbv7mv7oti1bgm4jgvhcsfb&id_paiement=49&motif_annulation=bla+bla+bla
[17-Sep-2025 10:47:20 Europe/Zurich] paiement-api - Origin: http://localhost:3000
[17-Sep-2025 10:47:20 Europe/Zurich] paiement-api - Paramètres GET: {"PHPSESSID":"hk4tbv7mv7oti1bgm4jgvhcsfb","id_paiement":"49","motif_annulation":"bla bla bla"}
[17-Sep-2025 10:47:20 Europe/Zurich] paiement-api - Session ID: hk4tbv7mv7oti1bgm4jgvhcsfb
[17-Sep-2025 10:47:20 Europe/Zurich] paiement-api - Session status: 2
[17-Sep-2025 10:47:20 Europe/Zurich] paiement-api - Session content: {"user_id":2,"user_name":"test_admin","user_role":"admin"}
[17-Sep-2025 10:47:20 Europe/Zurich] 🔍 paiement-api - Session initialisée par bootstrap.php
[17-Sep-2025 10:47:20 Europe/Zurich] paiement-api - Session trouvée - User ID: 2, Role: admin
[17-Sep-2025 10:47:20 Europe/Zurich] ✅ paiement-api - Accès autorisé pour utilisateur: 2 (role: admin)
[17-Sep-2025 10:47:20 Europe/Zurich] paiement-api - Méthode: DELETE
[17-Sep-2025 10:47:20 Europe/Zurich] paiement-api - Paramètres GET: {"PHPSESSID":"hk4tbv7mv7oti1bgm4jgvhcsfb","id_paiement":"49","motif_annulation":"bla bla bla"}
[17-Sep-2025 10:47:20 Europe/Zurich] paiement-api - CANCEL paiement ID: 49 (motif: Annulation demandée par l'utilisateur) (user: 2)
[17-Sep-2025 10:47:20 Europe/Zurich] ✅ ActivityLogsControleur::validateAndTruncateLogData - Validation des données de log
[17-Sep-2025 10:47:20 Europe/Zurich] ✅ Données reçues: Array
(
    [user_id] => 2
    [user_name] => test_admin
    [action_type] => paiement_cancel
    [entity_type] => paiement
    [entity_id] => 49
    [description] => Annulation du paiement #7 de la facture 046.2025 (Jules César)
    [details] => Array
        (
            [id_paiement] => 49
            [numero_paiement] => 7
            [id_facture] => 56
            [facture_numero] => 046.2025
            [client_nom] => Jules César
            [montant_annule] => 1
            [methode_paiement] => virement
            [date_paiement] => 2025-07-30
            [motif_annulation] => Annulation demandée par l'utilisateur
        )

    [severity] => warning
    [ip_address] => ::1
    [user_agent] => Mozilla/5.0 (Windows NT 10.0; Win64; x64) AppleWebKit/537.36 (KHTML, like Gecko) Chrome/140.0.0.0 Safari/537.36
)

[17-Sep-2025 10:47:20 Europe/Zurich] ✅ ActivityLogsControleur::insertLog - Log inséré: paiement_cancel
[17-Sep-2025 10:47:20 Europe/Zurich] 🔑 paiement-api.php - Session ID forcé depuis URL: hk4tbv7mv7oti1bgm4jgvhcsfb
[17-Sep-2025 10:47:20 Europe/Zurich] 🔍 Session cross-domain analysis :
[17-Sep-2025 10:47:20 Europe/Zurich] - HTTP_ORIGIN: http://localhost:3000
[17-Sep-2025 10:47:20 Europe/Zurich] - HTTP_HOST: localhost
[17-Sep-2025 10:47:20 Europe/Zurich] - Is cross-domain: YES
[17-Sep-2025 10:47:20 Europe/Zurich] 🏠 Configuration same-domain appliquée
[17-Sep-2025 10:47:20 Europe/Zurich] 🔧 Session cross-domain configurée - ID: hk4tbv7mv7oti1bgm4jgvhcsfb
[17-Sep-2025 10:47:20 Europe/Zurich] 🍪 Cookie params: {"lifetime":1800,"path":"\/","domain":"","secure":true,"httponly":false,"samesite":"None"}
[17-Sep-2025 10:47:20 Europe/Zurich] 🔍 User en session: 2
[17-Sep-2025 10:47:20 Europe/Zurich] 🔧 Setup CORS - Début
[17-Sep-2025 10:47:20 Europe/Zurich] - Mode: DÉVELOPPEMENT
[17-Sep-2025 10:47:20 Europe/Zurich] - Origin reçu: http://localhost:3000
[17-Sep-2025 10:47:20 Europe/Zurich] 🔍 Test d'autorisation pour origin: 'http://localhost:3000'
[17-Sep-2025 10:47:20 Europe/Zurich] 📝 Origins autorisées: ["http:\/\/localhost:3007","http:\/\/localhost:3000","http:\/\/127.0.0.1:3000","http:\/\/localhost:3007","https:\/\/dev-facturation"]
[17-Sep-2025 10:47:20 Europe/Zurich] ✅ Origin autorisé: http://localhost:3000
[17-Sep-2025 10:47:20 Europe/Zurich] 📤 En-têtes CORS envoyés:
[17-Sep-2025 10:47:20 Europe/Zurich] - Methods: GET, POST, PUT, DELETE, OPTIONS
[17-Sep-2025 10:47:20 Europe/Zurich] - Headers: Content-Type, Authorization, X-Requested-With
[17-Sep-2025 10:47:20 Europe/Zurich] - Credentials: true
[17-Sep-2025 10:47:20 Europe/Zurich] 🔄 Requête OPTIONS (preflight) - Réponse immédiate
[17-Sep-2025 10:47:20 Europe/Zurich] 🔑 paiement-api.php - Session ID forcé depuis URL: hk4tbv7mv7oti1bgm4jgvhcsfb
[17-Sep-2025 10:47:20 Europe/Zurich] 🔍 Session cross-domain analysis :
[17-Sep-2025 10:47:20 Europe/Zurich] - HTTP_ORIGIN: http://localhost:3000
[17-Sep-2025 10:47:20 Europe/Zurich] - HTTP_HOST: localhost
[17-Sep-2025 10:47:20 Europe/Zurich] - Is cross-domain: YES
[17-Sep-2025 10:47:20 Europe/Zurich] 🏠 Configuration same-domain appliquée
[17-Sep-2025 10:47:20 Europe/Zurich] 🔧 Session cross-domain configurée - ID: hk4tbv7mv7oti1bgm4jgvhcsfb
[17-Sep-2025 10:47:20 Europe/Zurich] 🍪 Cookie params: {"lifetime":1800,"path":"\/","domain":"","secure":true,"httponly":false,"samesite":"None"}
[17-Sep-2025 10:47:20 Europe/Zurich] 🔍 User en session: 2
[17-Sep-2025 10:47:20 Europe/Zurich] 🔧 Setup CORS - Début
[17-Sep-2025 10:47:20 Europe/Zurich] - Mode: DÉVELOPPEMENT
[17-Sep-2025 10:47:20 Europe/Zurich] - Origin reçu: http://localhost:3000
[17-Sep-2025 10:47:20 Europe/Zurich] 🔍 Test d'autorisation pour origin: 'http://localhost:3000'
[17-Sep-2025 10:47:20 Europe/Zurich] 📝 Origins autorisées: ["http:\/\/localhost:3007","http:\/\/localhost:3000","http:\/\/127.0.0.1:3000","http:\/\/localhost:3007","https:\/\/dev-facturation"]
[17-Sep-2025 10:47:20 Europe/Zurich] ✅ Origin autorisé: http://localhost:3000
[17-Sep-2025 10:47:20 Europe/Zurich] 📤 En-têtes CORS envoyés:
[17-Sep-2025 10:47:20 Europe/Zurich] - Methods: GET, POST, PUT, DELETE, OPTIONS
[17-Sep-2025 10:47:20 Europe/Zurich] - Headers: Content-Type, Authorization, X-Requested-With
[17-Sep-2025 10:47:20 Europe/Zurich] - Credentials: true
[17-Sep-2025 10:47:20 Europe/Zurich] paiement-api - Chargement de la configuration
[17-Sep-2025 10:47:20 Europe/Zurich] paiement-api - Méthode: GET
[17-Sep-2025 10:47:20 Europe/Zurich] paiement-api - URL complète: /fact-back/api/paiement-api.php?PHPSESSID=hk4tbv7mv7oti1bgm4jgvhcsfb&annee=2025&page=1&limit=50&statut=confirme&_ts=1758098840045
[17-Sep-2025 10:47:20 Europe/Zurich] paiement-api - Origin: http://localhost:3000
[17-Sep-2025 10:47:20 Europe/Zurich] paiement-api - Paramètres GET: {"PHPSESSID":"hk4tbv7mv7oti1bgm4jgvhcsfb","annee":"2025","page":"1","limit":"50","statut":"confirme","_ts":"1758098840045"}
[17-Sep-2025 10:47:20 Europe/Zurich] paiement-api - Session ID: hk4tbv7mv7oti1bgm4jgvhcsfb
[17-Sep-2025 10:47:20 Europe/Zurich] paiement-api - Session status: 2
[17-Sep-2025 10:47:20 Europe/Zurich] paiement-api - Session content: {"user_id":2,"user_name":"test_admin","user_role":"admin"}
[17-Sep-2025 10:47:20 Europe/Zurich] 🔍 paiement-api - Session initialisée par bootstrap.php
[17-Sep-2025 10:47:20 Europe/Zurich] paiement-api - Session trouvée - User ID: 2, Role: admin
[17-Sep-2025 10:47:20 Europe/Zurich] ✅ paiement-api - Accès autorisé pour utilisateur: 2 (role: admin)
[17-Sep-2025 10:47:20 Europe/Zurich] paiement-api - Méthode: GET
[17-Sep-2025 10:47:20 Europe/Zurich] paiement-api - Paramètres GET: {"PHPSESSID":"hk4tbv7mv7oti1bgm4jgvhcsfb","annee":"2025","page":"1","limit":"50","statut":"confirme","_ts":"1758098840045"}
[17-Sep-2025 10:47:20 Europe/Zurich] paiement-api - GET - Paramètres: {"PHPSESSID":"hk4tbv7mv7oti1bgm4jgvhcsfb","annee":"2025","page":"1","limit":"50","statut":"confirme","_ts":"1758098840045"} (user: 2)
[17-Sep-2025 10:47:20 Europe/Zurich] paiement-api - GET liste paiements avec options: {"annee":2025,"mois":null,"methode":null,"statut":"confirme","client_id":null,"id_facture":null,"page":1,"limit":50} (user: 2)
[17-Sep-2025 10:47:20 Europe/Zurich] PaiementControleur - Filtrage par statut: confirme
[17-Sep-2025 10:47:20 Europe/Zurich] paiement-api - Résultat liste paiements (nombre): N/A
[17-Sep-2025 10:47:43 Europe/Zurich] 🔑 paiement-api.php - Session ID forcé depuis URL: hk4tbv7mv7oti1bgm4jgvhcsfb
[17-Sep-2025 10:47:43 Europe/Zurich] 🔍 Session cross-domain analysis :
[17-Sep-2025 10:47:43 Europe/Zurich] - HTTP_ORIGIN: http://localhost:3000
[17-Sep-2025 10:47:43 Europe/Zurich] - HTTP_HOST: localhost
[17-Sep-2025 10:47:43 Europe/Zurich] - Is cross-domain: YES
[17-Sep-2025 10:47:43 Europe/Zurich] 🏠 Configuration same-domain appliquée
[17-Sep-2025 10:47:43 Europe/Zurich] 🔧 Session cross-domain configurée - ID: hk4tbv7mv7oti1bgm4jgvhcsfb
[17-Sep-2025 10:47:43 Europe/Zurich] 🍪 Cookie params: {"lifetime":1800,"path":"\/","domain":"","secure":true,"httponly":false,"samesite":"None"}
[17-Sep-2025 10:47:43 Europe/Zurich] 🔍 User en session: 2
[17-Sep-2025 10:47:43 Europe/Zurich] 🔧 Setup CORS - Début
[17-Sep-2025 10:47:43 Europe/Zurich] - Mode: DÉVELOPPEMENT
[17-Sep-2025 10:47:43 Europe/Zurich] - Origin reçu: http://localhost:3000
[17-Sep-2025 10:47:43 Europe/Zurich] 🔍 Test d'autorisation pour origin: 'http://localhost:3000'
[17-Sep-2025 10:47:43 Europe/Zurich] 📝 Origins autorisées: ["http:\/\/localhost:3007","http:\/\/localhost:3000","http:\/\/127.0.0.1:3000","http:\/\/localhost:3007","https:\/\/dev-facturation"]
[17-Sep-2025 10:47:43 Europe/Zurich] ✅ Origin autorisé: http://localhost:3000
[17-Sep-2025 10:47:43 Europe/Zurich] 📤 En-têtes CORS envoyés:
[17-Sep-2025 10:47:43 Europe/Zurich] - Methods: GET, POST, PUT, DELETE, OPTIONS
[17-Sep-2025 10:47:43 Europe/Zurich] - Headers: Content-Type, Authorization, X-Requested-With
[17-Sep-2025 10:47:43 Europe/Zurich] - Credentials: true
[17-Sep-2025 10:47:43 Europe/Zurich] 🔄 Requête OPTIONS (preflight) - Réponse immédiate
[17-Sep-2025 10:47:43 Europe/Zurich] 🔑 paiement-api.php - Session ID forcé depuis URL: hk4tbv7mv7oti1bgm4jgvhcsfb
[17-Sep-2025 10:47:43 Europe/Zurich] 🔍 Session cross-domain analysis :
[17-Sep-2025 10:47:43 Europe/Zurich] - HTTP_ORIGIN: http://localhost:3000
[17-Sep-2025 10:47:43 Europe/Zurich] - HTTP_HOST: localhost
[17-Sep-2025 10:47:43 Europe/Zurich] - Is cross-domain: YES
[17-Sep-2025 10:47:43 Europe/Zurich] 🏠 Configuration same-domain appliquée
[17-Sep-2025 10:47:43 Europe/Zurich] 🔧 Session cross-domain configurée - ID: hk4tbv7mv7oti1bgm4jgvhcsfb
[17-Sep-2025 10:47:43 Europe/Zurich] 🍪 Cookie params: {"lifetime":1800,"path":"\/","domain":"","secure":true,"httponly":false,"samesite":"None"}
[17-Sep-2025 10:47:43 Europe/Zurich] 🔍 User en session: 2
[17-Sep-2025 10:47:43 Europe/Zurich] 🔧 Setup CORS - Début
[17-Sep-2025 10:47:43 Europe/Zurich] - Mode: DÉVELOPPEMENT
[17-Sep-2025 10:47:43 Europe/Zurich] - Origin reçu: http://localhost:3000
[17-Sep-2025 10:47:43 Europe/Zurich] 🔍 Test d'autorisation pour origin: 'http://localhost:3000'
[17-Sep-2025 10:47:43 Europe/Zurich] 📝 Origins autorisées: ["http:\/\/localhost:3007","http:\/\/localhost:3000","http:\/\/127.0.0.1:3000","http:\/\/localhost:3007","https:\/\/dev-facturation"]
[17-Sep-2025 10:47:43 Europe/Zurich] ✅ Origin autorisé: http://localhost:3000
[17-Sep-2025 10:47:43 Europe/Zurich] 📤 En-têtes CORS envoyés:
[17-Sep-2025 10:47:43 Europe/Zurich] - Methods: GET, POST, PUT, DELETE, OPTIONS
[17-Sep-2025 10:47:43 Europe/Zurich] - Headers: Content-Type, Authorization, X-Requested-With
[17-Sep-2025 10:47:43 Europe/Zurich] - Credentials: true
[17-Sep-2025 10:47:43 Europe/Zurich] paiement-api - Chargement de la configuration
[17-Sep-2025 10:47:43 Europe/Zurich] paiement-api - Méthode: DELETE
[17-Sep-2025 10:47:43 Europe/Zurich] paiement-api - URL complète: /fact-back/api/paiement-api.php?PHPSESSID=hk4tbv7mv7oti1bgm4jgvhcsfb&id_paiement=36&motif_annulation=asdfadfasf
[17-Sep-2025 10:47:43 Europe/Zurich] paiement-api - Origin: http://localhost:3000
[17-Sep-2025 10:47:43 Europe/Zurich] paiement-api - Paramètres GET: {"PHPSESSID":"hk4tbv7mv7oti1bgm4jgvhcsfb","id_paiement":"36","motif_annulation":"asdfadfasf"}
[17-Sep-2025 10:47:43 Europe/Zurich] paiement-api - Session ID: hk4tbv7mv7oti1bgm4jgvhcsfb
[17-Sep-2025 10:47:43 Europe/Zurich] paiement-api - Session status: 2
[17-Sep-2025 10:47:43 Europe/Zurich] paiement-api - Session content: {"user_id":2,"user_name":"test_admin","user_role":"admin"}
[17-Sep-2025 10:47:43 Europe/Zurich] 🔍 paiement-api - Session initialisée par bootstrap.php
[17-Sep-2025 10:47:43 Europe/Zurich] paiement-api - Session trouvée - User ID: 2, Role: admin
[17-Sep-2025 10:47:43 Europe/Zurich] ✅ paiement-api - Accès autorisé pour utilisateur: 2 (role: admin)
[17-Sep-2025 10:47:43 Europe/Zurich] paiement-api - Méthode: DELETE
[17-Sep-2025 10:47:43 Europe/Zurich] paiement-api - Paramètres GET: {"PHPSESSID":"hk4tbv7mv7oti1bgm4jgvhcsfb","id_paiement":"36","motif_annulation":"asdfadfasf"}
[17-Sep-2025 10:47:43 Europe/Zurich] paiement-api - CANCEL paiement ID: 36 (motif: Annulation demandée par l'utilisateur) (user: 2)
[17-Sep-2025 10:47:43 Europe/Zurich] ✅ ActivityLogsControleur::validateAndTruncateLogData - Validation des données de log
[17-Sep-2025 10:47:43 Europe/Zurich] ✅ Données reçues: Array
(
    [user_id] => 2
    [user_name] => test_admin
    [action_type] => paiement_cancel
    [entity_type] => paiement
    [entity_id] => 36
    [description] => Annulation du paiement #1 de la facture 003.2025 (Gilles Dubey)
    [details] => Array
        (
            [id_paiement] => 36
            [numero_paiement] => 1
            [id_facture] => 3
            [facture_numero] => 003.2025
            [client_nom] => Gilles Dubey
            [montant_annule] => 100
            [methode_paiement] => virement
            [date_paiement] => 2025-07-25
            [motif_annulation] => Annulation demandée par l'utilisateur
        )

    [severity] => warning
    [ip_address] => ::1
    [user_agent] => Mozilla/5.0 (Windows NT 10.0; Win64; x64) AppleWebKit/537.36 (KHTML, like Gecko) Chrome/140.0.0.0 Safari/537.36
)

[17-Sep-2025 10:47:43 Europe/Zurich] ✅ ActivityLogsControleur::insertLog - Log inséré: paiement_cancel
[17-Sep-2025 10:47:43 Europe/Zurich] 🔑 paiement-api.php - Session ID forcé depuis URL: hk4tbv7mv7oti1bgm4jgvhcsfb
[17-Sep-2025 10:47:43 Europe/Zurich] 🔍 Session cross-domain analysis :
[17-Sep-2025 10:47:43 Europe/Zurich] - HTTP_ORIGIN: http://localhost:3000
[17-Sep-2025 10:47:43 Europe/Zurich] - HTTP_HOST: localhost
[17-Sep-2025 10:47:43 Europe/Zurich] - Is cross-domain: YES
[17-Sep-2025 10:47:43 Europe/Zurich] 🏠 Configuration same-domain appliquée
[17-Sep-2025 10:47:43 Europe/Zurich] 🔧 Session cross-domain configurée - ID: hk4tbv7mv7oti1bgm4jgvhcsfb
[17-Sep-2025 10:47:43 Europe/Zurich] 🍪 Cookie params: {"lifetime":1800,"path":"\/","domain":"","secure":true,"httponly":false,"samesite":"None"}
[17-Sep-2025 10:47:43 Europe/Zurich] 🔍 User en session: 2
[17-Sep-2025 10:47:43 Europe/Zurich] 🔧 Setup CORS - Début
[17-Sep-2025 10:47:43 Europe/Zurich] - Mode: DÉVELOPPEMENT
[17-Sep-2025 10:47:43 Europe/Zurich] - Origin reçu: http://localhost:3000
[17-Sep-2025 10:47:43 Europe/Zurich] 🔍 Test d'autorisation pour origin: 'http://localhost:3000'
[17-Sep-2025 10:47:43 Europe/Zurich] 📝 Origins autorisées: ["http:\/\/localhost:3007","http:\/\/localhost:3000","http:\/\/127.0.0.1:3000","http:\/\/localhost:3007","https:\/\/dev-facturation"]
[17-Sep-2025 10:47:43 Europe/Zurich] ✅ Origin autorisé: http://localhost:3000
[17-Sep-2025 10:47:43 Europe/Zurich] 📤 En-têtes CORS envoyés:
[17-Sep-2025 10:47:43 Europe/Zurich] - Methods: GET, POST, PUT, DELETE, OPTIONS
[17-Sep-2025 10:47:43 Europe/Zurich] - Headers: Content-Type, Authorization, X-Requested-With
[17-Sep-2025 10:47:43 Europe/Zurich] - Credentials: true
[17-Sep-2025 10:47:43 Europe/Zurich] 🔄 Requête OPTIONS (preflight) - Réponse immédiate
[17-Sep-2025 10:47:43 Europe/Zurich] 🔑 paiement-api.php - Session ID forcé depuis URL: hk4tbv7mv7oti1bgm4jgvhcsfb
[17-Sep-2025 10:47:43 Europe/Zurich] 🔍 Session cross-domain analysis :
[17-Sep-2025 10:47:43 Europe/Zurich] - HTTP_ORIGIN: http://localhost:3000
[17-Sep-2025 10:47:43 Europe/Zurich] - HTTP_HOST: localhost
[17-Sep-2025 10:47:43 Europe/Zurich] - Is cross-domain: YES
[17-Sep-2025 10:47:43 Europe/Zurich] 🏠 Configuration same-domain appliquée
[17-Sep-2025 10:47:43 Europe/Zurich] 🔧 Session cross-domain configurée - ID: hk4tbv7mv7oti1bgm4jgvhcsfb
[17-Sep-2025 10:47:43 Europe/Zurich] 🍪 Cookie params: {"lifetime":1800,"path":"\/","domain":"","secure":true,"httponly":false,"samesite":"None"}
[17-Sep-2025 10:47:43 Europe/Zurich] 🔍 User en session: 2
[17-Sep-2025 10:47:43 Europe/Zurich] 🔧 Setup CORS - Début
[17-Sep-2025 10:47:43 Europe/Zurich] - Mode: DÉVELOPPEMENT
[17-Sep-2025 10:47:43 Europe/Zurich] - Origin reçu: http://localhost:3000
[17-Sep-2025 10:47:43 Europe/Zurich] 🔍 Test d'autorisation pour origin: 'http://localhost:3000'
[17-Sep-2025 10:47:43 Europe/Zurich] 📝 Origins autorisées: ["http:\/\/localhost:3007","http:\/\/localhost:3000","http:\/\/127.0.0.1:3000","http:\/\/localhost:3007","https:\/\/dev-facturation"]
[17-Sep-2025 10:47:43 Europe/Zurich] ✅ Origin autorisé: http://localhost:3000
[17-Sep-2025 10:47:43 Europe/Zurich] 📤 En-têtes CORS envoyés:
[17-Sep-2025 10:47:43 Europe/Zurich] - Methods: GET, POST, PUT, DELETE, OPTIONS
[17-Sep-2025 10:47:43 Europe/Zurich] - Headers: Content-Type, Authorization, X-Requested-With
[17-Sep-2025 10:47:43 Europe/Zurich] - Credentials: true
[17-Sep-2025 10:47:43 Europe/Zurich] paiement-api - Chargement de la configuration
[17-Sep-2025 10:47:43 Europe/Zurich] paiement-api - Méthode: GET
[17-Sep-2025 10:47:43 Europe/Zurich] paiement-api - URL complète: /fact-back/api/paiement-api.php?PHPSESSID=hk4tbv7mv7oti1bgm4jgvhcsfb&annee=2025&page=1&limit=50&statut=confirme&_ts=1758098863480
[17-Sep-2025 10:47:43 Europe/Zurich] paiement-api - Origin: http://localhost:3000
[17-Sep-2025 10:47:43 Europe/Zurich] paiement-api - Paramètres GET: {"PHPSESSID":"hk4tbv7mv7oti1bgm4jgvhcsfb","annee":"2025","page":"1","limit":"50","statut":"confirme","_ts":"1758098863480"}
[17-Sep-2025 10:47:43 Europe/Zurich] paiement-api - Session ID: hk4tbv7mv7oti1bgm4jgvhcsfb
[17-Sep-2025 10:47:43 Europe/Zurich] paiement-api - Session status: 2
[17-Sep-2025 10:47:43 Europe/Zurich] paiement-api - Session content: {"user_id":2,"user_name":"test_admin","user_role":"admin"}
[17-Sep-2025 10:47:43 Europe/Zurich] 🔍 paiement-api - Session initialisée par bootstrap.php
[17-Sep-2025 10:47:43 Europe/Zurich] paiement-api - Session trouvée - User ID: 2, Role: admin
[17-Sep-2025 10:47:43 Europe/Zurich] ✅ paiement-api - Accès autorisé pour utilisateur: 2 (role: admin)
[17-Sep-2025 10:47:43 Europe/Zurich] paiement-api - Méthode: GET
[17-Sep-2025 10:47:43 Europe/Zurich] paiement-api - Paramètres GET: {"PHPSESSID":"hk4tbv7mv7oti1bgm4jgvhcsfb","annee":"2025","page":"1","limit":"50","statut":"confirme","_ts":"1758098863480"}
[17-Sep-2025 10:47:43 Europe/Zurich] paiement-api - GET - Paramètres: {"PHPSESSID":"hk4tbv7mv7oti1bgm4jgvhcsfb","annee":"2025","page":"1","limit":"50","statut":"confirme","_ts":"1758098863480"} (user: 2)
[17-Sep-2025 10:47:43 Europe/Zurich] paiement-api - GET liste paiements avec options: {"annee":2025,"mois":null,"methode":null,"statut":"confirme","client_id":null,"id_facture":null,"page":1,"limit":50} (user: 2)
[17-Sep-2025 10:47:43 Europe/Zurich] PaiementControleur - Filtrage par statut: confirme
[17-Sep-2025 10:47:43 Europe/Zurich] paiement-api - Résultat liste paiements (nombre): N/A
[17-Sep-2025 10:47:59 Europe/Zurich] 🔑 client-api.php - Session ID forcé depuis URL: hk4tbv7mv7oti1bgm4jgvhcsfb
[17-Sep-2025 10:47:59 Europe/Zurich] 🔑 client-api.php - Session ID forcé depuis URL: hk4tbv7mv7oti1bgm4jgvhcsfb
[17-Sep-2025 10:47:59 Europe/Zurich] 🔍 Session cross-domain analysis :
[17-Sep-2025 10:47:59 Europe/Zurich] 🔍 Session cross-domain analysis :
[17-Sep-2025 10:47:59 Europe/Zurich] - HTTP_ORIGIN: http://localhost:3000
[17-Sep-2025 10:47:59 Europe/Zurich] - HTTP_ORIGIN: http://localhost:3000
[17-Sep-2025 10:47:59 Europe/Zurich] - HTTP_HOST: localhost
[17-Sep-2025 10:47:59 Europe/Zurich] - HTTP_HOST: localhost
[17-Sep-2025 10:47:59 Europe/Zurich] - Is cross-domain: YES
[17-Sep-2025 10:47:59 Europe/Zurich] - Is cross-domain: YES
[17-Sep-2025 10:47:59 Europe/Zurich] 🏠 Configuration same-domain appliquée
[17-Sep-2025 10:47:59 Europe/Zurich] 🏠 Configuration same-domain appliquée
[17-Sep-2025 10:47:59 Europe/Zurich] 🔧 Session cross-domain configurée - ID: hk4tbv7mv7oti1bgm4jgvhcsfb
[17-Sep-2025 10:47:59 Europe/Zurich] 🍪 Cookie params: {"lifetime":1800,"path":"\/","domain":"","secure":true,"httponly":false,"samesite":"None"}
[17-Sep-2025 10:47:59 Europe/Zurich] 🔑 client-api.php - Session ID forcé depuis URL: hk4tbv7mv7oti1bgm4jgvhcsfb
[17-Sep-2025 10:47:59 Europe/Zurich] 🔍 User en session: 2
[17-Sep-2025 10:47:59 Europe/Zurich] 🔍 Session cross-domain analysis :
[17-Sep-2025 10:47:59 Europe/Zurich] 🔧 Setup CORS - Début
[17-Sep-2025 10:47:59 Europe/Zurich] - HTTP_ORIGIN: http://localhost:3000
[17-Sep-2025 10:47:59 Europe/Zurich] - Mode: DÉVELOPPEMENT
[17-Sep-2025 10:47:59 Europe/Zurich] - HTTP_HOST: localhost
[17-Sep-2025 10:47:59 Europe/Zurich] - Origin reçu: http://localhost:3000
[17-Sep-2025 10:47:59 Europe/Zurich] 🔑 facture-api.php - Session ID forcé depuis URL: hk4tbv7mv7oti1bgm4jgvhcsfb
[17-Sep-2025 10:47:59 Europe/Zurich] 🔑 facture-api.php - Session ID forcé depuis URL: hk4tbv7mv7oti1bgm4jgvhcsfb
[17-Sep-2025 10:47:59 Europe/Zurich] - Is cross-domain: YES
[17-Sep-2025 10:47:59 Europe/Zurich] 🔍 Test d'autorisation pour origin: 'http://localhost:3000'
[17-Sep-2025 10:47:59 Europe/Zurich] 🔍 Session cross-domain analysis :
[17-Sep-2025 10:47:59 Europe/Zurich] 🔍 Session cross-domain analysis :
[17-Sep-2025 10:47:59 Europe/Zurich] 🏠 Configuration same-domain appliquée
[17-Sep-2025 10:47:59 Europe/Zurich] 📝 Origins autorisées: ["http:\/\/localhost:3007","http:\/\/localhost:3000","http:\/\/127.0.0.1:3000","http:\/\/localhost:3007","https:\/\/dev-facturation"]
[17-Sep-2025 10:47:59 Europe/Zurich] - HTTP_ORIGIN: http://localhost:3000
[17-Sep-2025 10:47:59 Europe/Zurich] - HTTP_ORIGIN: http://localhost:3000
[17-Sep-2025 10:47:59 Europe/Zurich] ✅ Origin autorisé: http://localhost:3000
[17-Sep-2025 10:47:59 Europe/Zurich] - HTTP_HOST: localhost
[17-Sep-2025 10:47:59 Europe/Zurich] - HTTP_HOST: localhost
[17-Sep-2025 10:47:59 Europe/Zurich] 📤 En-têtes CORS envoyés:
[17-Sep-2025 10:47:59 Europe/Zurich] - Is cross-domain: YES
[17-Sep-2025 10:47:59 Europe/Zurich] - Is cross-domain: YES
[17-Sep-2025 10:47:59 Europe/Zurich] - Methods: GET, POST, PUT, DELETE, OPTIONS
[17-Sep-2025 10:47:59 Europe/Zurich] 🏠 Configuration same-domain appliquée
[17-Sep-2025 10:47:59 Europe/Zurich] 🏠 Configuration same-domain appliquée
[17-Sep-2025 10:47:59 Europe/Zurich] - Headers: Content-Type, Authorization, X-Requested-With
[17-Sep-2025 10:47:59 Europe/Zurich] - Credentials: true
[17-Sep-2025 10:47:59 Europe/Zurich] 🔄 Requête OPTIONS (preflight) - Réponse immédiate
[17-Sep-2025 10:47:59 Europe/Zurich] 🔧 Session cross-domain configurée - ID: hk4tbv7mv7oti1bgm4jgvhcsfb
[17-Sep-2025 10:47:59 Europe/Zurich] 🍪 Cookie params: {"lifetime":1800,"path":"\/","domain":"","secure":true,"httponly":false,"samesite":"None"}
[17-Sep-2025 10:47:59 Europe/Zurich] 🔍 User en session: 2
[17-Sep-2025 10:47:59 Europe/Zurich] 🔧 Setup CORS - Début
[17-Sep-2025 10:47:59 Europe/Zurich] - Mode: DÉVELOPPEMENT
[17-Sep-2025 10:47:59 Europe/Zurich] - Origin reçu: http://localhost:3000
[17-Sep-2025 10:47:59 Europe/Zurich] 🔍 Test d'autorisation pour origin: 'http://localhost:3000'
[17-Sep-2025 10:47:59 Europe/Zurich] 📝 Origins autorisées: ["http:\/\/localhost:3007","http:\/\/localhost:3000","http:\/\/127.0.0.1:3000","http:\/\/localhost:3007","https:\/\/dev-facturation"]
[17-Sep-2025 10:47:59 Europe/Zurich] ✅ Origin autorisé: http://localhost:3000
[17-Sep-2025 10:47:59 Europe/Zurich] 📤 En-têtes CORS envoyés:
[17-Sep-2025 10:47:59 Europe/Zurich] - Methods: GET, POST, PUT, DELETE, OPTIONS
[17-Sep-2025 10:47:59 Europe/Zurich] - Headers: Content-Type, Authorization, X-Requested-With
[17-Sep-2025 10:47:59 Europe/Zurich] - Credentials: true
[17-Sep-2025 10:47:59 Europe/Zurich] 🔑 parametre-api.php - Session ID forcé depuis URL: hk4tbv7mv7oti1bgm4jgvhcsfb
[17-Sep-2025 10:47:59 Europe/Zurich] 🔄 Requête OPTIONS (preflight) - Réponse immédiate
[17-Sep-2025 10:47:59 Europe/Zurich] 🔍 Session cross-domain analysis :
[17-Sep-2025 10:47:59 Europe/Zurich] - HTTP_ORIGIN: http://localhost:3000
[17-Sep-2025 10:47:59 Europe/Zurich] 🔧 Session cross-domain configurée - ID: hk4tbv7mv7oti1bgm4jgvhcsfb
[17-Sep-2025 10:47:59 Europe/Zurich] - HTTP_HOST: localhost
[17-Sep-2025 10:47:59 Europe/Zurich] 🍪 Cookie params: {"lifetime":1800,"path":"\/","domain":"","secure":true,"httponly":false,"samesite":"None"}
[17-Sep-2025 10:47:59 Europe/Zurich] - Is cross-domain: YES
[17-Sep-2025 10:47:59 Europe/Zurich] 🔍 User en session: 2
[17-Sep-2025 10:47:59 Europe/Zurich] 🏠 Configuration same-domain appliquée
[17-Sep-2025 10:47:59 Europe/Zurich] 🔧 Setup CORS - Début
[17-Sep-2025 10:47:59 Europe/Zurich] - Mode: DÉVELOPPEMENT
[17-Sep-2025 10:47:59 Europe/Zurich] - Origin reçu: http://localhost:3000
[17-Sep-2025 10:47:59 Europe/Zurich] 🔍 Test d'autorisation pour origin: 'http://localhost:3000'
[17-Sep-2025 10:47:59 Europe/Zurich] 📝 Origins autorisées: ["http:\/\/localhost:3007","http:\/\/localhost:3000","http:\/\/127.0.0.1:3000","http:\/\/localhost:3007","https:\/\/dev-facturation"]
[17-Sep-2025 10:47:59 Europe/Zurich] ✅ Origin autorisé: http://localhost:3000
[17-Sep-2025 10:47:59 Europe/Zurich] 📤 En-têtes CORS envoyés:
[17-Sep-2025 10:47:59 Europe/Zurich] - Methods: GET, POST, PUT, DELETE, OPTIONS
[17-Sep-2025 10:47:59 Europe/Zurich] - Headers: Content-Type, Authorization, X-Requested-With
[17-Sep-2025 10:47:59 Europe/Zurich] - Credentials: true
[17-Sep-2025 10:47:59 Europe/Zurich] 🔄 Requête OPTIONS (preflight) - Réponse immédiate
[17-Sep-2025 10:47:59 Europe/Zurich] 🔧 Session cross-domain configurée - ID: hk4tbv7mv7oti1bgm4jgvhcsfb
[17-Sep-2025 10:47:59 Europe/Zurich] 🍪 Cookie params: {"lifetime":1800,"path":"\/","domain":"","secure":true,"httponly":false,"samesite":"None"}
[17-Sep-2025 10:47:59 Europe/Zurich] 🔍 User en session: 2
[17-Sep-2025 10:47:59 Europe/Zurich] 🔧 Setup CORS - Début
[17-Sep-2025 10:47:59 Europe/Zurich] - Mode: DÉVELOPPEMENT
[17-Sep-2025 10:47:59 Europe/Zurich] - Origin reçu: http://localhost:3000
[17-Sep-2025 10:47:59 Europe/Zurich] 🔍 Test d'autorisation pour origin: 'http://localhost:3000'
[17-Sep-2025 10:47:59 Europe/Zurich] 📝 Origins autorisées: ["http:\/\/localhost:3007","http:\/\/localhost:3000","http:\/\/127.0.0.1:3000","http:\/\/localhost:3007","https:\/\/dev-facturation"]
[17-Sep-2025 10:47:59 Europe/Zurich] ✅ Origin autorisé: http://localhost:3000
[17-Sep-2025 10:47:59 Europe/Zurich] 📤 En-têtes CORS envoyés:
[17-Sep-2025 10:47:59 Europe/Zurich] - Methods: GET, POST, PUT, DELETE, OPTIONS
[17-Sep-2025 10:47:59 Europe/Zurich] - Headers: Content-Type, Authorization, X-Requested-With
[17-Sep-2025 10:47:59 Europe/Zurich] - Credentials: true
[17-Sep-2025 10:47:59 Europe/Zurich] 🔄 Requête OPTIONS (preflight) - Réponse immédiate
[17-Sep-2025 10:47:59 Europe/Zurich] 🔧 Session cross-domain configurée - ID: hk4tbv7mv7oti1bgm4jgvhcsfb
[17-Sep-2025 10:47:59 Europe/Zurich] 🍪 Cookie params: {"lifetime":1800,"path":"\/","domain":"","secure":true,"httponly":false,"samesite":"None"}
[17-Sep-2025 10:47:59 Europe/Zurich] 🔍 User en session: 2
[17-Sep-2025 10:47:59 Europe/Zurich] 🔧 Setup CORS - Début
[17-Sep-2025 10:47:59 Europe/Zurich] - Mode: DÉVELOPPEMENT
[17-Sep-2025 10:47:59 Europe/Zurich] - Origin reçu: http://localhost:3000
[17-Sep-2025 10:47:59 Europe/Zurich] 🔍 Test d'autorisation pour origin: 'http://localhost:3000'
[17-Sep-2025 10:47:59 Europe/Zurich] 📝 Origins autorisées: ["http:\/\/localhost:3007","http:\/\/localhost:3000","http:\/\/127.0.0.1:3000","http:\/\/localhost:3007","https:\/\/dev-facturation"]
[17-Sep-2025 10:47:59 Europe/Zurich] ✅ Origin autorisé: http://localhost:3000
[17-Sep-2025 10:47:59 Europe/Zurich] 📤 En-têtes CORS envoyés:
[17-Sep-2025 10:47:59 Europe/Zurich] - Methods: GET, POST, PUT, DELETE, OPTIONS
[17-Sep-2025 10:47:59 Europe/Zurich] - Headers: Content-Type, Authorization, X-Requested-With
[17-Sep-2025 10:47:59 Europe/Zurich] - Credentials: true
[17-Sep-2025 10:47:59 Europe/Zurich] 🔄 Requête OPTIONS (preflight) - Réponse immédiate
[17-Sep-2025 10:47:59 Europe/Zurich] 🔧 Session cross-domain configurée - ID: hk4tbv7mv7oti1bgm4jgvhcsfb
[17-Sep-2025 10:47:59 Europe/Zurich] 🍪 Cookie params: {"lifetime":1800,"path":"\/","domain":"","secure":true,"httponly":false,"samesite":"None"}
[17-Sep-2025 10:47:59 Europe/Zurich] 🔍 User en session: 2
[17-Sep-2025 10:47:59 Europe/Zurich] 🔧 Setup CORS - Début
[17-Sep-2025 10:47:59 Europe/Zurich] - Mode: DÉVELOPPEMENT
[17-Sep-2025 10:47:59 Europe/Zurich] - Origin reçu: http://localhost:3000
[17-Sep-2025 10:47:59 Europe/Zurich] 🔍 Test d'autorisation pour origin: 'http://localhost:3000'
[17-Sep-2025 10:47:59 Europe/Zurich] 📝 Origins autorisées: ["http:\/\/localhost:3007","http:\/\/localhost:3000","http:\/\/127.0.0.1:3000","http:\/\/localhost:3007","https:\/\/dev-facturation"]
[17-Sep-2025 10:47:59 Europe/Zurich] ✅ Origin autorisé: http://localhost:3000
[17-Sep-2025 10:47:59 Europe/Zurich] 📤 En-têtes CORS envoyés:
[17-Sep-2025 10:47:59 Europe/Zurich] - Methods: GET, POST, PUT, DELETE, OPTIONS
[17-Sep-2025 10:47:59 Europe/Zurich] - Headers: Content-Type, Authorization, X-Requested-With
[17-Sep-2025 10:47:59 Europe/Zurich] - Credentials: true
[17-Sep-2025 10:47:59 Europe/Zurich] 🔄 Requête OPTIONS (preflight) - Réponse immédiate
[17-Sep-2025 10:47:59 Europe/Zurich] 🔑 parametre-api.php - Session ID forcé depuis URL: hk4tbv7mv7oti1bgm4jgvhcsfb
[17-Sep-2025 10:47:59 Europe/Zurich] 🔍 Session cross-domain analysis :
[17-Sep-2025 10:47:59 Europe/Zurich] - HTTP_ORIGIN: http://localhost:3000
[17-Sep-2025 10:47:59 Europe/Zurich] - HTTP_HOST: localhost
[17-Sep-2025 10:47:59 Europe/Zurich] - Is cross-domain: YES
[17-Sep-2025 10:47:59 Europe/Zurich] 🏠 Configuration same-domain appliquée
[17-Sep-2025 10:47:59 Europe/Zurich] 🔧 Session cross-domain configurée - ID: hk4tbv7mv7oti1bgm4jgvhcsfb
[17-Sep-2025 10:47:59 Europe/Zurich] 🍪 Cookie params: {"lifetime":1800,"path":"\/","domain":"","secure":true,"httponly":false,"samesite":"None"}
[17-Sep-2025 10:47:59 Europe/Zurich] 🔍 User en session: 2
[17-Sep-2025 10:47:59 Europe/Zurich] 🔧 Setup CORS - Début
[17-Sep-2025 10:47:59 Europe/Zurich] - Mode: DÉVELOPPEMENT
[17-Sep-2025 10:47:59 Europe/Zurich] 🔑 client-api.php - Session ID forcé depuis URL: hk4tbv7mv7oti1bgm4jgvhcsfb
[17-Sep-2025 10:47:59 Europe/Zurich] - Origin reçu: http://localhost:3000
[17-Sep-2025 10:47:59 Europe/Zurich] 🔍 Session cross-domain analysis :
[17-Sep-2025 10:47:59 Europe/Zurich] 🔍 Test d'autorisation pour origin: 'http://localhost:3000'
[17-Sep-2025 10:47:59 Europe/Zurich] - HTTP_ORIGIN: http://localhost:3000
[17-Sep-2025 10:47:59 Europe/Zurich] 📝 Origins autorisées: ["http:\/\/localhost:3007","http:\/\/localhost:3000","http:\/\/127.0.0.1:3000","http:\/\/localhost:3007","https:\/\/dev-facturation"]
[17-Sep-2025 10:47:59 Europe/Zurich] - HTTP_HOST: localhost
[17-Sep-2025 10:47:59 Europe/Zurich] ✅ Origin autorisé: http://localhost:3000
[17-Sep-2025 10:47:59 Europe/Zurich] - Is cross-domain: YES
[17-Sep-2025 10:47:59 Europe/Zurich] 📤 En-têtes CORS envoyés:
[17-Sep-2025 10:47:59 Europe/Zurich] 🏠 Configuration same-domain appliquée
[17-Sep-2025 10:47:59 Europe/Zurich] - Methods: GET, POST, PUT, DELETE, OPTIONS
[17-Sep-2025 10:47:59 Europe/Zurich] - Headers: Content-Type, Authorization, X-Requested-With
[17-Sep-2025 10:47:59 Europe/Zurich] - Credentials: true
[17-Sep-2025 10:47:59 Europe/Zurich] 🔄 Requête OPTIONS (preflight) - Réponse immédiate
[17-Sep-2025 10:47:59 Europe/Zurich] 🔧 Session cross-domain configurée - ID: hk4tbv7mv7oti1bgm4jgvhcsfb
[17-Sep-2025 10:47:59 Europe/Zurich] 🍪 Cookie params: {"lifetime":1800,"path":"\/","domain":"","secure":true,"httponly":false,"samesite":"None"}
[17-Sep-2025 10:47:59 Europe/Zurich] 🔍 User en session: 2
[17-Sep-2025 10:47:59 Europe/Zurich] 🔧 Setup CORS - Début
[17-Sep-2025 10:47:59 Europe/Zurich] - Mode: DÉVELOPPEMENT
[17-Sep-2025 10:47:59 Europe/Zurich] - Origin reçu: http://localhost:3000
[17-Sep-2025 10:47:59 Europe/Zurich] 🔍 Test d'autorisation pour origin: 'http://localhost:3000'
[17-Sep-2025 10:47:59 Europe/Zurich] 📝 Origins autorisées: ["http:\/\/localhost:3007","http:\/\/localhost:3000","http:\/\/127.0.0.1:3000","http:\/\/localhost:3007","https:\/\/dev-facturation"]
[17-Sep-2025 10:47:59 Europe/Zurich] ✅ Origin autorisé: http://localhost:3000
[17-Sep-2025 10:47:59 Europe/Zurich] 🔑 client-api.php - Session ID forcé depuis URL: hk4tbv7mv7oti1bgm4jgvhcsfb
[17-Sep-2025 10:47:59 Europe/Zurich] 📤 En-têtes CORS envoyés:
[17-Sep-2025 10:47:59 Europe/Zurich] 🔍 Session cross-domain analysis :
[17-Sep-2025 10:47:59 Europe/Zurich] - Methods: GET, POST, PUT, DELETE, OPTIONS
[17-Sep-2025 10:47:59 Europe/Zurich] - HTTP_ORIGIN: http://localhost:3000
[17-Sep-2025 10:47:59 Europe/Zurich] - Headers: Content-Type, Authorization, X-Requested-With
[17-Sep-2025 10:47:59 Europe/Zurich] 🔑 client-api.php - Session ID forcé depuis URL: hk4tbv7mv7oti1bgm4jgvhcsfb
[17-Sep-2025 10:47:59 Europe/Zurich] - HTTP_HOST: localhost
[17-Sep-2025 10:47:59 Europe/Zurich] 🔑 facture-api.php - Session ID forcé depuis URL: hk4tbv7mv7oti1bgm4jgvhcsfb
[17-Sep-2025 10:47:59 Europe/Zurich] - Credentials: true
[17-Sep-2025 10:47:59 Europe/Zurich] 🔍 Session cross-domain analysis :
[17-Sep-2025 10:47:59 Europe/Zurich] 🔑 client-api.php - Session ID forcé depuis URL: hk4tbv7mv7oti1bgm4jgvhcsfb
[17-Sep-2025 10:47:59 Europe/Zurich] - Is cross-domain: YES
[17-Sep-2025 10:47:59 Europe/Zurich] 🔍 Session cross-domain analysis :
[17-Sep-2025 10:47:59 Europe/Zurich] 🔄 Requête OPTIONS (preflight) - Réponse immédiate
[17-Sep-2025 10:47:59 Europe/Zurich] - HTTP_ORIGIN: http://localhost:3000
[17-Sep-2025 10:47:59 Europe/Zurich] 🔍 Session cross-domain analysis :
[17-Sep-2025 10:47:59 Europe/Zurich] 🏠 Configuration same-domain appliquée
[17-Sep-2025 10:47:59 Europe/Zurich] - HTTP_ORIGIN: http://localhost:3000
[17-Sep-2025 10:47:59 Europe/Zurich] - HTTP_HOST: localhost
[17-Sep-2025 10:47:59 Europe/Zurich] 🔑 parametre-api.php - Session ID forcé depuis URL: hk4tbv7mv7oti1bgm4jgvhcsfb
[17-Sep-2025 10:47:59 Europe/Zurich] - HTTP_ORIGIN: http://localhost:3000
[17-Sep-2025 10:47:59 Europe/Zurich] - HTTP_HOST: localhost
[17-Sep-2025 10:47:59 Europe/Zurich] - Is cross-domain: YES
[17-Sep-2025 10:47:59 Europe/Zurich] 🔍 Session cross-domain analysis :
[17-Sep-2025 10:47:59 Europe/Zurich] 🔧 Session cross-domain configurée - ID: hk4tbv7mv7oti1bgm4jgvhcsfb
[17-Sep-2025 10:47:59 Europe/Zurich] - HTTP_HOST: localhost
[17-Sep-2025 10:47:59 Europe/Zurich] - Is cross-domain: YES
[17-Sep-2025 10:47:59 Europe/Zurich] 🏠 Configuration same-domain appliquée
[17-Sep-2025 10:47:59 Europe/Zurich] - HTTP_ORIGIN: http://localhost:3000
[17-Sep-2025 10:47:59 Europe/Zurich] 🍪 Cookie params: {"lifetime":1800,"path":"\/","domain":"","secure":true,"httponly":false,"samesite":"None"}
[17-Sep-2025 10:47:59 Europe/Zurich] - Is cross-domain: YES
[17-Sep-2025 10:47:59 Europe/Zurich] 🏠 Configuration same-domain appliquée
[17-Sep-2025 10:47:59 Europe/Zurich] - HTTP_HOST: localhost
[17-Sep-2025 10:47:59 Europe/Zurich] 🏠 Configuration same-domain appliquée
[17-Sep-2025 10:47:59 Europe/Zurich] 🔍 User en session: 2
[17-Sep-2025 10:47:59 Europe/Zurich] - Is cross-domain: YES
[17-Sep-2025 10:47:59 Europe/Zurich] 🔧 Setup CORS - Début
[17-Sep-2025 10:47:59 Europe/Zurich] 🏠 Configuration same-domain appliquée
[17-Sep-2025 10:47:59 Europe/Zurich] - Mode: DÉVELOPPEMENT
[17-Sep-2025 10:47:59 Europe/Zurich] - Origin reçu: http://localhost:3000
[17-Sep-2025 10:47:59 Europe/Zurich] 🔍 Test d'autorisation pour origin: 'http://localhost:3000'
[17-Sep-2025 10:47:59 Europe/Zurich] 📝 Origins autorisées: ["http:\/\/localhost:3007","http:\/\/localhost:3000","http:\/\/127.0.0.1:3000","http:\/\/localhost:3007","https:\/\/dev-facturation"]
[17-Sep-2025 10:47:59 Europe/Zurich] ✅ Origin autorisé: http://localhost:3000
[17-Sep-2025 10:47:59 Europe/Zurich] 📤 En-têtes CORS envoyés:
[17-Sep-2025 10:47:59 Europe/Zurich] - Methods: GET, POST, PUT, DELETE, OPTIONS
[17-Sep-2025 10:47:59 Europe/Zurich] - Headers: Content-Type, Authorization, X-Requested-With
[17-Sep-2025 10:47:59 Europe/Zurich] - Credentials: true
[17-Sep-2025 10:47:59 Europe/Zurich] client-api - Chargement de la configuration
[17-Sep-2025 10:47:59 Europe/Zurich] 🔑 facture-api.php - Session ID forcé depuis URL: hk4tbv7mv7oti1bgm4jgvhcsfb
[17-Sep-2025 10:47:59 Europe/Zurich] 🔍 Session cross-domain analysis :
[17-Sep-2025 10:47:59 Europe/Zurich] - HTTP_ORIGIN: http://localhost:3000
[17-Sep-2025 10:47:59 Europe/Zurich] - HTTP_HOST: localhost
[17-Sep-2025 10:47:59 Europe/Zurich] - Is cross-domain: YES
[17-Sep-2025 10:47:59 Europe/Zurich] 🏠 Configuration same-domain appliquée
[17-Sep-2025 10:47:59 Europe/Zurich] client-api - Méthode: GET
[17-Sep-2025 10:47:59 Europe/Zurich] client-api - URL complète: /fact-back/api/client-api.php?PHPSESSID=hk4tbv7mv7oti1bgm4jgvhcsfb&_ts=1758098879402
[17-Sep-2025 10:47:59 Europe/Zurich] client-api - Origin: http://localhost:3000
[17-Sep-2025 10:47:59 Europe/Zurich] client-api - Paramètres GET: {"PHPSESSID":"hk4tbv7mv7oti1bgm4jgvhcsfb","_ts":"1758098879402"}
[17-Sep-2025 10:47:59 Europe/Zurich] client-api - Session ID: hk4tbv7mv7oti1bgm4jgvhcsfb
[17-Sep-2025 10:47:59 Europe/Zurich] client-api - Session status: 2
[17-Sep-2025 10:47:59 Europe/Zurich] client-api - Session content: {"user_id":2,"user_name":"test_admin","user_role":"admin"}
[17-Sep-2025 10:47:59 Europe/Zurich] 🔍 client-api - Session initialisée par bootstrap.php
[17-Sep-2025 10:47:59 Europe/Zurich] client-api - Session trouvée - User ID: 2, Role: admin
[17-Sep-2025 10:47:59 Europe/Zurich] client-api - Session keys: ["user_id","user_name","user_role"]
[17-Sep-2025 10:47:59 Europe/Zurich] client-api - Cookies reçues: {"PHPSESSID":"hk4tbv7mv7oti1bgm4jgvhcsfb"}
[17-Sep-2025 10:47:59 Europe/Zurich] client-api - Méthode: GET
[17-Sep-2025 10:47:59 Europe/Zurich] client-api - Paramètres GET: {"PHPSESSID":"hk4tbv7mv7oti1bgm4jgvhcsfb","_ts":"1758098879402"}
[17-Sep-2025 10:47:59 Europe/Zurich] ✅ client-api - Accès autorisé pour utilisateur: 2 (role: admin)
[17-Sep-2025 10:47:59 Europe/Zurich] client-api - Méthode: GET
[17-Sep-2025 10:47:59 Europe/Zurich] client-api - Paramètres GET: {"PHPSESSID":"hk4tbv7mv7oti1bgm4jgvhcsfb","_ts":"1758098879402"}
[17-Sep-2025 10:47:59 Europe/Zurich] client-api - Traitement GET pour client
[17-Sep-2025 10:47:59 Europe/Zurich] client-api - Paramètres GET: {"PHPSESSID":"hk4tbv7mv7oti1bgm4jgvhcsfb","_ts":"1758098879402"}
[17-Sep-2025 10:47:59 Europe/Zurich] client-api - GET ID: Aucun ID fourni
[17-Sep-2025 10:47:59 Europe/Zurich] client-api - GET checkFactures: Aucun paramètre checkFactures
[17-Sep-2025 10:47:59 Europe/Zurich] client-api - Récupération liste clients (page: 1, limit: 50) pour user: 2
[17-Sep-2025 10:47:59 Europe/Zurich] 🔧 Session cross-domain configurée - ID: hk4tbv7mv7oti1bgm4jgvhcsfb
[17-Sep-2025 10:47:59 Europe/Zurich] 🍪 Cookie params: {"lifetime":1800,"path":"\/","domain":"","secure":true,"httponly":false,"samesite":"None"}
[17-Sep-2025 10:47:59 Europe/Zurich] 🔍 User en session: 2
[17-Sep-2025 10:47:59 Europe/Zurich] 🔧 Setup CORS - Début
[17-Sep-2025 10:47:59 Europe/Zurich] - Mode: DÉVELOPPEMENT
[17-Sep-2025 10:47:59 Europe/Zurich] - Origin reçu: http://localhost:3000
[17-Sep-2025 10:47:59 Europe/Zurich] 🔍 Test d'autorisation pour origin: 'http://localhost:3000'
[17-Sep-2025 10:47:59 Europe/Zurich] 📝 Origins autorisées: ["http:\/\/localhost:3007","http:\/\/localhost:3000","http:\/\/127.0.0.1:3000","http:\/\/localhost:3007","https:\/\/dev-facturation"]
[17-Sep-2025 10:47:59 Europe/Zurich] ✅ Origin autorisé: http://localhost:3000
[17-Sep-2025 10:47:59 Europe/Zurich] 📤 En-têtes CORS envoyés:
[17-Sep-2025 10:47:59 Europe/Zurich] - Methods: GET, POST, PUT, DELETE, OPTIONS
[17-Sep-2025 10:47:59 Europe/Zurich] - Headers: Content-Type, Authorization, X-Requested-With
[17-Sep-2025 10:47:59 Europe/Zurich] - Credentials: true
[17-Sep-2025 10:47:59 Europe/Zurich] client-api - Chargement de la configuration
[17-Sep-2025 10:47:59 Europe/Zurich] client-api - Méthode: GET
[17-Sep-2025 10:47:59 Europe/Zurich] client-api - URL complète: /fact-back/api/client-api.php?PHPSESSID=hk4tbv7mv7oti1bgm4jgvhcsfb&_ts=1758098879403
[17-Sep-2025 10:47:59 Europe/Zurich] client-api - Origin: http://localhost:3000
[17-Sep-2025 10:47:59 Europe/Zurich] client-api - Paramètres GET: {"PHPSESSID":"hk4tbv7mv7oti1bgm4jgvhcsfb","_ts":"1758098879403"}
[17-Sep-2025 10:47:59 Europe/Zurich] client-api - Session ID: hk4tbv7mv7oti1bgm4jgvhcsfb
[17-Sep-2025 10:47:59 Europe/Zurich] client-api - Session status: 2
[17-Sep-2025 10:47:59 Europe/Zurich] client-api - Session content: {"user_id":2,"user_name":"test_admin","user_role":"admin"}
[17-Sep-2025 10:47:59 Europe/Zurich] 🔍 client-api - Session initialisée par bootstrap.php
[17-Sep-2025 10:47:59 Europe/Zurich] client-api - Session trouvée - User ID: 2, Role: admin
[17-Sep-2025 10:47:59 Europe/Zurich] client-api - Session keys: ["user_id","user_name","user_role"]
[17-Sep-2025 10:47:59 Europe/Zurich] client-api - Cookies reçues: {"PHPSESSID":"hk4tbv7mv7oti1bgm4jgvhcsfb"}
[17-Sep-2025 10:47:59 Europe/Zurich] client-api - Méthode: GET
[17-Sep-2025 10:47:59 Europe/Zurich] client-api - Paramètres GET: {"PHPSESSID":"hk4tbv7mv7oti1bgm4jgvhcsfb","_ts":"1758098879403"}
[17-Sep-2025 10:47:59 Europe/Zurich] ✅ client-api - Accès autorisé pour utilisateur: 2 (role: admin)
[17-Sep-2025 10:47:59 Europe/Zurich] client-api - Méthode: GET
[17-Sep-2025 10:47:59 Europe/Zurich] client-api - Paramètres GET: {"PHPSESSID":"hk4tbv7mv7oti1bgm4jgvhcsfb","_ts":"1758098879403"}
[17-Sep-2025 10:47:59 Europe/Zurich] client-api - Traitement GET pour client
[17-Sep-2025 10:47:59 Europe/Zurich] client-api - Paramètres GET: {"PHPSESSID":"hk4tbv7mv7oti1bgm4jgvhcsfb","_ts":"1758098879403"}
[17-Sep-2025 10:47:59 Europe/Zurich] client-api - GET ID: Aucun ID fourni
[17-Sep-2025 10:47:59 Europe/Zurich] client-api - GET checkFactures: Aucun paramètre checkFactures
[17-Sep-2025 10:47:59 Europe/Zurich] client-api - Récupération liste clients (page: 1, limit: 50) pour user: 2
[17-Sep-2025 10:47:59 Europe/Zurich] 🔧 Session cross-domain configurée - ID: hk4tbv7mv7oti1bgm4jgvhcsfb
[17-Sep-2025 10:48:00 Europe/Zurich] 🍪 Cookie params: {"lifetime":1800,"path":"\/","domain":"","secure":true,"httponly":false,"samesite":"None"}
[17-Sep-2025 10:48:00 Europe/Zurich] 🔍 User en session: 2
[17-Sep-2025 10:48:00 Europe/Zurich] 🔧 Setup CORS - Début
[17-Sep-2025 10:48:00 Europe/Zurich] - Mode: DÉVELOPPEMENT
[17-Sep-2025 10:48:00 Europe/Zurich] - Origin reçu: http://localhost:3000
[17-Sep-2025 10:48:00 Europe/Zurich] 🔍 Test d'autorisation pour origin: 'http://localhost:3000'
[17-Sep-2025 10:48:00 Europe/Zurich] 📝 Origins autorisées: ["http:\/\/localhost:3007","http:\/\/localhost:3000","http:\/\/127.0.0.1:3000","http:\/\/localhost:3007","https:\/\/dev-facturation"]
[17-Sep-2025 10:48:00 Europe/Zurich] ✅ Origin autorisé: http://localhost:3000
[17-Sep-2025 10:48:00 Europe/Zurich] 📤 En-têtes CORS envoyés:
[17-Sep-2025 10:48:00 Europe/Zurich] - Methods: GET, POST, PUT, DELETE, OPTIONS
[17-Sep-2025 10:48:00 Europe/Zurich] - Headers: Content-Type, Authorization, X-Requested-With
[17-Sep-2025 10:48:00 Europe/Zurich] - Credentials: true
[17-Sep-2025 10:48:00 Europe/Zurich] facture-api - Chargement de la configuration
[17-Sep-2025 10:48:00 Europe/Zurich] facture-api - Méthode: GET
[17-Sep-2025 10:48:00 Europe/Zurich] facture-api - URL complète: /fact-back/api/facture-api.php?PHPSESSID=hk4tbv7mv7oti1bgm4jgvhcsfb&annee=2025&_ts=1758098879400
[17-Sep-2025 10:48:00 Europe/Zurich] facture-api - Origin: http://localhost:3000
[17-Sep-2025 10:48:00 Europe/Zurich] facture-api - Paramètres GET: {"PHPSESSID":"hk4tbv7mv7oti1bgm4jgvhcsfb","annee":"2025","_ts":"1758098879400"}
[17-Sep-2025 10:48:00 Europe/Zurich] facture-api - Session ID: hk4tbv7mv7oti1bgm4jgvhcsfb
[17-Sep-2025 10:48:00 Europe/Zurich] facture-api - Session status: 2
[17-Sep-2025 10:48:00 Europe/Zurich] facture-api - Session content: {"user_id":2,"user_name":"test_admin","user_role":"admin"}
[17-Sep-2025 10:48:00 Europe/Zurich] 🔍 facture-api - Session initialisée par bootstrap.php
[17-Sep-2025 10:48:00 Europe/Zurich] facture-api - Session trouvée - User ID: 2, Role: admin
[17-Sep-2025 10:48:00 Europe/Zurich] ✅ facture-api - Accès autorisé pour utilisateur: 2 (role: admin)
[17-Sep-2025 10:48:00 Europe/Zurich] facture-api - Méthode: GET
[17-Sep-2025 10:48:00 Europe/Zurich] facture-api - Paramètres GET: {"PHPSESSID":"hk4tbv7mv7oti1bgm4jgvhcsfb","annee":"2025","_ts":"1758098879400"}
[17-Sep-2025 10:48:00 Europe/Zurich] facture-api - GET - Paramètres: {"PHPSESSID":"hk4tbv7mv7oti1bgm4jgvhcsfb","annee":"2025","_ts":"1758098879400"} (user: 2)
[17-Sep-2025 10:48:00 Europe/Zurich] facture-api - GET liste factures avec options: {"annee":2025,"page":1,"limit":50} (user: 2)
[17-Sep-2025 10:48:00 Europe/Zurich] facture-api - Résultat liste factures: {"success":true,"factures":[{"id_facture":75,"numero_facture":"063.2025","date_facture":"2025-09-16","montant_total":"5010.00","id_client":5,"date_edition":"2025-09-16 11:41:34","factfilename":null,"date_envoi":null,"date_paiement":null,"date_dernier_paiement":null,"montant_paye":"0.00","montant_paye_total":"0.00","montant_restant":"0.00","nb_paiements":0,"date_annulation":null,"etat":"En attente","ristourne":"0.00","nom":"C\u00e9sar","prenom":"Jules","email":"jules.cesar@rome.com"},{"id_facture":71,"numero_facture":"059.2025","date_facture":"2025-09-14","montant_total":"5010.00","id_client":5,"date_edition":"2025-09-16 11:39:39","factfilename":"facture_059.2025_Jules_Cesar_20250916_113939.pdf","date_envoi":null,"date_paiement":null,"date_dernier_paiement":null,"montant_paye":"0.00","montant_paye_total":"0.00","montant_restant":"0.00","nb_paiements":0,"date_annulation":null,"etat":"\u00c9dit\u00e9e","ristourne":"0.00","nom":"C\u00e9sar","prenom":"Jules","email":"jules.cesar@rome.com"},{"id_facture":72,"numero_facture":"060.2025","date_facture":"2025-09-14","montant_total":"510.00","id_client":5,"date_edition":"2025-09-14 13:04:14","factfilename":"facture_060.2025_Jules_Cesar_20250914_130413.pdf","date_envoi":null,"date_paiement":null,"date_dernier_paiement":null,"montant_paye":"0.00","montant_paye_total":"0.00","montant_restant":"0.00","nb_paiements":0,"date_annulation":"2025-09-14","etat":"Annul\u00e9e","ristourne":"0.00","nom":"C\u00e9sar","prenom":"Jules","email":"jules.cesar@rome.com"},{"id_facture":74,"numero_facture":"062.2025","date_facture":"2025-09-14","montant_total":"1830.00","id_client":5,"date_edition":"2025-09-14 10:56:50","factfilename":"facture_062.2025_Jules_Cesar_20250914_105649.pdf","date_envoi":null,"date_paiement":null,"date_dernier_paiement":null,"montant_paye":"0.00","montant_paye_total":"0.00","montant_restant":"0.00","nb_paiements":0,"date_annulation":null,"etat":"\u00c9dit\u00e9e","ristourne":"0.00","nom":"C\u00e9sar","prenom":"Jules","email":"jules.cesar@rome.com"},{"id_facture":69,"numero_facture":"057.2025","date_facture":"2025-09-14","montant_total":"510.00","id_client":5,"date_edition":"2025-09-14 02:18:40","factfilename":null,"date_envoi":null,"date_paiement":null,"date_dernier_paiement":null,"montant_paye":"0.00","montant_paye_total":"0.00","montant_restant":"0.00","nb_paiements":0,"date_annulation":null,"etat":"En attente","ristourne":"0.00","nom":"C\u00e9sar","prenom":"Jules","email":"jules.cesar@rome.com"},{"id_facture":70,"numero_facture":"058.2025","date_facture":"2025-09-14","montant_total":"510.00","id_client":5,"date_edition":"2025-09-14 02:22:20","factfilename":null,"date_envoi":null,"date_paiement":null,"date_dernier_paiement":null,"montant_paye":"0.00","montant_paye_total":"0.00","montant_restant":"0.00","nb_paiements":0,"date_annulation":null,"etat":"En attente","ristourne":"0.00","nom":"C\u00e9sar","prenom":"Jules","email":"jules.cesar@rome.com"},{"id_facture":60,"numero_facture":"050.2025","date_facture":"2025-08-08","montant_total":"90.00","id_client":5,"date_edition":"2025-08-08 09:26:14","factfilename":null,"date_envoi":null,"date_paiement":null,"date_dernier_paiement":null,"montant_paye":"0.00","montant_paye_total":"0.00","montant_restant":"0.00","nb_paiements":0,"date_annulation":null,"etat":"En attente","ristourne":"0.00","nom":"C\u00e9sar","prenom":"Jules","email":"jules.cesar@rome.com"},{"id_facture":63,"numero_facture":"053.2025","date_facture":"2025-08-08","montant_total":"30.00","id_client":15,"date_edition":"2025-09-12 07:56:55","factfilename":"facture_053.2025_Eleonore_Dubois_20250912_075655.pdf","date_envoi":null,"date_paiement":null,"date_dernier_paiement":null,"montant_paye":"0.00","montant_paye_total":"0.00","montant_restant":"0.00","nb_paiements":0,"date_annulation":null,"etat":"\u00c9dit\u00e9e","ristourne":"0.00","nom":"Dubois","prenom":"\u00c9l\u00e9onore","email":"eleonore.dubois@example.ch"},{"id_facture":64,"numero_facture":"054.2025","date_facture":"2025-08-08","montant_total":"210.00","id_client":15,"date_edition":"2025-09-13 18:48:31","factfilename":"facture_054.2025_Eleonore_Dubois_20250913_184831.pdf","date_envoi":null,"date_paiement":null,"date_dernier_paiement":null,"montant_paye":"0.00","montant_paye_total":"0.00","montant_restant":"0.00","nb_paiements":0,"date_annulation":null,"etat":"\u00c9dit\u00e9e","ristourne":"0.00","nom":"Dubois","prenom":"\u00c9l\u00e9onore","email":"eleonore.dubois@example.ch"},{"id_facture":65,"numero_facture":"055.2025","date_facture":"2025-08-08","montant_total":"120.00","id_client":15,"date_edition":"2025-09-08 08:10:41","factfilename":"facture_055.2025_Eleonore_Dubois_20250908_081041.pdf","date_envoi":"2025-08-08","date_paiement":null,"date_dernier_paiement":null,"montant_paye":"120.00","montant_paye_total":"0.00","montant_restant":"120.00","nb_paiements":0,"date_annulation":null,"etat":"Envoy\u00e9e","ristourne":"0.00","nom":"Dubois","prenom":"\u00c9l\u00e9onore","email":"eleonore.dubois@example.ch"},{"id_facture":66,"numero_facture":"056.2025","date_facture":"2025-08-05","montant_total":"510.00","id_client":5,"date_edition":"2025-09-13 18:48:51","factfilename":"facture_056.2025_Jules_Cesar_20250913_184851.pdf","date_envoi":null,"date_paiement":null,"date_dernier_paiement":null,"montant_paye":"0.00","montant_paye_total":"0.00","montant_restant":"0.00","nb_paiements":0,"date_annulation":null,"etat":"\u00c9dit\u00e9e","ristourne":"0.00","nom":"C\u00e9sar","prenom":"Jules","email":"jules.cesar@rome.com"},{"id_facture":57,"numero_facture":"047.2025","date_facture":"2025-07-29","montant_total":"90.00","id_client":5,"date_edition":"2025-07-29 11:48:16","factfilename":null,"date_envoi":null,"date_paiement":null,"date_dernier_paiement":null,"montant_paye":"0.00","montant_paye_total":"0.00","montant_restant":"0.00","nb_paiements":0,"date_annulation":null,"etat":"En attente","ristourne":"0.00","nom":"C\u00e9sar","prenom":"Jules","email":"jules.cesar@rome.com"},{"id_facture":55,"numero_facture":"045.2025","date_facture":"2025-07-29","montant_total":"60.00","id_client":5,"date_edition":"2025-07-29 09:13:41","factfilename":"facture_045.2025_Jules_Cesar_20250729_091341.pdf","date_envoi":"2025-07-29","date_paiement":null,"date_dernier_paiement":"2025-07-29 09:14:58","montant_paye":"20.00","montant_paye_total":"20.00","montant_restant":"40.00","nb_paiements":1,"date_annulation":"2025-08-08","etat":"Annul\u00e9e","ristourne":"0.00","nom":"C\u00e9sar","prenom":"Jules","email":"jules.cesar@rome.com"},{"id_facture":56,"numero_facture":"046.2025","date_facture":"2025-07-29","montant_total":"60.00","id_client":5,"date_edition":"2025-07-29 11:25:33","factfilename":"facture_046.2025_Jules_Cesar_20250729_112533.pdf","date_envoi":"2025-07-29","date_paiement":null,"date_dernier_paiement":"2025-07-30 00:00:00","montant_paye":"8.00","montant_paye_total":"41.00","montant_restant":"19.00","nb_paiements":6,"date_annulation":null,"etat":"Partiellement pay\u00e9e","ristourne":"0.00","nom":"C\u00e9sar","prenom":"Jules","email":"jules.cesar@rome.com"},{"id_facture":54,"numero_facture":"044.2025","date_facture":"2025-07-25","montant_total":"30.00","id_client":5,"date_edition":"2025-07-29 09:11:51","factfilename":"facture_044.2025_Jules_Cesar_20250729_091151.pdf","date_envoi":"2025-07-25","date_paiement":null,"date_dernier_paiement":"2025-07-25 00:00:00","montant_paye":"15.00","montant_paye_total":"15.00","montant_restant":"15.00","nb_paiements":1,"date_annulation":null,"etat":"Partiellement pay\u00e9e","ristourne":"0.00","nom":"C\u00e9sar","prenom":"Jules","email":"jules.cesar@rome.com"},{"id_facture":51,"numero_facture":"041.2025","date_facture":"2025-07-24","montant_total":"30.00","id_client":5,"date_edition":"2025-07-24 16:39:56","factfilename":"facture_041.2025_Jules_Cesar_20250724_163956.pdf","date_envoi":"2025-07-24","date_paiement":"2025-07-25 00:00:00","date_dernier_paiement":"2025-07-25 00:00:00","montant_paye":"30.00","montant_paye_total":"30.00","montant_restant":"0.00","nb_paiements":1,"date_annulation":null,"etat":"Pay\u00e9e","ristourne":"0.00","nom":"C\u00e9sar","prenom":"Jules","email":"jules.cesar@rome.com"},{"id_facture":52,"numero_facture":"042.2025","date_facture":"2025-07-24","montant_total":"30.00","id_client":5,"date_edition":"2025-07-25 07:53:12","factfilename":"facture_042.2025_Jules_Cesar_20250725_075312.pdf","date_envoi":"2025-07-24","date_paiement":null,"date_dernier_paiement":"2025-07-25 08:24:37","montant_paye":"5.00","montant_paye_total":"30.00","montant_restant":"0.00","nb_paiements":3,"date_annulation":null,"etat":"Pay\u00e9e","ristourne":"0.00","nom":"C\u00e9sar","prenom":"Jules","email":"jules.cesar@rome.com"},{"id_facture":53,"numero_facture":"043.2025","date_facture":"2025-07-24","montant_total":"30.00","id_client":5,"date_edition":"2025-09-08 10:43:57","factfilename":"facture_043.2025_Jules_Cesar_20250908_104356.pdf","date_envoi":"2025-07-24","date_paiement":null,"date_dernier_paiement":"2025-07-25 14:24:49","montant_paye":"10.00","montant_paye_total":"10.00","montant_restant":"20.00","nb_paiements":1,"date_annulation":"2025-08-08","etat":"Annul\u00e9e","ristourne":"0.00","nom":"C\u00e9sar","prenom":"Jules","email":"jules.cesar@rome.com"},{"id_facture":50,"numero_facture":"040.2025","date_facture":"2025-07-24","montant_total":"30.00","id_client":5,"date_edition":"2025-07-24 16:44:52","factfilename":"facture_040.2025_Jules_Cesar_20250724_164452.pdf","date_envoi":"2025-07-24","date_paiement":"2025-07-25 00:00:00","date_dernier_paiement":"2025-07-25 00:00:00","montant_paye":"30.00","montant_paye_total":"30.00","montant_restant":"0.00","nb_paiements":1,"date_annulation":null,"etat":"Pay\u00e9e","ristourne":"0.00","nom":"C\u00e9sar","prenom":"Jules","email":"jules.cesar@rome.com"},{"id_facture":49,"numero_facture":"039.2025","date_facture":"2025-07-22","montant_total":"0.00","id_client":2,"date_edition":"2025-07-25 06:11:47","factfilename":"facture_039.2025_Gilles_Dubey_20250725_061147.pdf","date_envoi":"2025-07-22","date_paiement":null,"date_dernier_paiement":null,"montant_paye":"0.00","montant_paye_total":"0.00","montant_restant":"0.00","nb_paiements":0,"date_annulation":null,"etat":"Envoy\u00e9e","ristourne":"0.00","nom":"Dubey","prenom":"Gilles","email":"gilles.dubey@ik.me"},{"id_facture":47,"numero_facture":"036.2025","date_facture":"2025-07-22","montant_total":"30.00","id_client":5,"date_edition":"2025-07-22 16:24:56","factfilename":"facture_036.2025_Jules_Cesar_20250722_162456.pdf","date_envoi":"2025-07-22","date_paiement":"2025-07-25 00:00:00","date_dernier_paiement":"2025-07-25 00:00:00","montant_paye":"30.00","montant_paye_total":"30.00","montant_restant":"0.00","nb_paiements":1,"date_annulation":null,"etat":"Pay\u00e9e","ristourne":"0.00","nom":"C\u00e9sar","prenom":"Jules","email":"jules.cesar@rome.com"},{"id_facture":48,"numero_facture":"038.2025","date_facture":"2025-07-22","montant_total":"30.00","id_client":5,"date_edition":"2025-07-22 15:09:05","factfilename":"facture_038.2025_Jules_Cesar_20250722_150905.pdf","date_envoi":null,"date_paiement":null,"date_dernier_paiement":null,"montant_paye":"0.00","montant_paye_total":"0.00","montant_restant":"30.00","nb_paiements":0,"date_annulation":"2025-07-22","etat":"Annul\u00e9e","ristourne":"0.00","nom":"C\u00e9sar","prenom":"Jules","email":"jules.cesar@rome.com"},{"id_facture":46,"numero_facture":"011.2025","date_facture":"2025-07-21","montant_total":"1860.00","id_client":5,"date_edition":"2025-09-08 10:44:57","factfilename":"facture_011.2025_Jules_Cesar_20250908_104457.pdf","date_envoi":"2025-07-23","date_paiement":null,"date_dernier_paiement":null,"montant_paye":"0.00","montant_paye_total":"0.00","montant_restant":"1860.00","nb_paiements":0,"date_annulation":null,"etat":"Envoy\u00e9e","ristourne":"0.00","nom":"C\u00e9sar","prenom":"Jules","email":"jules.cesar@rome.com"},{"id_facture":44,"numero_facture":"009.2025","date_facture":"2025-07-14","montant_total":"788.00","id_client":2,"date_edition":"2025-07-23 07:22:45","factfilename":"facture_009.2025_Gilles_Dubey_20250723_072245.pdf","date_envoi":"2025-07-23","date_paiement":null,"date_dernier_paiement":null,"montant_paye":null,"montant_paye_total":"0.00","montant_restant":"786.00","nb_paiements":0,"date_annulation":null,"etat":"Envoy\u00e9e","ristourne":"2.00","nom":"Dubey","prenom":"Gilles","email":"gilles.dubey@ik.me"},{"id_facture":43,"numero_facture":"008.2025","date_facture":"2025-07-13","montant_total":"3570.00","id_client":5,"date_edition":"2025-09-08 10:44:30","factfilename":"facture_008.2025_Jules_Cesar_20250908_104430.pdf","date_envoi":"2025-07-23","date_paiement":null,"date_dernier_paiement":null,"montant_paye":"0.00","montant_paye_total":"0.00","montant_restant":"3570.00","nb_paiements":0,"date_annulation":null,"etat":"Envoy\u00e9e","ristourne":"0.00","nom":"C\u00e9sar","prenom":"Jules","email":"jules.cesar@rome.com"},{"id_facture":42,"numero_facture":"007.2025","date_facture":"2025-07-12","montant_total":"3570.00","id_client":5,"date_edition":"2025-07-13 12:04:18","factfilename":"facture_007.2025_Jules_Cesar_20250713_120417.pdf","date_envoi":"2025-07-22","date_paiement":null,"date_dernier_paiement":null,"montant_paye":"0.00","montant_paye_total":"0.00","montant_restant":"3570.00","nb_paiements":0,"date_annulation":null,"etat":"Envoy\u00e9e","ristourne":"0.00","nom":"C\u00e9sar","prenom":"Jules","email":"jules.cesar@rome.com"},{"id_facture":41,"numero_facture":"006.2025","date_facture":"2025-07-09","montant_total":"720.00","id_client":5,"date_edition":"2025-07-09 09:20:52","factfilename":"facture_006.2025_Jules_Cesar_20250709_092051.pdf","date_envoi":"2025-07-09","date_paiement":null,"date_dernier_paiement":null,"montant_paye":"0.00","montant_paye_total":"0.00","montant_restant":"720.00","nb_paiements":0,"date_annulation":null,"etat":"Envoy\u00e9e","ristourne":"0.00","nom":"C\u00e9sar","prenom":"Jules","email":"jules.cesar@rome.com"},{"id_facture":40,"numero_facture":"005.2025","date_facture":"2025-06-30","montant_total":"180.00","id_client":9,"date_edition":"2025-06-26 22:30:04","factfilename":"facture_005.2025_Suzanne_Corminboeuf_20250626_223004.pdf","date_envoi":null,"date_paiement":null,"date_dernier_paiement":null,"montant_paye":"0.00","montant_paye_total":"0.00","montant_restant":"180.00","nb_paiements":0,"date_annulation":null,"etat":"\u00c9dit\u00e9e","ristourne":"0.00","nom":"Corminboeuf","prenom":"Suzanne","email":"suzanne.corminboeuf@gmail.com"},{"id_facture":39,"numero_facture":"004.2025","date_facture":"2025-06-26","montant_total":"270.00","id_client":8,"date_edition":"2025-06-26 22:20:29","factfilename":"facture_004.2025_Sandrine_Bouquet_20250626_222029.pdf","date_envoi":null,"date_paiement":null,"date_dernier_paiement":null,"montant_paye":"0.00","montant_paye_total":"0.00","montant_restant":"270.00","nb_paiements":0,"date_annulation":null,"etat":"\u00c9dit\u00e9e","ristourne":"0.00","nom":"Bouquet","prenom":"Sandrine","email":"sandrine@pilatitude.ch"},{"id_facture":38,"numero_facture":"003.2025","date_facture":"2025-06-26","montant_total":"1579.00","id_client":1,"date_edition":"2025-07-13 12:03:33","factfilename":"facture_003.2025_Michele_Spirig_20250713_120333.pdf","date_envoi":"2025-06-26","date_paiement":null,"date_dernier_paiement":null,"montant_paye":"0.00","montant_paye_total":"0.00","montant_restant":"1579.00","nb_paiements":0,"date_annulation":null,"etat":"\u00c9dit\u00e9e","ristourne":"0.50","nom":"Spirig","prenom":"Mich\u00e8le","email":"info@feeduyoga.ch"},{"id_facture":36,"numero_facture":"036.2025","date_facture":"2025-06-25","montant_total":"30.00","id_client":5,"date_edition":"2025-07-13 12:03:54","factfilename":"facture_036.2025_Jules_Cesar_20250713_120354.pdf","date_envoi":"2025-06-30","date_paiement":"2025-07-01 00:00:00","date_dernier_paiement":"2025-07-01 00:00:00","montant_paye":"30.00","montant_paye_total":"30.00","montant_restant":"0.00","nb_paiements":1,"date_annulation":null,"etat":"Pay\u00e9e","ristourne":"0.00","nom":"C\u00e9sar","prenom":"Jules","email":"jules.cesar@rome.com"},{"id_facture":37,"numero_facture":"037.2025","date_facture":"2025-06-25","montant_total":"30.00","id_client":5,"date_edition":"2025-07-22 08:03:17","factfilename":"facture_037.2025_Jules_Cesar_20250722_080317.pdf","date_envoi":"2025-06-25","date_paiement":"2025-06-25 00:00:00","date_dernier_paiement":"2025-06-25 00:00:00","montant_paye":"30.00","montant_paye_total":"30.00","montant_restant":"0.00","nb_paiements":1,"date_annulation":null,"etat":"Pay\u00e9e","ristourne":"0.00","nom":"C\u00e9sar","prenom":"Jules","email":"jules.cesar@rome.com"},{"id_facture":35,"numero_facture":"035.2025","date_facture":"2025-05-22","montant_total":"470.00","id_client":5,"date_edition":"2025-07-21 08:10:08","factfilename":"facture_035.2025_Jules_Cesar_20250721_081008.pdf","date_envoi":"2025-07-21","date_paiement":"2025-07-21 00:00:00","date_dernier_paiement":"2025-07-21 00:00:00","montant_paye":"470.00","montant_paye_total":"470.00","montant_restant":"0.00","nb_paiements":1,"date_annulation":null,"etat":"Pay\u00e9e","ristourne":"0.00","nom":"C\u00e9sar","prenom":"Jules","email":"jules.cesar@rome.com"},{"id_facture":34,"numero_facture":"034.2025","date_facture":"2025-05-21","montant_total":"378.00","id_client":5,"date_edition":"2025-05-22 19:18:44","factfilename":"facture_034.2025_Jules_C\u00e9sar_20250522_191843.pdf","date_envoi":"2025-06-04","date_paiement":"2025-07-07 00:00:00","date_dernier_paiement":"2025-07-07 00:00:00","montant_paye":"378.00","montant_paye_total":"378.00","montant_restant":"0.00","nb_paiements":1,"date_annulation":null,"etat":"Pay\u00e9e","ristourne":"2.00","nom":"C\u00e9sar","prenom":"Jules","email":"jules.cesar@rome.com"},{"id_facture":33,"numero_facture":"033.2025","date_facture":"2025-05-19","montant_total":"180.00","id_client":7,"date_edition":"2025-07-21 16:13:03","factfilename":"facture_033.2025_Hans_Muller_20250721_161303.pdf","date_envoi":"2025-05-22","date_paiement":"2025-05-22 00:00:00","date_dernier_paiement":"2025-05-22 00:00:00","montant_paye":"180.00","montant_paye_total":"180.00","montant_restant":"0.00","nb_paiements":1,"date_annulation":null,"etat":"Pay\u00e9e","ristourne":"0.00","nom":"M\u00fcller","prenom":"Hans","email":"hans.mueller@example.ch"},{"id_facture":30,"numero_facture":"030.2025","date_facture":"2025-05-19","montant_total":"50.00","id_client":1,"date_edition":"2025-05-30 09:49:15","factfilename":"facture_030.2025_Mich\u00e8le_Spirig_20250530_094915.pdf","date_envoi":"2025-05-19","date_paiement":"2025-05-19 00:00:00","date_dernier_paiement":"2025-05-19 00:00:00","montant_paye":"50.00","montant_paye_total":"50.00","montant_restant":"0.00","nb_paiements":1,"date_annulation":null,"etat":"Pay\u00e9e","ristourne":"4.00","nom":"Spirig","prenom":"Mich\u00e8le","email":"info@feeduyoga.ch"},{"id_facture":31,"numero_facture":"031.2025","date_facture":"2025-05-19","montant_total":"120.00","id_client":7,"date_edition":"2025-05-30 10:38:50","factfilename":"facture_031.2025_Hans_M\u00fcller_20250530_103850.pdf","date_envoi":"2025-06-04","date_paiement":"2025-07-07 00:00:00","date_dernier_paiement":"2025-07-07 00:00:00","montant_paye":"120.00","montant_paye_total":"120.00","montant_restant":"0.00","nb_paiements":1,"date_annulation":null,"etat":"Pay\u00e9e","ristourne":"0.00","nom":"M\u00fcller","prenom":"Hans","email":"hans.mueller@example.ch"},{"id_facture":28,"numero_facture":"028.2025","date_facture":"2025-05-16","montant_total":"4270.00","id_client":2,"date_edition":"2025-09-13 18:49:13","factfilename":"facture_028.2025_Gilles_Dubey_20250913_184912.pdf","date_envoi":"2025-06-04","date_paiement":"2025-07-07 00:00:00","date_dernier_paiement":"2025-07-07 00:00:00","montant_paye":"4270.00","montant_paye_total":"4270.00","montant_restant":"0.00","nb_paiements":1,"date_annulation":null,"etat":"Pay\u00e9e","ristourne":"3.50","nom":"Dubey","prenom":"Gilles","email":"gilles.dubey@ik.me"},{"id_facture":27,"numero_facture":"027.2025","date_facture":"2025-05-15","montant_total":"1.00","id_client":5,"date_edition":"2025-05-24 09:41:03","factfilename":"facture_027.2025_Jules_C\u00e9sar_20250524_094102.pdf","date_envoi":"2025-06-04","date_paiement":"2025-07-07 00:00:00","date_dernier_paiement":"2025-07-07 00:00:00","montant_paye":"1.00","montant_paye_total":"1.00","montant_restant":"0.00","nb_paiements":1,"date_annulation":null,"etat":"Pay\u00e9e","ristourne":"0.00","nom":"C\u00e9sar","prenom":"Jules","email":"jules.cesar@rome.com"},{"id_facture":26,"numero_facture":"026.2025","date_facture":"2025-05-13","montant_total":"700.00","id_client":2,"date_edition":"2025-05-13 17:09:23","factfilename":"facture_026.2025_Gilles_Dubey_20250513_170923.pdf","date_envoi":"2025-05-13","date_paiement":"2025-05-13 00:00:00","date_dernier_paiement":"2025-05-13 00:00:00","montant_paye":"700.00","montant_paye_total":"700.00","montant_restant":"0.00","nb_paiements":1,"date_annulation":null,"etat":"Pay\u00e9e","ristourne":"0.00","nom":"Dubey","prenom":"Gilles","email":"gilles.dubey@ik.me"},{"id_facture":24,"numero_facture":"024.2025","date_facture":"2025-04-29","montant_total":"60.00","id_client":5,"date_edition":"2025-09-13 18:49:36","factfilename":"facture_024.2025_Jules_Cesar_20250913_184936.pdf","date_envoi":"2025-07-07","date_paiement":null,"date_dernier_paiement":null,"montant_paye":"0.00","montant_paye_total":"0.00","montant_restant":"60.00","nb_paiements":0,"date_annulation":"2025-07-14","etat":"Annul\u00e9e","ristourne":"0.00","nom":"C\u00e9sar","prenom":"Jules","email":"jules.cesar@rome.com"},{"id_facture":25,"numero_facture":"025.2025","date_facture":"2025-04-29","montant_total":"1860.00","id_client":5,"date_edition":"2025-05-24 10:07:46","factfilename":"facture_025.2025_Jules_C\u00e9sar_20250524_100746.pdf","date_envoi":"2025-07-07","date_paiement":null,"date_dernier_paiement":null,"montant_paye":"0.00","montant_paye_total":"0.00","montant_restant":"1860.00","nb_paiements":0,"date_annulation":"2025-07-21","etat":"Annul\u00e9e","ristourne":"0.00","nom":"C\u00e9sar","prenom":"Jules","email":"jules.cesar@rome.com"},{"id_facture":23,"numero_facture":"023.2025","date_facture":"2025-04-29","montant_total":"10.00","id_client":2,"date_edition":"2025-07-25 05:52:38","factfilename":"facture_023.2025_Gilles_Dubey_20250725_055238.pdf","date_envoi":"2025-07-25","date_paiement":null,"date_dernier_paiement":null,"montant_paye":"0.00","montant_paye_total":"0.00","montant_restant":"10.00","nb_paiements":0,"date_annulation":null,"etat":"Envoy\u00e9e","ristourne":"2.00","nom":"Dubey","prenom":"Gilles","email":"gilles.dubey@ik.me"},{"id_facture":19,"numero_facture":"019.2025","date_facture":"2025-04-28","montant_total":"75.00","id_client":4,"date_edition":"2025-05-11 20:48:10","factfilename":"facture_019.2025_Victor_Hugo_20250511_204810.pdf","date_envoi":"2025-07-09","date_paiement":null,"date_dernier_paiement":null,"montant_paye":"0.00","montant_paye_total":"0.00","montant_restant":"75.00","nb_paiements":0,"date_annulation":null,"etat":"Envoy\u00e9e","ristourne":"0.00","nom":"Hugo","prenom":"Victor","email":"victor.hugo@miserables.com"},{"id_facture":21,"numero_facture":"021.2025","date_facture":"2025-04-28","montant_total":"200.00","id_client":1,"date_edition":"2025-05-30 09:23:39","factfilename":"facture_021.2025_Mich\u00e8le_Spirig_20250530_092339.pdf","date_envoi":"2025-06-04","date_paiement":"2025-06-06 00:00:00","date_dernier_paiement":"2025-06-06 00:00:00","montant_paye":"200.00","montant_paye_total":"200.00","montant_restant":"0.00","nb_paiements":1,"date_annulation":null,"etat":"Pay\u00e9e","ristourne":"2.50","nom":"Spirig","prenom":"Mich\u00e8le","email":"info@feeduyoga.ch"},{"id_facture":20,"numero_facture":"020.2025","date_facture":"2025-04-28","montant_total":"25.00","id_client":3,"date_edition":"2025-05-30 09:57:27","factfilename":"facture_020.2025_Lady_Gaga_20250530_095727.pdf","date_envoi":"2025-07-07","date_paiement":"2025-07-14 00:00:00","date_dernier_paiement":"2025-07-14 00:00:00","montant_paye":"25.00","montant_paye_total":"25.00","montant_restant":"0.00","nb_paiements":1,"date_annulation":null,"etat":"Pay\u00e9e","ristourne":"0.00","nom":"Gaga","prenom":"Lady","email":"lady.gaga@ladygaga.com"},{"id_facture":18,"numero_facture":"018.2025","date_facture":"2025-04-27","montant_total":"125.00","id_client":3,"date_edition":"2025-04-28 06:08:56","factfilename":"facture_018.2025_Lady_Gaga_20250428_060856.pdf","date_envoi":"2025-06-04","date_paiement":null,"date_dernier_paiement":null,"montant_paye":"0.00","montant_paye_total":"0.00","montant_restant":"125.00","nb_paiements":0,"date_annulation":"2025-07-09","etat":"Annul\u00e9e","ristourne":"0.00","nom":"Gaga","prenom":"Lady","email":"lady.gaga@ladygaga.com"},{"id_facture":16,"numero_facture":"016.2025","date_facture":"2025-04-25","montant_total":"120.00","id_client":5,"date_edition":"2025-04-25 12:32:16","factfilename":"facture_016.2025_Jules_C\u00e9sar_20250425_123216.pdf","date_envoi":"2025-07-09","date_paiement":null,"date_dernier_paiement":null,"montant_paye":"0.00","montant_paye_total":"0.00","montant_restant":"120.00","nb_paiements":0,"date_annulation":null,"etat":"Envoy\u00e9e","ristourne":"0.00","nom":"C\u00e9sar","prenom":"Jules","email":"jules.cesar@rome.com"},{"id_facture":14,"numero_facture":"014.2025","date_facture":"2025-04-25","montant_total":"30.00","id_client":2,"date_edition":"2025-04-25 07:46:19","factfilename":null,"date_envoi":null,"date_paiement":null,"date_dernier_paiement":null,"montant_paye":"0.00","montant_paye_total":"0.00","montant_restant":"30.00","nb_paiements":0,"date_annulation":null,"etat":"En attente","ristourne":"0.00","nom":"Dubey","prenom":"Gilles","email":"gilles.dubey@ik.me"},{"id_facture":17,"numero_facture":"017.2025","date_facture":"2025-04-25","montant_total":"788.00","id_client":2,"date_edition":"2025-04-28 06:51:44","factfilename":"facture_017.2025_Gilles_Dubey_20250428_065144.pdf","date_envoi":"2025-07-09","date_paiement":null,"date_dernier_paiement":null,"montant_paye":"0.00","montant_paye_total":"0.00","montant_restant":"788.00","nb_paiements":0,"date_annulation":null,"etat":"Envoy\u00e9e","ristourne":"2.00","nom":"Dubey","prenom":"Gilles","email":"gilles.dubey@ik.me"},{"id_facture":13,"numero_facture":"013.2025","date_facture":"2025-04-23","montant_total":"3330.00","id_client":2,"date_edition":"2025-04-27 00:11:40","factfilename":"facture_013.2025_Gilles_Dubey_20250427_001140.pdf","date_envoi":null,"date_paiement":null,"date_dernier_paiement":null,"montant_paye":"0.00","montant_paye_total":"0.00","montant_restant":"3330.00","nb_paiements":0,"date_annulation":null,"etat":"Envoy\u00e9e","ristourne":"6.40","nom":"Dubey","prenom":"Gilles","email":"gilles.dubey@ik.me"},{"id_facture":10,"numero_facture":"010.2025","date_facture":"2025-04-22","montant_total":"390.00","id_client":2,"date_edition":"2025-04-22 15:03:49","factfilename":"facture_010.2025_Gilles_Dubey_20250422_150349.pdf","date_envoi":null,"date_paiement":"2025-04-22 00:00:00","date_dernier_paiement":"2025-04-22 00:00:00","montant_paye":"390.00","montant_paye_total":"390.00","montant_restant":"0.00","nb_paiements":1,"date_annulation":null,"etat":"Pay\u00e9e","ristourne":"2.00","nom":"Dubey","prenom":"Gilles","email":"gilles.dubey@ik.me"},{"id_facture":11,"numero_facture":"011.2025","date_facture":"2025-04-22","montant_total":"50.00","id_client":2,"date_edition":"2025-04-25 06:27:26","factfilename":"facture_011.2025_Gilles_Dubey_20250425_062726.pdf","date_envoi":null,"date_paiement":"2025-04-25 00:00:00","date_dernier_paiement":"2025-04-25 00:00:00","montant_paye":"50.00","montant_paye_total":"50.00","montant_restant":"0.00","nb_paiements":1,"date_annulation":null,"etat":"Pay\u00e9e","ristourne":"4.00","nom":"Dubey","prenom":"Gilles","email":"gilles.dubey@ik.me"},{"id_facture":12,"numero_facture":"012.2025","date_facture":"2025-04-22","montant_total":"10.00","id_client":2,"date_edition":"2025-04-23 06:38:19","factfilename":"facture_012.2025_Gilles_Dubey_20250423_063819.pdf","date_envoi":null,"date_paiement":"2025-04-23 00:00:00","date_dernier_paiement":"2025-04-23 00:00:00","montant_paye":"10.00","montant_paye_total":"10.00","montant_restant":"0.00","nb_paiements":1,"date_annulation":null,"etat":"Pay\u00e9e","ristourne":"0.00","nom":"Dubey","prenom":"Gilles","email":"gilles.dubey@ik.me"},{"id_facture":7,"numero_facture":"007.2025","date_facture":"2025-04-18","montant_total":"120.00","id_client":2,"date_edition":"2025-04-23 04:55:24","factfilename":"facture_007.2025_Gilles_Dubey_20250423_045524.pdf","date_envoi":"2025-07-09","date_paiement":null,"date_dernier_paiement":null,"montant_paye":"0.00","montant_paye_total":"0.00","montant_restant":"120.00","nb_paiements":0,"date_annulation":null,"etat":"Envoy\u00e9e","ristourne":"2.25","nom":"Dubey","prenom":"Gilles","email":"gilles.dubey@ik.me"},{"id_facture":3,"numero_facture":"003.2025","date_facture":"2025-04-18","montant_total":"150.00","id_client":2,"date_edition":"2025-07-22 21:51:31","factfilename":"facture_003.2025_Gilles_Dubey_20250722_215130.pdf","date_envoi":"2025-07-22","date_paiement":null,"date_dernier_paiement":null,"montant_paye":"100.00","montant_paye_total":"0.00","montant_restant":"150.00","nb_paiements":0,"date_annulation":null,"etat":"Envoy\u00e9e","ristourne":"0.00","nom":"Dubey","prenom":"Gilles","email":"gilles.dubey@ik.me"},{"id_facture":9,"numero_facture":"009.2025","date_facture":"2025-04-18","montant_total":"20.00","id_client":2,"date_edition":"2025-05-19 19:13:56","factfilename":"facture_009.2025_Gilles_Dubey_20250519_191356.pdf","date_envoi":null,"date_paiement":null,"date_dernier_paiement":null,"montant_paye":"0.00","montant_paye_total":"0.00","montant_restant":"20.00","nb_paiements":0,"date_annulation":"2025-04-22","etat":"Annul\u00e9e","ristourne":"4.50","nom":"Dubey","prenom":"Gilles","email":"gilles.dubey@ik.me"},{"id_facture":4,"numero_facture":"004.2025","date_facture":"2025-04-18","montant_total":"31.50","id_client":2,"date_edition":"2025-06-04 19:48:36","factfilename":"facture_004.2025_Gilles_Dubey_20250604_194836.pdf","date_envoi":"2025-07-09","date_paiement":null,"date_dernier_paiement":null,"montant_paye":"0.00","montant_paye_total":"0.00","montant_restant":"31.50","nb_paiements":0,"date_annulation":null,"etat":"Envoy\u00e9e","ristourne":"0.00","nom":"Dubey","prenom":"Gilles","email":"gilles.dubey@ik.me"},{"id_facture":5,"numero_facture":"005.2025","date_facture":"2025-04-18","montant_total":"32.05","id_client":2,"date_edition":"2025-06-04 01:31:01","factfilename":"facture_005.2025_Gilles_Dubey_20250604_013101.pdf","date_envoi":"2025-07-09","date_paiement":null,"date_dernier_paiement":null,"montant_paye":"0.00","montant_paye_total":"0.00","montant_restant":"32.05","nb_paiements":0,"date_annulation":null,"etat":"Envoy\u00e9e","ristourne":"0.00","nom":"Dubey","prenom":"Gilles","email":"gilles.dubey@ik.me"},{"id_facture":6,"numero_facture":"006.2025","date_facture":"2025-04-18","montant_total":"235.55","id_client":2,"date_edition":"2025-05-30 11:09:21","factfilename":"facture_006.2025_Gilles_Dubey_20250530_110921.pdf","date_envoi":"2025-07-09","date_paiement":null,"date_dernier_paiement":null,"montant_paye":"0.00","montant_paye_total":"0.00","montant_restant":"235.55","nb_paiements":0,"date_annulation":null,"etat":"Envoy\u00e9e","ristourne":"0.00","nom":"Dubey","prenom":"Gilles","email":"gilles.dubey@ik.me"},{"id_facture":2,"numero_facture":"002.2025","date_facture":"2025-04-15","montant_total":"30.00","id_client":2,"date_edition":"2025-04-22 13:22:28","factfilename":"facture_002.2025_Gilles_Dubey_20250422_132228.pdf","date_envoi":"2025-07-07","date_paiement":null,"date_dernier_paiement":null,"montant_paye":"0.00","montant_paye_total":"0.00","montant_restant":"30.00","nb_paiements":0,"date_annulation":null,"etat":"Envoy\u00e9e","ristourne":"0.00","nom":"Dubey","prenom":"Gilles","email":"gilles.dubey@ik.me"},{"id_facture":1,"numero_facture":"001.2025","date_facture":"2025-04-15","montant_total":"1390.50","id_client":1,"date_edition":"2025-04-28 06:13:48","factfilename":"facture_001.2025_Mich\u00e8le_Spirig_20250428_061348.pdf","date_envoi":null,"date_paiement":null,"date_dernier_paiement":null,"montant_paye":"0.00","montant_paye_total":"0.00","montant_restant":"1390.50","nb_paiements":0,"date_annulation":null,"etat":"Envoy\u00e9e","ristourne":"0.00","nom":"Spirig","prenom":"Mich\u00e8le","email":"info@feeduyoga.ch"},{"id_facture":8,"numero_facture":"008.2025","date_facture":"2025-03-01","montant_total":"120.00","id_client":2,"date_edition":"2025-04-22 04:59:49","factfilename":"facture_008.2025_Gilles_Dubey_20250422_045949.pdf","date_envoi":null,"date_paiement":"2025-07-01 00:00:00","date_dernier_paiement":"2025-07-01 00:00:00","montant_paye":"120.00","montant_paye_total":"120.00","montant_restant":"0.00","nb_paiements":1,"date_annulation":null,"etat":"Pay\u00e9e","ristourne":"1.00","nom":"Dubey","prenom":"Gilles","email":"gilles.dubey@ik.me"}]}
[17-Sep-2025 10:48:00 Europe/Zurich] facture-api - Résultat liste factures (nombre): 63
[17-Sep-2025 10:48:00 Europe/Zurich] 🔧 Session cross-domain configurée - ID: hk4tbv7mv7oti1bgm4jgvhcsfb
[17-Sep-2025 10:48:00 Europe/Zurich] 🍪 Cookie params: {"lifetime":1800,"path":"\/","domain":"","secure":true,"httponly":false,"samesite":"None"}
[17-Sep-2025 10:48:00 Europe/Zurich] 🔍 User en session: 2
[17-Sep-2025 10:48:00 Europe/Zurich] 🔧 Setup CORS - Début
[17-Sep-2025 10:48:00 Europe/Zurich] - Mode: DÉVELOPPEMENT
[17-Sep-2025 10:48:00 Europe/Zurich] - Origin reçu: http://localhost:3000
[17-Sep-2025 10:48:00 Europe/Zurich] 🔍 Test d'autorisation pour origin: 'http://localhost:3000'
[17-Sep-2025 10:48:00 Europe/Zurich] 📝 Origins autorisées: ["http:\/\/localhost:3007","http:\/\/localhost:3000","http:\/\/127.0.0.1:3000","http:\/\/localhost:3007","https:\/\/dev-facturation"]
[17-Sep-2025 10:48:00 Europe/Zurich] ✅ Origin autorisé: http://localhost:3000
[17-Sep-2025 10:48:00 Europe/Zurich] 📤 En-têtes CORS envoyés:
[17-Sep-2025 10:48:00 Europe/Zurich] - Methods: GET, POST, PUT, DELETE, OPTIONS
[17-Sep-2025 10:48:00 Europe/Zurich] - Headers: Content-Type, Authorization, X-Requested-With
[17-Sep-2025 10:48:00 Europe/Zurich] - Credentials: true
[17-Sep-2025 10:48:00 Europe/Zurich] client-api - Chargement de la configuration
[17-Sep-2025 10:48:00 Europe/Zurich] client-api - Méthode: GET
[17-Sep-2025 10:48:00 Europe/Zurich] client-api - URL complète: /fact-back/api/client-api.php?PHPSESSID=hk4tbv7mv7oti1bgm4jgvhcsfb&_ts=1758098879405
[17-Sep-2025 10:48:00 Europe/Zurich] client-api - Origin: http://localhost:3000
[17-Sep-2025 10:48:00 Europe/Zurich] client-api - Paramètres GET: {"PHPSESSID":"hk4tbv7mv7oti1bgm4jgvhcsfb","_ts":"1758098879405"}
[17-Sep-2025 10:48:00 Europe/Zurich] client-api - Session ID: hk4tbv7mv7oti1bgm4jgvhcsfb
[17-Sep-2025 10:48:00 Europe/Zurich] client-api - Session status: 2
[17-Sep-2025 10:48:00 Europe/Zurich] client-api - Session content: {"user_id":2,"user_name":"test_admin","user_role":"admin"}
[17-Sep-2025 10:48:00 Europe/Zurich] 🔍 client-api - Session initialisée par bootstrap.php
[17-Sep-2025 10:48:00 Europe/Zurich] client-api - Session trouvée - User ID: 2, Role: admin
[17-Sep-2025 10:48:00 Europe/Zurich] client-api - Session keys: ["user_id","user_name","user_role"]
[17-Sep-2025 10:48:00 Europe/Zurich] client-api - Cookies reçues: {"PHPSESSID":"hk4tbv7mv7oti1bgm4jgvhcsfb"}
[17-Sep-2025 10:48:00 Europe/Zurich] client-api - Méthode: GET
[17-Sep-2025 10:48:00 Europe/Zurich] client-api - Paramètres GET: {"PHPSESSID":"hk4tbv7mv7oti1bgm4jgvhcsfb","_ts":"1758098879405"}
[17-Sep-2025 10:48:00 Europe/Zurich] ✅ client-api - Accès autorisé pour utilisateur: 2 (role: admin)
[17-Sep-2025 10:48:00 Europe/Zurich] client-api - Méthode: GET
[17-Sep-2025 10:48:00 Europe/Zurich] client-api - Paramètres GET: {"PHPSESSID":"hk4tbv7mv7oti1bgm4jgvhcsfb","_ts":"1758098879405"}
[17-Sep-2025 10:48:00 Europe/Zurich] client-api - Traitement GET pour client
[17-Sep-2025 10:48:00 Europe/Zurich] client-api - Paramètres GET: {"PHPSESSID":"hk4tbv7mv7oti1bgm4jgvhcsfb","_ts":"1758098879405"}
[17-Sep-2025 10:48:00 Europe/Zurich] client-api - GET ID: Aucun ID fourni
[17-Sep-2025 10:48:00 Europe/Zurich] client-api - GET checkFactures: Aucun paramètre checkFactures
[17-Sep-2025 10:48:00 Europe/Zurich] client-api - Récupération liste clients (page: 1, limit: 50) pour user: 2
[17-Sep-2025 10:48:00 Europe/Zurich] 🔧 Session cross-domain configurée - ID: hk4tbv7mv7oti1bgm4jgvhcsfb
[17-Sep-2025 10:48:00 Europe/Zurich] 🍪 Cookie params: {"lifetime":1800,"path":"\/","domain":"","secure":true,"httponly":false,"samesite":"None"}
[17-Sep-2025 10:48:00 Europe/Zurich] 🔍 User en session: 2
[17-Sep-2025 10:48:00 Europe/Zurich] 🔧 Setup CORS - Début
[17-Sep-2025 10:48:00 Europe/Zurich] - Mode: DÉVELOPPEMENT
[17-Sep-2025 10:48:00 Europe/Zurich] - Origin reçu: http://localhost:3000
[17-Sep-2025 10:48:00 Europe/Zurich] 🔍 Test d'autorisation pour origin: 'http://localhost:3000'
[17-Sep-2025 10:48:00 Europe/Zurich] 📝 Origins autorisées: ["http:\/\/localhost:3007","http:\/\/localhost:3000","http:\/\/127.0.0.1:3000","http:\/\/localhost:3007","https:\/\/dev-facturation"]
[17-Sep-2025 10:48:00 Europe/Zurich] ✅ Origin autorisé: http://localhost:3000
[17-Sep-2025 10:48:00 Europe/Zurich] 📤 En-têtes CORS envoyés:
[17-Sep-2025 10:48:00 Europe/Zurich] - Methods: GET, POST, PUT, DELETE, OPTIONS
[17-Sep-2025 10:48:00 Europe/Zurich] - Headers: Content-Type, Authorization, X-Requested-With
[17-Sep-2025 10:48:00 Europe/Zurich] - Credentials: true
[17-Sep-2025 10:48:00 Europe/Zurich] parametre-api - Chargement de la configuration
[17-Sep-2025 10:48:00 Europe/Zurich] parametre-api - Méthode: GET
[17-Sep-2025 10:48:00 Europe/Zurich] parametre-api - URL complète: /fact-back/api/parametre-api.php?PHPSESSID=hk4tbv7mv7oti1bgm4jgvhcsfb&nomParametre=Corps&groupe=Email&sGroupe=Corps&categorie=tu&_ts=1758098879403
[17-Sep-2025 10:48:00 Europe/Zurich] parametre-api - Origin: http://localhost:3000
[17-Sep-2025 10:48:00 Europe/Zurich] parametre-api - Paramètres GET: {"PHPSESSID":"hk4tbv7mv7oti1bgm4jgvhcsfb","nomParametre":"Corps","groupe":"Email","sGroupe":"Corps","categorie":"tu","_ts":"1758098879403"}
[17-Sep-2025 10:48:00 Europe/Zurich] parametre-api - Session ID: hk4tbv7mv7oti1bgm4jgvhcsfb
[17-Sep-2025 10:48:00 Europe/Zurich] parametre-api - Session status: 2
[17-Sep-2025 10:48:00 Europe/Zurich] parametre-api - Session content: {"user_id":2,"user_name":"test_admin","user_role":"admin"}
[17-Sep-2025 10:48:00 Europe/Zurich] 🔍 parametre-api - Session initialisée par bootstrap.php
[17-Sep-2025 10:48:00 Europe/Zurich] parametre-api - Session trouvée - User ID: 2, Role: admin
[17-Sep-2025 10:48:00 Europe/Zurich] ✅ parametre-api - Accès autorisé pour utilisateur: 2 (role: admin)
[17-Sep-2025 10:48:00 Europe/Zurich] parametre-api - Méthode: GET
[17-Sep-2025 10:48:00 Europe/Zurich] parametre-api - Paramètres GET: {"PHPSESSID":"hk4tbv7mv7oti1bgm4jgvhcsfb","nomParametre":"Corps","groupe":"Email","sGroupe":"Corps","categorie":"tu","_ts":"1758098879403"}
[17-Sep-2025 10:48:00 Europe/Zurich] parametre-api - GET paramètres par sous-groupe: Email/Corps (user: 2)
[17-Sep-2025 10:48:00 Europe/Zurich] 🔧 Session cross-domain configurée - ID: hk4tbv7mv7oti1bgm4jgvhcsfb
[17-Sep-2025 10:48:00 Europe/Zurich] 🍪 Cookie params: {"lifetime":1800,"path":"\/","domain":"","secure":true,"httponly":false,"samesite":"None"}
[17-Sep-2025 10:48:00 Europe/Zurich] 🔍 User en session: 2
[17-Sep-2025 10:48:00 Europe/Zurich] 🔧 Setup CORS - Début
[17-Sep-2025 10:48:00 Europe/Zurich] - Mode: DÉVELOPPEMENT
[17-Sep-2025 10:48:00 Europe/Zurich] - Origin reçu: http://localhost:3000
[17-Sep-2025 10:48:00 Europe/Zurich] 🔍 Test d'autorisation pour origin: 'http://localhost:3000'
[17-Sep-2025 10:48:00 Europe/Zurich] 📝 Origins autorisées: ["http:\/\/localhost:3007","http:\/\/localhost:3000","http:\/\/127.0.0.1:3000","http:\/\/localhost:3007","https:\/\/dev-facturation"]
[17-Sep-2025 10:48:00 Europe/Zurich] ✅ Origin autorisé: http://localhost:3000
[17-Sep-2025 10:48:00 Europe/Zurich] 📤 En-têtes CORS envoyés:
[17-Sep-2025 10:48:00 Europe/Zurich] - Methods: GET, POST, PUT, DELETE, OPTIONS
[17-Sep-2025 10:48:00 Europe/Zurich] - Headers: Content-Type, Authorization, X-Requested-With
[17-Sep-2025 10:48:00 Europe/Zurich] - Credentials: true
[17-Sep-2025 10:48:00 Europe/Zurich] facture-api - Chargement de la configuration
[17-Sep-2025 10:48:00 Europe/Zurich] facture-api - Méthode: GET
[17-Sep-2025 10:48:00 Europe/Zurich] facture-api - URL complète: /fact-back/api/facture-api.php?PHPSESSID=hk4tbv7mv7oti1bgm4jgvhcsfb&annee=2025&_ts=1758098879404
[17-Sep-2025 10:48:00 Europe/Zurich] facture-api - Origin: http://localhost:3000
[17-Sep-2025 10:48:00 Europe/Zurich] facture-api - Paramètres GET: {"PHPSESSID":"hk4tbv7mv7oti1bgm4jgvhcsfb","annee":"2025","_ts":"1758098879404"}
[17-Sep-2025 10:48:00 Europe/Zurich] facture-api - Session ID: hk4tbv7mv7oti1bgm4jgvhcsfb
[17-Sep-2025 10:48:00 Europe/Zurich] facture-api - Session status: 2
[17-Sep-2025 10:48:00 Europe/Zurich] facture-api - Session content: {"user_id":2,"user_name":"test_admin","user_role":"admin"}
[17-Sep-2025 10:48:00 Europe/Zurich] 🔍 facture-api - Session initialisée par bootstrap.php
[17-Sep-2025 10:48:00 Europe/Zurich] facture-api - Session trouvée - User ID: 2, Role: admin
[17-Sep-2025 10:48:00 Europe/Zurich] ✅ facture-api - Accès autorisé pour utilisateur: 2 (role: admin)
[17-Sep-2025 10:48:00 Europe/Zurich] facture-api - Méthode: GET
[17-Sep-2025 10:48:00 Europe/Zurich] facture-api - Paramètres GET: {"PHPSESSID":"hk4tbv7mv7oti1bgm4jgvhcsfb","annee":"2025","_ts":"1758098879404"}
[17-Sep-2025 10:48:00 Europe/Zurich] facture-api - GET - Paramètres: {"PHPSESSID":"hk4tbv7mv7oti1bgm4jgvhcsfb","annee":"2025","_ts":"1758098879404"} (user: 2)
[17-Sep-2025 10:48:00 Europe/Zurich] facture-api - GET liste factures avec options: {"annee":2025,"page":1,"limit":50} (user: 2)
[17-Sep-2025 10:48:00 Europe/Zurich] facture-api - Résultat liste factures: {"success":true,"factures":[{"id_facture":75,"numero_facture":"063.2025","date_facture":"2025-09-16","montant_total":"5010.00","id_client":5,"date_edition":"2025-09-16 11:41:34","factfilename":null,"date_envoi":null,"date_paiement":null,"date_dernier_paiement":null,"montant_paye":"0.00","montant_paye_total":"0.00","montant_restant":"0.00","nb_paiements":0,"date_annulation":null,"etat":"En attente","ristourne":"0.00","nom":"C\u00e9sar","prenom":"Jules","email":"jules.cesar@rome.com"},{"id_facture":71,"numero_facture":"059.2025","date_facture":"2025-09-14","montant_total":"5010.00","id_client":5,"date_edition":"2025-09-16 11:39:39","factfilename":"facture_059.2025_Jules_Cesar_20250916_113939.pdf","date_envoi":null,"date_paiement":null,"date_dernier_paiement":null,"montant_paye":"0.00","montant_paye_total":"0.00","montant_restant":"0.00","nb_paiements":0,"date_annulation":null,"etat":"\u00c9dit\u00e9e","ristourne":"0.00","nom":"C\u00e9sar","prenom":"Jules","email":"jules.cesar@rome.com"},{"id_facture":72,"numero_facture":"060.2025","date_facture":"2025-09-14","montant_total":"510.00","id_client":5,"date_edition":"2025-09-14 13:04:14","factfilename":"facture_060.2025_Jules_Cesar_20250914_130413.pdf","date_envoi":null,"date_paiement":null,"date_dernier_paiement":null,"montant_paye":"0.00","montant_paye_total":"0.00","montant_restant":"0.00","nb_paiements":0,"date_annulation":"2025-09-14","etat":"Annul\u00e9e","ristourne":"0.00","nom":"C\u00e9sar","prenom":"Jules","email":"jules.cesar@rome.com"},{"id_facture":74,"numero_facture":"062.2025","date_facture":"2025-09-14","montant_total":"1830.00","id_client":5,"date_edition":"2025-09-14 10:56:50","factfilename":"facture_062.2025_Jules_Cesar_20250914_105649.pdf","date_envoi":null,"date_paiement":null,"date_dernier_paiement":null,"montant_paye":"0.00","montant_paye_total":"0.00","montant_restant":"0.00","nb_paiements":0,"date_annulation":null,"etat":"\u00c9dit\u00e9e","ristourne":"0.00","nom":"C\u00e9sar","prenom":"Jules","email":"jules.cesar@rome.com"},{"id_facture":69,"numero_facture":"057.2025","date_facture":"2025-09-14","montant_total":"510.00","id_client":5,"date_edition":"2025-09-14 02:18:40","factfilename":null,"date_envoi":null,"date_paiement":null,"date_dernier_paiement":null,"montant_paye":"0.00","montant_paye_total":"0.00","montant_restant":"0.00","nb_paiements":0,"date_annulation":null,"etat":"En attente","ristourne":"0.00","nom":"C\u00e9sar","prenom":"Jules","email":"jules.cesar@rome.com"},{"id_facture":70,"numero_facture":"058.2025","date_facture":"2025-09-14","montant_total":"510.00","id_client":5,"date_edition":"2025-09-14 02:22:20","factfilename":null,"date_envoi":null,"date_paiement":null,"date_dernier_paiement":null,"montant_paye":"0.00","montant_paye_total":"0.00","montant_restant":"0.00","nb_paiements":0,"date_annulation":null,"etat":"En attente","ristourne":"0.00","nom":"C\u00e9sar","prenom":"Jules","email":"jules.cesar@rome.com"},{"id_facture":60,"numero_facture":"050.2025","date_facture":"2025-08-08","montant_total":"90.00","id_client":5,"date_edition":"2025-08-08 09:26:14","factfilename":null,"date_envoi":null,"date_paiement":null,"date_dernier_paiement":null,"montant_paye":"0.00","montant_paye_total":"0.00","montant_restant":"0.00","nb_paiements":0,"date_annulation":null,"etat":"En attente","ristourne":"0.00","nom":"C\u00e9sar","prenom":"Jules","email":"jules.cesar@rome.com"},{"id_facture":63,"numero_facture":"053.2025","date_facture":"2025-08-08","montant_total":"30.00","id_client":15,"date_edition":"2025-09-12 07:56:55","factfilename":"facture_053.2025_Eleonore_Dubois_20250912_075655.pdf","date_envoi":null,"date_paiement":null,"date_dernier_paiement":null,"montant_paye":"0.00","montant_paye_total":"0.00","montant_restant":"0.00","nb_paiements":0,"date_annulation":null,"etat":"\u00c9dit\u00e9e","ristourne":"0.00","nom":"Dubois","prenom":"\u00c9l\u00e9onore","email":"eleonore.dubois@example.ch"},{"id_facture":64,"numero_facture":"054.2025","date_facture":"2025-08-08","montant_total":"210.00","id_client":15,"date_edition":"2025-09-13 18:48:31","factfilename":"facture_054.2025_Eleonore_Dubois_20250913_184831.pdf","date_envoi":null,"date_paiement":null,"date_dernier_paiement":null,"montant_paye":"0.00","montant_paye_total":"0.00","montant_restant":"0.00","nb_paiements":0,"date_annulation":null,"etat":"\u00c9dit\u00e9e","ristourne":"0.00","nom":"Dubois","prenom":"\u00c9l\u00e9onore","email":"eleonore.dubois@example.ch"},{"id_facture":65,"numero_facture":"055.2025","date_facture":"2025-08-08","montant_total":"120.00","id_client":15,"date_edition":"2025-09-08 08:10:41","factfilename":"facture_055.2025_Eleonore_Dubois_20250908_081041.pdf","date_envoi":"2025-08-08","date_paiement":null,"date_dernier_paiement":null,"montant_paye":"120.00","montant_paye_total":"0.00","montant_restant":"120.00","nb_paiements":0,"date_annulation":null,"etat":"Envoy\u00e9e","ristourne":"0.00","nom":"Dubois","prenom":"\u00c9l\u00e9onore","email":"eleonore.dubois@example.ch"},{"id_facture":66,"numero_facture":"056.2025","date_facture":"2025-08-05","montant_total":"510.00","id_client":5,"date_edition":"2025-09-13 18:48:51","factfilename":"facture_056.2025_Jules_Cesar_20250913_184851.pdf","date_envoi":null,"date_paiement":null,"date_dernier_paiement":null,"montant_paye":"0.00","montant_paye_total":"0.00","montant_restant":"0.00","nb_paiements":0,"date_annulation":null,"etat":"\u00c9dit\u00e9e","ristourne":"0.00","nom":"C\u00e9sar","prenom":"Jules","email":"jules.cesar@rome.com"},{"id_facture":57,"numero_facture":"047.2025","date_facture":"2025-07-29","montant_total":"90.00","id_client":5,"date_edition":"2025-07-29 11:48:16","factfilename":null,"date_envoi":null,"date_paiement":null,"date_dernier_paiement":null,"montant_paye":"0.00","montant_paye_total":"0.00","montant_restant":"0.00","nb_paiements":0,"date_annulation":null,"etat":"En attente","ristourne":"0.00","nom":"C\u00e9sar","prenom":"Jules","email":"jules.cesar@rome.com"},{"id_facture":55,"numero_facture":"045.2025","date_facture":"2025-07-29","montant_total":"60.00","id_client":5,"date_edition":"2025-07-29 09:13:41","factfilename":"facture_045.2025_Jules_Cesar_20250729_091341.pdf","date_envoi":"2025-07-29","date_paiement":null,"date_dernier_paiement":"2025-07-29 09:14:58","montant_paye":"20.00","montant_paye_total":"20.00","montant_restant":"40.00","nb_paiements":1,"date_annulation":"2025-08-08","etat":"Annul\u00e9e","ristourne":"0.00","nom":"C\u00e9sar","prenom":"Jules","email":"jules.cesar@rome.com"},{"id_facture":56,"numero_facture":"046.2025","date_facture":"2025-07-29","montant_total":"60.00","id_client":5,"date_edition":"2025-07-29 11:25:33","factfilename":"facture_046.2025_Jules_Cesar_20250729_112533.pdf","date_envoi":"2025-07-29","date_paiement":null,"date_dernier_paiement":"2025-07-30 00:00:00","montant_paye":"8.00","montant_paye_total":"41.00","montant_restant":"19.00","nb_paiements":6,"date_annulation":null,"etat":"Partiellement pay\u00e9e","ristourne":"0.00","nom":"C\u00e9sar","prenom":"Jules","email":"jules.cesar@rome.com"},{"id_facture":54,"numero_facture":"044.2025","date_facture":"2025-07-25","montant_total":"30.00","id_client":5,"date_edition":"2025-07-29 09:11:51","factfilename":"facture_044.2025_Jules_Cesar_20250729_091151.pdf","date_envoi":"2025-07-25","date_paiement":null,"date_dernier_paiement":"2025-07-25 00:00:00","montant_paye":"15.00","montant_paye_total":"15.00","montant_restant":"15.00","nb_paiements":1,"date_annulation":null,"etat":"Partiellement pay\u00e9e","ristourne":"0.00","nom":"C\u00e9sar","prenom":"Jules","email":"jules.cesar@rome.com"},{"id_facture":51,"numero_facture":"041.2025","date_facture":"2025-07-24","montant_total":"30.00","id_client":5,"date_edition":"2025-07-24 16:39:56","factfilename":"facture_041.2025_Jules_Cesar_20250724_163956.pdf","date_envoi":"2025-07-24","date_paiement":"2025-07-25 00:00:00","date_dernier_paiement":"2025-07-25 00:00:00","montant_paye":"30.00","montant_paye_total":"30.00","montant_restant":"0.00","nb_paiements":1,"date_annulation":null,"etat":"Pay\u00e9e","ristourne":"0.00","nom":"C\u00e9sar","prenom":"Jules","email":"jules.cesar@rome.com"},{"id_facture":52,"numero_facture":"042.2025","date_facture":"2025-07-24","montant_total":"30.00","id_client":5,"date_edition":"2025-07-25 07:53:12","factfilename":"facture_042.2025_Jules_Cesar_20250725_075312.pdf","date_envoi":"2025-07-24","date_paiement":null,"date_dernier_paiement":"2025-07-25 08:24:37","montant_paye":"5.00","montant_paye_total":"30.00","montant_restant":"0.00","nb_paiements":3,"date_annulation":null,"etat":"Pay\u00e9e","ristourne":"0.00","nom":"C\u00e9sar","prenom":"Jules","email":"jules.cesar@rome.com"},{"id_facture":53,"numero_facture":"043.2025","date_facture":"2025-07-24","montant_total":"30.00","id_client":5,"date_edition":"2025-09-08 10:43:57","factfilename":"facture_043.2025_Jules_Cesar_20250908_104356.pdf","date_envoi":"2025-07-24","date_paiement":null,"date_dernier_paiement":"2025-07-25 14:24:49","montant_paye":"10.00","montant_paye_total":"10.00","montant_restant":"20.00","nb_paiements":1,"date_annulation":"2025-08-08","etat":"Annul\u00e9e","ristourne":"0.00","nom":"C\u00e9sar","prenom":"Jules","email":"jules.cesar@rome.com"},{"id_facture":50,"numero_facture":"040.2025","date_facture":"2025-07-24","montant_total":"30.00","id_client":5,"date_edition":"2025-07-24 16:44:52","factfilename":"facture_040.2025_Jules_Cesar_20250724_164452.pdf","date_envoi":"2025-07-24","date_paiement":"2025-07-25 00:00:00","date_dernier_paiement":"2025-07-25 00:00:00","montant_paye":"30.00","montant_paye_total":"30.00","montant_restant":"0.00","nb_paiements":1,"date_annulation":null,"etat":"Pay\u00e9e","ristourne":"0.00","nom":"C\u00e9sar","prenom":"Jules","email":"jules.cesar@rome.com"},{"id_facture":49,"numero_facture":"039.2025","date_facture":"2025-07-22","montant_total":"0.00","id_client":2,"date_edition":"2025-07-25 06:11:47","factfilename":"facture_039.2025_Gilles_Dubey_20250725_061147.pdf","date_envoi":"2025-07-22","date_paiement":null,"date_dernier_paiement":null,"montant_paye":"0.00","montant_paye_total":"0.00","montant_restant":"0.00","nb_paiements":0,"date_annulation":null,"etat":"Envoy\u00e9e","ristourne":"0.00","nom":"Dubey","prenom":"Gilles","email":"gilles.dubey@ik.me"},{"id_facture":47,"numero_facture":"036.2025","date_facture":"2025-07-22","montant_total":"30.00","id_client":5,"date_edition":"2025-07-22 16:24:56","factfilename":"facture_036.2025_Jules_Cesar_20250722_162456.pdf","date_envoi":"2025-07-22","date_paiement":"2025-07-25 00:00:00","date_dernier_paiement":"2025-07-25 00:00:00","montant_paye":"30.00","montant_paye_total":"30.00","montant_restant":"0.00","nb_paiements":1,"date_annulation":null,"etat":"Pay\u00e9e","ristourne":"0.00","nom":"C\u00e9sar","prenom":"Jules","email":"jules.cesar@rome.com"},{"id_facture":48,"numero_facture":"038.2025","date_facture":"2025-07-22","montant_total":"30.00","id_client":5,"date_edition":"2025-07-22 15:09:05","factfilename":"facture_038.2025_Jules_Cesar_20250722_150905.pdf","date_envoi":null,"date_paiement":null,"date_dernier_paiement":null,"montant_paye":"0.00","montant_paye_total":"0.00","montant_restant":"30.00","nb_paiements":0,"date_annulation":"2025-07-22","etat":"Annul\u00e9e","ristourne":"0.00","nom":"C\u00e9sar","prenom":"Jules","email":"jules.cesar@rome.com"},{"id_facture":46,"numero_facture":"011.2025","date_facture":"2025-07-21","montant_total":"1860.00","id_client":5,"date_edition":"2025-09-08 10:44:57","factfilename":"facture_011.2025_Jules_Cesar_20250908_104457.pdf","date_envoi":"2025-07-23","date_paiement":null,"date_dernier_paiement":null,"montant_paye":"0.00","montant_paye_total":"0.00","montant_restant":"1860.00","nb_paiements":0,"date_annulation":null,"etat":"Envoy\u00e9e","ristourne":"0.00","nom":"C\u00e9sar","prenom":"Jules","email":"jules.cesar@rome.com"},{"id_facture":44,"numero_facture":"009.2025","date_facture":"2025-07-14","montant_total":"788.00","id_client":2,"date_edition":"2025-07-23 07:22:45","factfilename":"facture_009.2025_Gilles_Dubey_20250723_072245.pdf","date_envoi":"2025-07-23","date_paiement":null,"date_dernier_paiement":null,"montant_paye":null,"montant_paye_total":"0.00","montant_restant":"786.00","nb_paiements":0,"date_annulation":null,"etat":"Envoy\u00e9e","ristourne":"2.00","nom":"Dubey","prenom":"Gilles","email":"gilles.dubey@ik.me"},{"id_facture":43,"numero_facture":"008.2025","date_facture":"2025-07-13","montant_total":"3570.00","id_client":5,"date_edition":"2025-09-08 10:44:30","factfilename":"facture_008.2025_Jules_Cesar_20250908_104430.pdf","date_envoi":"2025-07-23","date_paiement":null,"date_dernier_paiement":null,"montant_paye":"0.00","montant_paye_total":"0.00","montant_restant":"3570.00","nb_paiements":0,"date_annulation":null,"etat":"Envoy\u00e9e","ristourne":"0.00","nom":"C\u00e9sar","prenom":"Jules","email":"jules.cesar@rome.com"},{"id_facture":42,"numero_facture":"007.2025","date_facture":"2025-07-12","montant_total":"3570.00","id_client":5,"date_edition":"2025-07-13 12:04:18","factfilename":"facture_007.2025_Jules_Cesar_20250713_120417.pdf","date_envoi":"2025-07-22","date_paiement":null,"date_dernier_paiement":null,"montant_paye":"0.00","montant_paye_total":"0.00","montant_restant":"3570.00","nb_paiements":0,"date_annulation":null,"etat":"Envoy\u00e9e","ristourne":"0.00","nom":"C\u00e9sar","prenom":"Jules","email":"jules.cesar@rome.com"},{"id_facture":41,"numero_facture":"006.2025","date_facture":"2025-07-09","montant_total":"720.00","id_client":5,"date_edition":"2025-07-09 09:20:52","factfilename":"facture_006.2025_Jules_Cesar_20250709_092051.pdf","date_envoi":"2025-07-09","date_paiement":null,"date_dernier_paiement":null,"montant_paye":"0.00","montant_paye_total":"0.00","montant_restant":"720.00","nb_paiements":0,"date_annulation":null,"etat":"Envoy\u00e9e","ristourne":"0.00","nom":"C\u00e9sar","prenom":"Jules","email":"jules.cesar@rome.com"},{"id_facture":40,"numero_facture":"005.2025","date_facture":"2025-06-30","montant_total":"180.00","id_client":9,"date_edition":"2025-06-26 22:30:04","factfilename":"facture_005.2025_Suzanne_Corminboeuf_20250626_223004.pdf","date_envoi":null,"date_paiement":null,"date_dernier_paiement":null,"montant_paye":"0.00","montant_paye_total":"0.00","montant_restant":"180.00","nb_paiements":0,"date_annulation":null,"etat":"\u00c9dit\u00e9e","ristourne":"0.00","nom":"Corminboeuf","prenom":"Suzanne","email":"suzanne.corminboeuf@gmail.com"},{"id_facture":39,"numero_facture":"004.2025","date_facture":"2025-06-26","montant_total":"270.00","id_client":8,"date_edition":"2025-06-26 22:20:29","factfilename":"facture_004.2025_Sandrine_Bouquet_20250626_222029.pdf","date_envoi":null,"date_paiement":null,"date_dernier_paiement":null,"montant_paye":"0.00","montant_paye_total":"0.00","montant_restant":"270.00","nb_paiements":0,"date_annulation":null,"etat":"\u00c9dit\u00e9e","ristourne":"0.00","nom":"Bouquet","prenom":"Sandrine","email":"sandrine@pilatitude.ch"},{"id_facture":38,"numero_facture":"003.2025","date_facture":"2025-06-26","montant_total":"1579.00","id_client":1,"date_edition":"2025-07-13 12:03:33","factfilename":"facture_003.2025_Michele_Spirig_20250713_120333.pdf","date_envoi":"2025-06-26","date_paiement":null,"date_dernier_paiement":null,"montant_paye":"0.00","montant_paye_total":"0.00","montant_restant":"1579.00","nb_paiements":0,"date_annulation":null,"etat":"\u00c9dit\u00e9e","ristourne":"0.50","nom":"Spirig","prenom":"Mich\u00e8le","email":"info@feeduyoga.ch"},{"id_facture":36,"numero_facture":"036.2025","date_facture":"2025-06-25","montant_total":"30.00","id_client":5,"date_edition":"2025-07-13 12:03:54","factfilename":"facture_036.2025_Jules_Cesar_20250713_120354.pdf","date_envoi":"2025-06-30","date_paiement":"2025-07-01 00:00:00","date_dernier_paiement":"2025-07-01 00:00:00","montant_paye":"30.00","montant_paye_total":"30.00","montant_restant":"0.00","nb_paiements":1,"date_annulation":null,"etat":"Pay\u00e9e","ristourne":"0.00","nom":"C\u00e9sar","prenom":"Jules","email":"jules.cesar@rome.com"},{"id_facture":37,"numero_facture":"037.2025","date_facture":"2025-06-25","montant_total":"30.00","id_client":5,"date_edition":"2025-07-22 08:03:17","factfilename":"facture_037.2025_Jules_Cesar_20250722_080317.pdf","date_envoi":"2025-06-25","date_paiement":"2025-06-25 00:00:00","date_dernier_paiement":"2025-06-25 00:00:00","montant_paye":"30.00","montant_paye_total":"30.00","montant_restant":"0.00","nb_paiements":1,"date_annulation":null,"etat":"Pay\u00e9e","ristourne":"0.00","nom":"C\u00e9sar","prenom":"Jules","email":"jules.cesar@rome.com"},{"id_facture":35,"numero_facture":"035.2025","date_facture":"2025-05-22","montant_total":"470.00","id_client":5,"date_edition":"2025-07-21 08:10:08","factfilename":"facture_035.2025_Jules_Cesar_20250721_081008.pdf","date_envoi":"2025-07-21","date_paiement":"2025-07-21 00:00:00","date_dernier_paiement":"2025-07-21 00:00:00","montant_paye":"470.00","montant_paye_total":"470.00","montant_restant":"0.00","nb_paiements":1,"date_annulation":null,"etat":"Pay\u00e9e","ristourne":"0.00","nom":"C\u00e9sar","prenom":"Jules","email":"jules.cesar@rome.com"},{"id_facture":34,"numero_facture":"034.2025","date_facture":"2025-05-21","montant_total":"378.00","id_client":5,"date_edition":"2025-05-22 19:18:44","factfilename":"facture_034.2025_Jules_C\u00e9sar_20250522_191843.pdf","date_envoi":"2025-06-04","date_paiement":"2025-07-07 00:00:00","date_dernier_paiement":"2025-07-07 00:00:00","montant_paye":"378.00","montant_paye_total":"378.00","montant_restant":"0.00","nb_paiements":1,"date_annulation":null,"etat":"Pay\u00e9e","ristourne":"2.00","nom":"C\u00e9sar","prenom":"Jules","email":"jules.cesar@rome.com"},{"id_facture":33,"numero_facture":"033.2025","date_facture":"2025-05-19","montant_total":"180.00","id_client":7,"date_edition":"2025-07-21 16:13:03","factfilename":"facture_033.2025_Hans_Muller_20250721_161303.pdf","date_envoi":"2025-05-22","date_paiement":"2025-05-22 00:00:00","date_dernier_paiement":"2025-05-22 00:00:00","montant_paye":"180.00","montant_paye_total":"180.00","montant_restant":"0.00","nb_paiements":1,"date_annulation":null,"etat":"Pay\u00e9e","ristourne":"0.00","nom":"M\u00fcller","prenom":"Hans","email":"hans.mueller@example.ch"},{"id_facture":30,"numero_facture":"030.2025","date_facture":"2025-05-19","montant_total":"50.00","id_client":1,"date_edition":"2025-05-30 09:49:15","factfilename":"facture_030.2025_Mich\u00e8le_Spirig_20250530_094915.pdf","date_envoi":"2025-05-19","date_paiement":"2025-05-19 00:00:00","date_dernier_paiement":"2025-05-19 00:00:00","montant_paye":"50.00","montant_paye_total":"50.00","montant_restant":"0.00","nb_paiements":1,"date_annulation":null,"etat":"Pay\u00e9e","ristourne":"4.00","nom":"Spirig","prenom":"Mich\u00e8le","email":"info@feeduyoga.ch"},{"id_facture":31,"numero_facture":"031.2025","date_facture":"2025-05-19","montant_total":"120.00","id_client":7,"date_edition":"2025-05-30 10:38:50","factfilename":"facture_031.2025_Hans_M\u00fcller_20250530_103850.pdf","date_envoi":"2025-06-04","date_paiement":"2025-07-07 00:00:00","date_dernier_paiement":"2025-07-07 00:00:00","montant_paye":"120.00","montant_paye_total":"120.00","montant_restant":"0.00","nb_paiements":1,"date_annulation":null,"etat":"Pay\u00e9e","ristourne":"0.00","nom":"M\u00fcller","prenom":"Hans","email":"hans.mueller@example.ch"},{"id_facture":28,"numero_facture":"028.2025","date_facture":"2025-05-16","montant_total":"4270.00","id_client":2,"date_edition":"2025-09-13 18:49:13","factfilename":"facture_028.2025_Gilles_Dubey_20250913_184912.pdf","date_envoi":"2025-06-04","date_paiement":"2025-07-07 00:00:00","date_dernier_paiement":"2025-07-07 00:00:00","montant_paye":"4270.00","montant_paye_total":"4270.00","montant_restant":"0.00","nb_paiements":1,"date_annulation":null,"etat":"Pay\u00e9e","ristourne":"3.50","nom":"Dubey","prenom":"Gilles","email":"gilles.dubey@ik.me"},{"id_facture":27,"numero_facture":"027.2025","date_facture":"2025-05-15","montant_total":"1.00","id_client":5,"date_edition":"2025-05-24 09:41:03","factfilename":"facture_027.2025_Jules_C\u00e9sar_20250524_094102.pdf","date_envoi":"2025-06-04","date_paiement":"2025-07-07 00:00:00","date_dernier_paiement":"2025-07-07 00:00:00","montant_paye":"1.00","montant_paye_total":"1.00","montant_restant":"0.00","nb_paiements":1,"date_annulation":null,"etat":"Pay\u00e9e","ristourne":"0.00","nom":"C\u00e9sar","prenom":"Jules","email":"jules.cesar@rome.com"},{"id_facture":26,"numero_facture":"026.2025","date_facture":"2025-05-13","montant_total":"700.00","id_client":2,"date_edition":"2025-05-13 17:09:23","factfilename":"facture_026.2025_Gilles_Dubey_20250513_170923.pdf","date_envoi":"2025-05-13","date_paiement":"2025-05-13 00:00:00","date_dernier_paiement":"2025-05-13 00:00:00","montant_paye":"700.00","montant_paye_total":"700.00","montant_restant":"0.00","nb_paiements":1,"date_annulation":null,"etat":"Pay\u00e9e","ristourne":"0.00","nom":"Dubey","prenom":"Gilles","email":"gilles.dubey@ik.me"},{"id_facture":24,"numero_facture":"024.2025","date_facture":"2025-04-29","montant_total":"60.00","id_client":5,"date_edition":"2025-09-13 18:49:36","factfilename":"facture_024.2025_Jules_Cesar_20250913_184936.pdf","date_envoi":"2025-07-07","date_paiement":null,"date_dernier_paiement":null,"montant_paye":"0.00","montant_paye_total":"0.00","montant_restant":"60.00","nb_paiements":0,"date_annulation":"2025-07-14","etat":"Annul\u00e9e","ristourne":"0.00","nom":"C\u00e9sar","prenom":"Jules","email":"jules.cesar@rome.com"},{"id_facture":25,"numero_facture":"025.2025","date_facture":"2025-04-29","montant_total":"1860.00","id_client":5,"date_edition":"2025-05-24 10:07:46","factfilename":"facture_025.2025_Jules_C\u00e9sar_20250524_100746.pdf","date_envoi":"2025-07-07","date_paiement":null,"date_dernier_paiement":null,"montant_paye":"0.00","montant_paye_total":"0.00","montant_restant":"1860.00","nb_paiements":0,"date_annulation":"2025-07-21","etat":"Annul\u00e9e","ristourne":"0.00","nom":"C\u00e9sar","prenom":"Jules","email":"jules.cesar@rome.com"},{"id_facture":23,"numero_facture":"023.2025","date_facture":"2025-04-29","montant_total":"10.00","id_client":2,"date_edition":"2025-07-25 05:52:38","factfilename":"facture_023.2025_Gilles_Dubey_20250725_055238.pdf","date_envoi":"2025-07-25","date_paiement":null,"date_dernier_paiement":null,"montant_paye":"0.00","montant_paye_total":"0.00","montant_restant":"10.00","nb_paiements":0,"date_annulation":null,"etat":"Envoy\u00e9e","ristourne":"2.00","nom":"Dubey","prenom":"Gilles","email":"gilles.dubey@ik.me"},{"id_facture":19,"numero_facture":"019.2025","date_facture":"2025-04-28","montant_total":"75.00","id_client":4,"date_edition":"2025-05-11 20:48:10","factfilename":"facture_019.2025_Victor_Hugo_20250511_204810.pdf","date_envoi":"2025-07-09","date_paiement":null,"date_dernier_paiement":null,"montant_paye":"0.00","montant_paye_total":"0.00","montant_restant":"75.00","nb_paiements":0,"date_annulation":null,"etat":"Envoy\u00e9e","ristourne":"0.00","nom":"Hugo","prenom":"Victor","email":"victor.hugo@miserables.com"},{"id_facture":21,"numero_facture":"021.2025","date_facture":"2025-04-28","montant_total":"200.00","id_client":1,"date_edition":"2025-05-30 09:23:39","factfilename":"facture_021.2025_Mich\u00e8le_Spirig_20250530_092339.pdf","date_envoi":"2025-06-04","date_paiement":"2025-06-06 00:00:00","date_dernier_paiement":"2025-06-06 00:00:00","montant_paye":"200.00","montant_paye_total":"200.00","montant_restant":"0.00","nb_paiements":1,"date_annulation":null,"etat":"Pay\u00e9e","ristourne":"2.50","nom":"Spirig","prenom":"Mich\u00e8le","email":"info@feeduyoga.ch"},{"id_facture":20,"numero_facture":"020.2025","date_facture":"2025-04-28","montant_total":"25.00","id_client":3,"date_edition":"2025-05-30 09:57:27","factfilename":"facture_020.2025_Lady_Gaga_20250530_095727.pdf","date_envoi":"2025-07-07","date_paiement":"2025-07-14 00:00:00","date_dernier_paiement":"2025-07-14 00:00:00","montant_paye":"25.00","montant_paye_total":"25.00","montant_restant":"0.00","nb_paiements":1,"date_annulation":null,"etat":"Pay\u00e9e","ristourne":"0.00","nom":"Gaga","prenom":"Lady","email":"lady.gaga@ladygaga.com"},{"id_facture":18,"numero_facture":"018.2025","date_facture":"2025-04-27","montant_total":"125.00","id_client":3,"date_edition":"2025-04-28 06:08:56","factfilename":"facture_018.2025_Lady_Gaga_20250428_060856.pdf","date_envoi":"2025-06-04","date_paiement":null,"date_dernier_paiement":null,"montant_paye":"0.00","montant_paye_total":"0.00","montant_restant":"125.00","nb_paiements":0,"date_annulation":"2025-07-09","etat":"Annul\u00e9e","ristourne":"0.00","nom":"Gaga","prenom":"Lady","email":"lady.gaga@ladygaga.com"},{"id_facture":16,"numero_facture":"016.2025","date_facture":"2025-04-25","montant_total":"120.00","id_client":5,"date_edition":"2025-04-25 12:32:16","factfilename":"facture_016.2025_Jules_C\u00e9sar_20250425_123216.pdf","date_envoi":"2025-07-09","date_paiement":null,"date_dernier_paiement":null,"montant_paye":"0.00","montant_paye_total":"0.00","montant_restant":"120.00","nb_paiements":0,"date_annulation":null,"etat":"Envoy\u00e9e","ristourne":"0.00","nom":"C\u00e9sar","prenom":"Jules","email":"jules.cesar@rome.com"},{"id_facture":14,"numero_facture":"014.2025","date_facture":"2025-04-25","montant_total":"30.00","id_client":2,"date_edition":"2025-04-25 07:46:19","factfilename":null,"date_envoi":null,"date_paiement":null,"date_dernier_paiement":null,"montant_paye":"0.00","montant_paye_total":"0.00","montant_restant":"30.00","nb_paiements":0,"date_annulation":null,"etat":"En attente","ristourne":"0.00","nom":"Dubey","prenom":"Gilles","email":"gilles.dubey@ik.me"},{"id_facture":17,"numero_facture":"017.2025","date_facture":"2025-04-25","montant_total":"788.00","id_client":2,"date_edition":"2025-04-28 06:51:44","factfilename":"facture_017.2025_Gilles_Dubey_20250428_065144.pdf","date_envoi":"2025-07-09","date_paiement":null,"date_dernier_paiement":null,"montant_paye":"0.00","montant_paye_total":"0.00","montant_restant":"788.00","nb_paiements":0,"date_annulation":null,"etat":"Envoy\u00e9e","ristourne":"2.00","nom":"Dubey","prenom":"Gilles","email":"gilles.dubey@ik.me"},{"id_facture":13,"numero_facture":"013.2025","date_facture":"2025-04-23","montant_total":"3330.00","id_client":2,"date_edition":"2025-04-27 00:11:40","factfilename":"facture_013.2025_Gilles_Dubey_20250427_001140.pdf","date_envoi":null,"date_paiement":null,"date_dernier_paiement":null,"montant_paye":"0.00","montant_paye_total":"0.00","montant_restant":"3330.00","nb_paiements":0,"date_annulation":null,"etat":"Envoy\u00e9e","ristourne":"6.40","nom":"Dubey","prenom":"Gilles","email":"gilles.dubey@ik.me"},{"id_facture":10,"numero_facture":"010.2025","date_facture":"2025-04-22","montant_total":"390.00","id_client":2,"date_edition":"2025-04-22 15:03:49","factfilename":"facture_010.2025_Gilles_Dubey_20250422_150349.pdf","date_envoi":null,"date_paiement":"2025-04-22 00:00:00","date_dernier_paiement":"2025-04-22 00:00:00","montant_paye":"390.00","montant_paye_total":"390.00","montant_restant":"0.00","nb_paiements":1,"date_annulation":null,"etat":"Pay\u00e9e","ristourne":"2.00","nom":"Dubey","prenom":"Gilles","email":"gilles.dubey@ik.me"},{"id_facture":11,"numero_facture":"011.2025","date_facture":"2025-04-22","montant_total":"50.00","id_client":2,"date_edition":"2025-04-25 06:27:26","factfilename":"facture_011.2025_Gilles_Dubey_20250425_062726.pdf","date_envoi":null,"date_paiement":"2025-04-25 00:00:00","date_dernier_paiement":"2025-04-25 00:00:00","montant_paye":"50.00","montant_paye_total":"50.00","montant_restant":"0.00","nb_paiements":1,"date_annulation":null,"etat":"Pay\u00e9e","ristourne":"4.00","nom":"Dubey","prenom":"Gilles","email":"gilles.dubey@ik.me"},{"id_facture":12,"numero_facture":"012.2025","date_facture":"2025-04-22","montant_total":"10.00","id_client":2,"date_edition":"2025-04-23 06:38:19","factfilename":"facture_012.2025_Gilles_Dubey_20250423_063819.pdf","date_envoi":null,"date_paiement":"2025-04-23 00:00:00","date_dernier_paiement":"2025-04-23 00:00:00","montant_paye":"10.00","montant_paye_total":"10.00","montant_restant":"0.00","nb_paiements":1,"date_annulation":null,"etat":"Pay\u00e9e","ristourne":"0.00","nom":"Dubey","prenom":"Gilles","email":"gilles.dubey@ik.me"},{"id_facture":7,"numero_facture":"007.2025","date_facture":"2025-04-18","montant_total":"120.00","id_client":2,"date_edition":"2025-04-23 04:55:24","factfilename":"facture_007.2025_Gilles_Dubey_20250423_045524.pdf","date_envoi":"2025-07-09","date_paiement":null,"date_dernier_paiement":null,"montant_paye":"0.00","montant_paye_total":"0.00","montant_restant":"120.00","nb_paiements":0,"date_annulation":null,"etat":"Envoy\u00e9e","ristourne":"2.25","nom":"Dubey","prenom":"Gilles","email":"gilles.dubey@ik.me"},{"id_facture":3,"numero_facture":"003.2025","date_facture":"2025-04-18","montant_total":"150.00","id_client":2,"date_edition":"2025-07-22 21:51:31","factfilename":"facture_003.2025_Gilles_Dubey_20250722_215130.pdf","date_envoi":"2025-07-22","date_paiement":null,"date_dernier_paiement":null,"montant_paye":"100.00","montant_paye_total":"0.00","montant_restant":"150.00","nb_paiements":0,"date_annulation":null,"etat":"Envoy\u00e9e","ristourne":"0.00","nom":"Dubey","prenom":"Gilles","email":"gilles.dubey@ik.me"},{"id_facture":9,"numero_facture":"009.2025","date_facture":"2025-04-18","montant_total":"20.00","id_client":2,"date_edition":"2025-05-19 19:13:56","factfilename":"facture_009.2025_Gilles_Dubey_20250519_191356.pdf","date_envoi":null,"date_paiement":null,"date_dernier_paiement":null,"montant_paye":"0.00","montant_paye_total":"0.00","montant_restant":"20.00","nb_paiements":0,"date_annulation":"2025-04-22","etat":"Annul\u00e9e","ristourne":"4.50","nom":"Dubey","prenom":"Gilles","email":"gilles.dubey@ik.me"},{"id_facture":4,"numero_facture":"004.2025","date_facture":"2025-04-18","montant_total":"31.50","id_client":2,"date_edition":"2025-06-04 19:48:36","factfilename":"facture_004.2025_Gilles_Dubey_20250604_194836.pdf","date_envoi":"2025-07-09","date_paiement":null,"date_dernier_paiement":null,"montant_paye":"0.00","montant_paye_total":"0.00","montant_restant":"31.50","nb_paiements":0,"date_annulation":null,"etat":"Envoy\u00e9e","ristourne":"0.00","nom":"Dubey","prenom":"Gilles","email":"gilles.dubey@ik.me"},{"id_facture":5,"numero_facture":"005.2025","date_facture":"2025-04-18","montant_total":"32.05","id_client":2,"date_edition":"2025-06-04 01:31:01","factfilename":"facture_005.2025_Gilles_Dubey_20250604_013101.pdf","date_envoi":"2025-07-09","date_paiement":null,"date_dernier_paiement":null,"montant_paye":"0.00","montant_paye_total":"0.00","montant_restant":"32.05","nb_paiements":0,"date_annulation":null,"etat":"Envoy\u00e9e","ristourne":"0.00","nom":"Dubey","prenom":"Gilles","email":"gilles.dubey@ik.me"},{"id_facture":6,"numero_facture":"006.2025","date_facture":"2025-04-18","montant_total":"235.55","id_client":2,"date_edition":"2025-05-30 11:09:21","factfilename":"facture_006.2025_Gilles_Dubey_20250530_110921.pdf","date_envoi":"2025-07-09","date_paiement":null,"date_dernier_paiement":null,"montant_paye":"0.00","montant_paye_total":"0.00","montant_restant":"235.55","nb_paiements":0,"date_annulation":null,"etat":"Envoy\u00e9e","ristourne":"0.00","nom":"Dubey","prenom":"Gilles","email":"gilles.dubey@ik.me"},{"id_facture":2,"numero_facture":"002.2025","date_facture":"2025-04-15","montant_total":"30.00","id_client":2,"date_edition":"2025-04-22 13:22:28","factfilename":"facture_002.2025_Gilles_Dubey_20250422_132228.pdf","date_envoi":"2025-07-07","date_paiement":null,"date_dernier_paiement":null,"montant_paye":"0.00","montant_paye_total":"0.00","montant_restant":"30.00","nb_paiements":0,"date_annulation":null,"etat":"Envoy\u00e9e","ristourne":"0.00","nom":"Dubey","prenom":"Gilles","email":"gilles.dubey@ik.me"},{"id_facture":1,"numero_facture":"001.2025","date_facture":"2025-04-15","montant_total":"1390.50","id_client":1,"date_edition":"2025-04-28 06:13:48","factfilename":"facture_001.2025_Mich\u00e8le_Spirig_20250428_061348.pdf","date_envoi":null,"date_paiement":null,"date_dernier_paiement":null,"montant_paye":"0.00","montant_paye_total":"0.00","montant_restant":"1390.50","nb_paiements":0,"date_annulation":null,"etat":"Envoy\u00e9e","ristourne":"0.00","nom":"Spirig","prenom":"Mich\u00e8le","email":"info@feeduyoga.ch"},{"id_facture":8,"numero_facture":"008.2025","date_facture":"2025-03-01","montant_total":"120.00","id_client":2,"date_edition":"2025-04-22 04:59:49","factfilename":"facture_008.2025_Gilles_Dubey_20250422_045949.pdf","date_envoi":null,"date_paiement":"2025-07-01 00:00:00","date_dernier_paiement":"2025-07-01 00:00:00","montant_paye":"120.00","montant_paye_total":"120.00","montant_restant":"0.00","nb_paiements":1,"date_annulation":null,"etat":"Pay\u00e9e","ristourne":"1.00","nom":"Dubey","prenom":"Gilles","email":"gilles.dubey@ik.me"}]}
[17-Sep-2025 10:48:00 Europe/Zurich] facture-api - Résultat liste factures (nombre): 63
[17-Sep-2025 10:48:00 Europe/Zurich] 🔑 parametre-api.php - Session ID forcé depuis URL: hk4tbv7mv7oti1bgm4jgvhcsfb
[17-Sep-2025 10:48:00 Europe/Zurich] 🔍 Session cross-domain analysis :
[17-Sep-2025 10:48:00 Europe/Zurich] - HTTP_ORIGIN: http://localhost:3000
[17-Sep-2025 10:48:00 Europe/Zurich] - HTTP_HOST: localhost
[17-Sep-2025 10:48:00 Europe/Zurich] - Is cross-domain: YES
[17-Sep-2025 10:48:00 Europe/Zurich] 🏠 Configuration same-domain appliquée
[17-Sep-2025 10:48:00 Europe/Zurich] 🔧 Session cross-domain configurée - ID: hk4tbv7mv7oti1bgm4jgvhcsfb
[17-Sep-2025 10:48:00 Europe/Zurich] 🍪 Cookie params: {"lifetime":1800,"path":"\/","domain":"","secure":true,"httponly":false,"samesite":"None"}
[17-Sep-2025 10:48:00 Europe/Zurich] 🔍 User en session: 2
[17-Sep-2025 10:48:00 Europe/Zurich] 🔧 Setup CORS - Début
[17-Sep-2025 10:48:00 Europe/Zurich] - Mode: DÉVELOPPEMENT
[17-Sep-2025 10:48:00 Europe/Zurich] - Origin reçu: http://localhost:3000
[17-Sep-2025 10:48:00 Europe/Zurich] 🔍 Test d'autorisation pour origin: 'http://localhost:3000'
[17-Sep-2025 10:48:00 Europe/Zurich] 📝 Origins autorisées: ["http:\/\/localhost:3007","http:\/\/localhost:3000","http:\/\/127.0.0.1:3000","http:\/\/localhost:3007","https:\/\/dev-facturation"]
[17-Sep-2025 10:48:00 Europe/Zurich] ✅ Origin autorisé: http://localhost:3000
[17-Sep-2025 10:48:00 Europe/Zurich] 📤 En-têtes CORS envoyés:
[17-Sep-2025 10:48:00 Europe/Zurich] - Methods: GET, POST, PUT, DELETE, OPTIONS
[17-Sep-2025 10:48:00 Europe/Zurich] - Headers: Content-Type, Authorization, X-Requested-With
[17-Sep-2025 10:48:00 Europe/Zurich] - Credentials: true
[17-Sep-2025 10:48:00 Europe/Zurich] parametre-api - Chargement de la configuration
[17-Sep-2025 10:48:00 Europe/Zurich] parametre-api - Méthode: GET
[17-Sep-2025 10:48:00 Europe/Zurich] parametre-api - URL complète: /fact-back/api/parametre-api.php?PHPSESSID=hk4tbv7mv7oti1bgm4jgvhcsfb&nomParametre=Corps&groupe=Email&sGroupe=Corps&categorie=tu&_ts=1758098879406
[17-Sep-2025 10:48:00 Europe/Zurich] parametre-api - Origin: http://localhost:3000
[17-Sep-2025 10:48:00 Europe/Zurich] parametre-api - Paramètres GET: {"PHPSESSID":"hk4tbv7mv7oti1bgm4jgvhcsfb","nomParametre":"Corps","groupe":"Email","sGroupe":"Corps","categorie":"tu","_ts":"1758098879406"}
[17-Sep-2025 10:48:00 Europe/Zurich] parametre-api - Session ID: hk4tbv7mv7oti1bgm4jgvhcsfb
[17-Sep-2025 10:48:00 Europe/Zurich] parametre-api - Session status: 2
[17-Sep-2025 10:48:00 Europe/Zurich] parametre-api - Session content: {"user_id":2,"user_name":"test_admin","user_role":"admin"}
[17-Sep-2025 10:48:00 Europe/Zurich] 🔍 parametre-api - Session initialisée par bootstrap.php
[17-Sep-2025 10:48:00 Europe/Zurich] parametre-api - Session trouvée - User ID: 2, Role: admin
[17-Sep-2025 10:48:00 Europe/Zurich] ✅ parametre-api - Accès autorisé pour utilisateur: 2 (role: admin)
[17-Sep-2025 10:48:00 Europe/Zurich] parametre-api - Méthode: GET
[17-Sep-2025 10:48:00 Europe/Zurich] parametre-api - Paramètres GET: {"PHPSESSID":"hk4tbv7mv7oti1bgm4jgvhcsfb","nomParametre":"Corps","groupe":"Email","sGroupe":"Corps","categorie":"tu","_ts":"1758098879406"}
[17-Sep-2025 10:48:00 Europe/Zurich] parametre-api - GET paramètres par sous-groupe: Email/Corps (user: 2)
[17-Sep-2025 10:48:00 Europe/Zurich] 🔑 client-api.php - Session ID forcé depuis URL: hk4tbv7mv7oti1bgm4jgvhcsfb
[17-Sep-2025 10:48:00 Europe/Zurich] 🔍 Session cross-domain analysis :
[17-Sep-2025 10:48:00 Europe/Zurich] - HTTP_ORIGIN: http://localhost:3000
[17-Sep-2025 10:48:00 Europe/Zurich] - HTTP_HOST: localhost
[17-Sep-2025 10:48:00 Europe/Zurich] - Is cross-domain: YES
[17-Sep-2025 10:48:00 Europe/Zurich] 🏠 Configuration same-domain appliquée
[17-Sep-2025 10:48:00 Europe/Zurich] 🔧 Session cross-domain configurée - ID: hk4tbv7mv7oti1bgm4jgvhcsfb
[17-Sep-2025 10:48:00 Europe/Zurich] 🍪 Cookie params: {"lifetime":1800,"path":"\/","domain":"","secure":true,"httponly":false,"samesite":"None"}
[17-Sep-2025 10:48:00 Europe/Zurich] 🔍 User en session: 2
[17-Sep-2025 10:48:00 Europe/Zurich] 🔧 Setup CORS - Début
[17-Sep-2025 10:48:00 Europe/Zurich] - Mode: DÉVELOPPEMENT
[17-Sep-2025 10:48:00 Europe/Zurich] - Origin reçu: http://localhost:3000
[17-Sep-2025 10:48:00 Europe/Zurich] 🔍 Test d'autorisation pour origin: 'http://localhost:3000'
[17-Sep-2025 10:48:00 Europe/Zurich] 📝 Origins autorisées: ["http:\/\/localhost:3007","http:\/\/localhost:3000","http:\/\/127.0.0.1:3000","http:\/\/localhost:3007","https:\/\/dev-facturation"]
[17-Sep-2025 10:48:00 Europe/Zurich] ✅ Origin autorisé: http://localhost:3000
[17-Sep-2025 10:48:00 Europe/Zurich] 📤 En-têtes CORS envoyés:
[17-Sep-2025 10:48:00 Europe/Zurich] - Methods: GET, POST, PUT, DELETE, OPTIONS
[17-Sep-2025 10:48:00 Europe/Zurich] - Headers: Content-Type, Authorization, X-Requested-With
[17-Sep-2025 10:48:00 Europe/Zurich] - Credentials: true
[17-Sep-2025 10:48:00 Europe/Zurich] client-api - Chargement de la configuration
[17-Sep-2025 10:48:00 Europe/Zurich] client-api - Méthode: GET
[17-Sep-2025 10:48:00 Europe/Zurich] client-api - URL complète: /fact-back/api/client-api.php?PHPSESSID=hk4tbv7mv7oti1bgm4jgvhcsfb&_ts=1758098879406
[17-Sep-2025 10:48:00 Europe/Zurich] client-api - Origin: http://localhost:3000
[17-Sep-2025 10:48:00 Europe/Zurich] client-api - Paramètres GET: {"PHPSESSID":"hk4tbv7mv7oti1bgm4jgvhcsfb","_ts":"1758098879406"}
[17-Sep-2025 10:48:00 Europe/Zurich] client-api - Session ID: hk4tbv7mv7oti1bgm4jgvhcsfb
[17-Sep-2025 10:48:00 Europe/Zurich] client-api - Session status: 2
[17-Sep-2025 10:48:00 Europe/Zurich] client-api - Session content: {"user_id":2,"user_name":"test_admin","user_role":"admin"}
[17-Sep-2025 10:48:00 Europe/Zurich] 🔍 client-api - Session initialisée par bootstrap.php
[17-Sep-2025 10:48:00 Europe/Zurich] client-api - Session trouvée - User ID: 2, Role: admin
[17-Sep-2025 10:48:00 Europe/Zurich] client-api - Session keys: ["user_id","user_name","user_role"]
[17-Sep-2025 10:48:00 Europe/Zurich] client-api - Cookies reçues: {"PHPSESSID":"hk4tbv7mv7oti1bgm4jgvhcsfb"}
[17-Sep-2025 10:48:00 Europe/Zurich] client-api - Méthode: GET
[17-Sep-2025 10:48:00 Europe/Zurich] client-api - Paramètres GET: {"PHPSESSID":"hk4tbv7mv7oti1bgm4jgvhcsfb","_ts":"1758098879406"}
[17-Sep-2025 10:48:00 Europe/Zurich] ✅ client-api - Accès autorisé pour utilisateur: 2 (role: admin)
[17-Sep-2025 10:48:00 Europe/Zurich] client-api - Méthode: GET
[17-Sep-2025 10:48:00 Europe/Zurich] client-api - Paramètres GET: {"PHPSESSID":"hk4tbv7mv7oti1bgm4jgvhcsfb","_ts":"1758098879406"}
[17-Sep-2025 10:48:00 Europe/Zurich] client-api - Traitement GET pour client
[17-Sep-2025 10:48:00 Europe/Zurich] client-api - Paramètres GET: {"PHPSESSID":"hk4tbv7mv7oti1bgm4jgvhcsfb","_ts":"1758098879406"}
[17-Sep-2025 10:48:00 Europe/Zurich] client-api - GET ID: Aucun ID fourni
[17-Sep-2025 10:48:00 Europe/Zurich] client-api - GET checkFactures: Aucun paramètre checkFactures
[17-Sep-2025 10:48:00 Europe/Zurich] client-api - Récupération liste clients (page: 1, limit: 50) pour user: 2
[17-Sep-2025 10:48:00 Europe/Zurich] 🔑 parametre-api.php - Session ID forcé depuis URL: hk4tbv7mv7oti1bgm4jgvhcsfb
[17-Sep-2025 10:48:00 Europe/Zurich] 🔍 Session cross-domain analysis :
[17-Sep-2025 10:48:00 Europe/Zurich] - HTTP_ORIGIN: http://localhost:3000
[17-Sep-2025 10:48:00 Europe/Zurich] - HTTP_HOST: localhost
[17-Sep-2025 10:48:00 Europe/Zurich] - Is cross-domain: YES
[17-Sep-2025 10:48:00 Europe/Zurich] 🏠 Configuration same-domain appliquée
[17-Sep-2025 10:48:00 Europe/Zurich] 🔧 Session cross-domain configurée - ID: hk4tbv7mv7oti1bgm4jgvhcsfb
[17-Sep-2025 10:48:00 Europe/Zurich] 🍪 Cookie params: {"lifetime":1800,"path":"\/","domain":"","secure":true,"httponly":false,"samesite":"None"}
[17-Sep-2025 10:48:00 Europe/Zurich] 🔍 User en session: 2
[17-Sep-2025 10:48:00 Europe/Zurich] 🔧 Setup CORS - Début
[17-Sep-2025 10:48:00 Europe/Zurich] - Mode: DÉVELOPPEMENT
[17-Sep-2025 10:48:00 Europe/Zurich] - Origin reçu: http://localhost:3000
[17-Sep-2025 10:48:00 Europe/Zurich] 🔍 Test d'autorisation pour origin: 'http://localhost:3000'
[17-Sep-2025 10:48:00 Europe/Zurich] 📝 Origins autorisées: ["http:\/\/localhost:3007","http:\/\/localhost:3000","http:\/\/127.0.0.1:3000","http:\/\/localhost:3007","https:\/\/dev-facturation"]
[17-Sep-2025 10:48:00 Europe/Zurich] ✅ Origin autorisé: http://localhost:3000
[17-Sep-2025 10:48:00 Europe/Zurich] 📤 En-têtes CORS envoyés:
[17-Sep-2025 10:48:00 Europe/Zurich] - Methods: GET, POST, PUT, DELETE, OPTIONS
[17-Sep-2025 10:48:00 Europe/Zurich] - Headers: Content-Type, Authorization, X-Requested-With
[17-Sep-2025 10:48:00 Europe/Zurich] - Credentials: true
[17-Sep-2025 10:48:00 Europe/Zurich] 🔄 Requête OPTIONS (preflight) - Réponse immédiate
[17-Sep-2025 10:48:00 Europe/Zurich] 🔑 parametre-api.php - Session ID forcé depuis URL: hk4tbv7mv7oti1bgm4jgvhcsfb
[17-Sep-2025 10:48:00 Europe/Zurich] 🔍 Session cross-domain analysis :
[17-Sep-2025 10:48:00 Europe/Zurich] - HTTP_ORIGIN: http://localhost:3000
[17-Sep-2025 10:48:00 Europe/Zurich] - HTTP_HOST: localhost
[17-Sep-2025 10:48:00 Europe/Zurich] - Is cross-domain: YES
[17-Sep-2025 10:48:00 Europe/Zurich] 🏠 Configuration same-domain appliquée
[17-Sep-2025 10:48:00 Europe/Zurich] 🔧 Session cross-domain configurée - ID: hk4tbv7mv7oti1bgm4jgvhcsfb
[17-Sep-2025 10:48:00 Europe/Zurich] 🍪 Cookie params: {"lifetime":1800,"path":"\/","domain":"","secure":true,"httponly":false,"samesite":"None"}
[17-Sep-2025 10:48:00 Europe/Zurich] 🔍 User en session: 2
[17-Sep-2025 10:48:00 Europe/Zurich] 🔧 Setup CORS - Début
[17-Sep-2025 10:48:00 Europe/Zurich] - Mode: DÉVELOPPEMENT
[17-Sep-2025 10:48:00 Europe/Zurich] - Origin reçu: http://localhost:3000
[17-Sep-2025 10:48:00 Europe/Zurich] 🔍 Test d'autorisation pour origin: 'http://localhost:3000'
[17-Sep-2025 10:48:00 Europe/Zurich] 📝 Origins autorisées: ["http:\/\/localhost:3007","http:\/\/localhost:3000","http:\/\/127.0.0.1:3000","http:\/\/localhost:3007","https:\/\/dev-facturation"]
[17-Sep-2025 10:48:00 Europe/Zurich] ✅ Origin autorisé: http://localhost:3000
[17-Sep-2025 10:48:00 Europe/Zurich] 📤 En-têtes CORS envoyés:
[17-Sep-2025 10:48:00 Europe/Zurich] - Methods: GET, POST, PUT, DELETE, OPTIONS
[17-Sep-2025 10:48:00 Europe/Zurich] - Headers: Content-Type, Authorization, X-Requested-With
[17-Sep-2025 10:48:00 Europe/Zurich] - Credentials: true
[17-Sep-2025 10:48:00 Europe/Zurich] 🔄 Requête OPTIONS (preflight) - Réponse immédiate
[17-Sep-2025 10:48:00 Europe/Zurich] 🔑 parametre-api.php - Session ID forcé depuis URL: hk4tbv7mv7oti1bgm4jgvhcsfb
[17-Sep-2025 10:48:00 Europe/Zurich] 🔍 Session cross-domain analysis :
[17-Sep-2025 10:48:00 Europe/Zurich] - HTTP_ORIGIN: http://localhost:3000
[17-Sep-2025 10:48:00 Europe/Zurich] - HTTP_HOST: localhost
[17-Sep-2025 10:48:00 Europe/Zurich] - Is cross-domain: YES
[17-Sep-2025 10:48:00 Europe/Zurich] 🏠 Configuration same-domain appliquée
[17-Sep-2025 10:48:00 Europe/Zurich] 🔧 Session cross-domain configurée - ID: hk4tbv7mv7oti1bgm4jgvhcsfb
[17-Sep-2025 10:48:00 Europe/Zurich] 🍪 Cookie params: {"lifetime":1800,"path":"\/","domain":"","secure":true,"httponly":false,"samesite":"None"}
[17-Sep-2025 10:48:00 Europe/Zurich] 🔍 User en session: 2
[17-Sep-2025 10:48:00 Europe/Zurich] 🔧 Setup CORS - Début
[17-Sep-2025 10:48:00 Europe/Zurich] - Mode: DÉVELOPPEMENT
[17-Sep-2025 10:48:00 Europe/Zurich] - Origin reçu: http://localhost:3000
[17-Sep-2025 10:48:00 Europe/Zurich] 🔍 Test d'autorisation pour origin: 'http://localhost:3000'
[17-Sep-2025 10:48:00 Europe/Zurich] 📝 Origins autorisées: ["http:\/\/localhost:3007","http:\/\/localhost:3000","http:\/\/127.0.0.1:3000","http:\/\/localhost:3007","https:\/\/dev-facturation"]
[17-Sep-2025 10:48:00 Europe/Zurich] ✅ Origin autorisé: http://localhost:3000
[17-Sep-2025 10:48:00 Europe/Zurich] 📤 En-têtes CORS envoyés:
[17-Sep-2025 10:48:00 Europe/Zurich] - Methods: GET, POST, PUT, DELETE, OPTIONS
[17-Sep-2025 10:48:00 Europe/Zurich] - Headers: Content-Type, Authorization, X-Requested-With
[17-Sep-2025 10:48:00 Europe/Zurich] - Credentials: true
[17-Sep-2025 10:48:00 Europe/Zurich] 🔄 Requête OPTIONS (preflight) - Réponse immédiate
[17-Sep-2025 10:48:00 Europe/Zurich] 🔑 parametre-api.php - Session ID forcé depuis URL: hk4tbv7mv7oti1bgm4jgvhcsfb
[17-Sep-2025 10:48:00 Europe/Zurich] 🔍 Session cross-domain analysis :
[17-Sep-2025 10:48:00 Europe/Zurich] - HTTP_ORIGIN: http://localhost:3000
[17-Sep-2025 10:48:00 Europe/Zurich] - HTTP_HOST: localhost
[17-Sep-2025 10:48:00 Europe/Zurich] - Is cross-domain: YES
[17-Sep-2025 10:48:00 Europe/Zurich] 🏠 Configuration same-domain appliquée
[17-Sep-2025 10:48:00 Europe/Zurich] 🔧 Session cross-domain configurée - ID: hk4tbv7mv7oti1bgm4jgvhcsfb
[17-Sep-2025 10:48:00 Europe/Zurich] 🍪 Cookie params: {"lifetime":1800,"path":"\/","domain":"","secure":true,"httponly":false,"samesite":"None"}
[17-Sep-2025 10:48:00 Europe/Zurich] 🔍 User en session: 2
[17-Sep-2025 10:48:00 Europe/Zurich] 🔧 Setup CORS - Début
[17-Sep-2025 10:48:00 Europe/Zurich] - Mode: DÉVELOPPEMENT
[17-Sep-2025 10:48:00 Europe/Zurich] - Origin reçu: http://localhost:3000
[17-Sep-2025 10:48:00 Europe/Zurich] 🔍 Test d'autorisation pour origin: 'http://localhost:3000'
[17-Sep-2025 10:48:00 Europe/Zurich] 📝 Origins autorisées: ["http:\/\/localhost:3007","http:\/\/localhost:3000","http:\/\/127.0.0.1:3000","http:\/\/localhost:3007","https:\/\/dev-facturation"]
[17-Sep-2025 10:48:00 Europe/Zurich] ✅ Origin autorisé: http://localhost:3000
[17-Sep-2025 10:48:00 Europe/Zurich] 📤 En-têtes CORS envoyés:
[17-Sep-2025 10:48:00 Europe/Zurich] - Methods: GET, POST, PUT, DELETE, OPTIONS
[17-Sep-2025 10:48:00 Europe/Zurich] - Headers: Content-Type, Authorization, X-Requested-With
[17-Sep-2025 10:48:00 Europe/Zurich] - Credentials: true
[17-Sep-2025 10:48:00 Europe/Zurich] 🔄 Requête OPTIONS (preflight) - Réponse immédiate
[17-Sep-2025 10:48:00 Europe/Zurich] 🔑 parametre-api.php - Session ID forcé depuis URL: hk4tbv7mv7oti1bgm4jgvhcsfb
[17-Sep-2025 10:48:00 Europe/Zurich] 🔍 Session cross-domain analysis :
[17-Sep-2025 10:48:00 Europe/Zurich] - HTTP_ORIGIN: http://localhost:3000
[17-Sep-2025 10:48:00 Europe/Zurich] - HTTP_HOST: localhost
[17-Sep-2025 10:48:00 Europe/Zurich] - Is cross-domain: YES
[17-Sep-2025 10:48:00 Europe/Zurich] 🏠 Configuration same-domain appliquée
[17-Sep-2025 10:48:00 Europe/Zurich] 🔧 Session cross-domain configurée - ID: hk4tbv7mv7oti1bgm4jgvhcsfb
[17-Sep-2025 10:48:00 Europe/Zurich] 🍪 Cookie params: {"lifetime":1800,"path":"\/","domain":"","secure":true,"httponly":false,"samesite":"None"}
[17-Sep-2025 10:48:00 Europe/Zurich] 🔍 User en session: 2
[17-Sep-2025 10:48:00 Europe/Zurich] 🔧 Setup CORS - Début
[17-Sep-2025 10:48:00 Europe/Zurich] - Mode: DÉVELOPPEMENT
[17-Sep-2025 10:48:00 Europe/Zurich] - Origin reçu: http://localhost:3000
[17-Sep-2025 10:48:00 Europe/Zurich] 🔍 Test d'autorisation pour origin: 'http://localhost:3000'
[17-Sep-2025 10:48:00 Europe/Zurich] 📝 Origins autorisées: ["http:\/\/localhost:3007","http:\/\/localhost:3000","http:\/\/127.0.0.1:3000","http:\/\/localhost:3007","https:\/\/dev-facturation"]
[17-Sep-2025 10:48:00 Europe/Zurich] ✅ Origin autorisé: http://localhost:3000
[17-Sep-2025 10:48:00 Europe/Zurich] 📤 En-têtes CORS envoyés:
[17-Sep-2025 10:48:00 Europe/Zurich] - Methods: GET, POST, PUT, DELETE, OPTIONS
[17-Sep-2025 10:48:00 Europe/Zurich] - Headers: Content-Type, Authorization, X-Requested-With
[17-Sep-2025 10:48:00 Europe/Zurich] - Credentials: true
[17-Sep-2025 10:48:00 Europe/Zurich] parametre-api - Chargement de la configuration
[17-Sep-2025 10:48:00 Europe/Zurich] 🔑 parametre-api.php - Session ID forcé depuis URL: hk4tbv7mv7oti1bgm4jgvhcsfb
[17-Sep-2025 10:48:00 Europe/Zurich] 🔍 Session cross-domain analysis :
[17-Sep-2025 10:48:00 Europe/Zurich] - HTTP_ORIGIN: http://localhost:3000
[17-Sep-2025 10:48:00 Europe/Zurich] - HTTP_HOST: localhost
[17-Sep-2025 10:48:00 Europe/Zurich] - Is cross-domain: YES
[17-Sep-2025 10:48:00 Europe/Zurich] 🏠 Configuration same-domain appliquée
[17-Sep-2025 10:48:00 Europe/Zurich] parametre-api - Méthode: GET
[17-Sep-2025 10:48:00 Europe/Zurich] parametre-api - URL complète: /fact-back/api/parametre-api.php?PHPSESSID=hk4tbv7mv7oti1bgm4jgvhcsfb&nomParametre=Delai+Paiement&groupe=Facture&sGroupe=Paiement&_ts=1758098880053
[17-Sep-2025 10:48:00 Europe/Zurich] parametre-api - Origin: http://localhost:3000
[17-Sep-2025 10:48:00 Europe/Zurich] parametre-api - Paramètres GET: {"PHPSESSID":"hk4tbv7mv7oti1bgm4jgvhcsfb","nomParametre":"Delai Paiement","groupe":"Facture","sGroupe":"Paiement","_ts":"1758098880053"}
[17-Sep-2025 10:48:00 Europe/Zurich] parametre-api - Session ID: hk4tbv7mv7oti1bgm4jgvhcsfb
[17-Sep-2025 10:48:00 Europe/Zurich] parametre-api - Session status: 2
[17-Sep-2025 10:48:00 Europe/Zurich] parametre-api - Session content: {"user_id":2,"user_name":"test_admin","user_role":"admin"}
[17-Sep-2025 10:48:00 Europe/Zurich] 🔍 parametre-api - Session initialisée par bootstrap.php
[17-Sep-2025 10:48:00 Europe/Zurich] parametre-api - Session trouvée - User ID: 2, Role: admin
[17-Sep-2025 10:48:00 Europe/Zurich] ✅ parametre-api - Accès autorisé pour utilisateur: 2 (role: admin)
[17-Sep-2025 10:48:00 Europe/Zurich] parametre-api - Méthode: GET
[17-Sep-2025 10:48:00 Europe/Zurich] parametre-api - Paramètres GET: {"PHPSESSID":"hk4tbv7mv7oti1bgm4jgvhcsfb","nomParametre":"Delai Paiement","groupe":"Facture","sGroupe":"Paiement","_ts":"1758098880053"}
[17-Sep-2025 10:48:00 Europe/Zurich] parametre-api - GET paramètres par sous-groupe: Facture/Paiement (user: 2)
[17-Sep-2025 10:48:00 Europe/Zurich] 🔧 Session cross-domain configurée - ID: hk4tbv7mv7oti1bgm4jgvhcsfb
[17-Sep-2025 10:48:00 Europe/Zurich] 🍪 Cookie params: {"lifetime":1800,"path":"\/","domain":"","secure":true,"httponly":false,"samesite":"None"}
[17-Sep-2025 10:48:00 Europe/Zurich] 🔍 User en session: 2
[17-Sep-2025 10:48:00 Europe/Zurich] 🔧 Setup CORS - Début
[17-Sep-2025 10:48:00 Europe/Zurich] - Mode: DÉVELOPPEMENT
[17-Sep-2025 10:48:00 Europe/Zurich] - Origin reçu: http://localhost:3000
[17-Sep-2025 10:48:00 Europe/Zurich] 🔍 Test d'autorisation pour origin: 'http://localhost:3000'
[17-Sep-2025 10:48:00 Europe/Zurich] 📝 Origins autorisées: ["http:\/\/localhost:3007","http:\/\/localhost:3000","http:\/\/127.0.0.1:3000","http:\/\/localhost:3007","https:\/\/dev-facturation"]
[17-Sep-2025 10:48:00 Europe/Zurich] ✅ Origin autorisé: http://localhost:3000
[17-Sep-2025 10:48:00 Europe/Zurich] 📤 En-têtes CORS envoyés:
[17-Sep-2025 10:48:00 Europe/Zurich] - Methods: GET, POST, PUT, DELETE, OPTIONS
[17-Sep-2025 10:48:00 Europe/Zurich] - Headers: Content-Type, Authorization, X-Requested-With
[17-Sep-2025 10:48:00 Europe/Zurich] - Credentials: true
[17-Sep-2025 10:48:00 Europe/Zurich] parametre-api - Chargement de la configuration
[17-Sep-2025 10:48:00 Europe/Zurich] parametre-api - Méthode: GET
[17-Sep-2025 10:48:00 Europe/Zurich] parametre-api - URL complète: /fact-back/api/parametre-api.php?PHPSESSID=hk4tbv7mv7oti1bgm4jgvhcsfb&nomParametre=Corps&groupe=Email&sGroupe=Corps&categorie=vous&_ts=1758098880067
[17-Sep-2025 10:48:00 Europe/Zurich] parametre-api - Origin: http://localhost:3000
[17-Sep-2025 10:48:00 Europe/Zurich] parametre-api - Paramètres GET: {"PHPSESSID":"hk4tbv7mv7oti1bgm4jgvhcsfb","nomParametre":"Corps","groupe":"Email","sGroupe":"Corps","categorie":"vous","_ts":"1758098880067"}
[17-Sep-2025 10:48:00 Europe/Zurich] parametre-api - Session ID: hk4tbv7mv7oti1bgm4jgvhcsfb
[17-Sep-2025 10:48:00 Europe/Zurich] parametre-api - Session status: 2
[17-Sep-2025 10:48:00 Europe/Zurich] parametre-api - Session content: {"user_id":2,"user_name":"test_admin","user_role":"admin"}
[17-Sep-2025 10:48:00 Europe/Zurich] 🔍 parametre-api - Session initialisée par bootstrap.php
[17-Sep-2025 10:48:00 Europe/Zurich] parametre-api - Session trouvée - User ID: 2, Role: admin
[17-Sep-2025 10:48:00 Europe/Zurich] ✅ parametre-api - Accès autorisé pour utilisateur: 2 (role: admin)
[17-Sep-2025 10:48:00 Europe/Zurich] parametre-api - Méthode: GET
[17-Sep-2025 10:48:00 Europe/Zurich] parametre-api - Paramètres GET: {"PHPSESSID":"hk4tbv7mv7oti1bgm4jgvhcsfb","nomParametre":"Corps","groupe":"Email","sGroupe":"Corps","categorie":"vous","_ts":"1758098880067"}
[17-Sep-2025 10:48:00 Europe/Zurich] parametre-api - GET paramètres par sous-groupe: Email/Corps (user: 2)
[17-Sep-2025 10:48:00 Europe/Zurich] 🔑 parametre-api.php - Session ID forcé depuis URL: hk4tbv7mv7oti1bgm4jgvhcsfb
[17-Sep-2025 10:48:00 Europe/Zurich] 🔍 Session cross-domain analysis :
[17-Sep-2025 10:48:00 Europe/Zurich] - HTTP_ORIGIN: http://localhost:3000
[17-Sep-2025 10:48:00 Europe/Zurich] - HTTP_HOST: localhost
[17-Sep-2025 10:48:00 Europe/Zurich] - Is cross-domain: YES
[17-Sep-2025 10:48:00 Europe/Zurich] 🏠 Configuration same-domain appliquée
[17-Sep-2025 10:48:00 Europe/Zurich] 🔧 Session cross-domain configurée - ID: hk4tbv7mv7oti1bgm4jgvhcsfb
[17-Sep-2025 10:48:00 Europe/Zurich] 🍪 Cookie params: {"lifetime":1800,"path":"\/","domain":"","secure":true,"httponly":false,"samesite":"None"}
[17-Sep-2025 10:48:00 Europe/Zurich] 🔍 User en session: 2
[17-Sep-2025 10:48:00 Europe/Zurich] 🔧 Setup CORS - Début
[17-Sep-2025 10:48:00 Europe/Zurich] - Mode: DÉVELOPPEMENT
[17-Sep-2025 10:48:00 Europe/Zurich] - Origin reçu: http://localhost:3000
[17-Sep-2025 10:48:00 Europe/Zurich] 🔍 Test d'autorisation pour origin: 'http://localhost:3000'
[17-Sep-2025 10:48:00 Europe/Zurich] 📝 Origins autorisées: ["http:\/\/localhost:3007","http:\/\/localhost:3000","http:\/\/127.0.0.1:3000","http:\/\/localhost:3007","https:\/\/dev-facturation"]
[17-Sep-2025 10:48:00 Europe/Zurich] ✅ Origin autorisé: http://localhost:3000
[17-Sep-2025 10:48:00 Europe/Zurich] 📤 En-têtes CORS envoyés:
[17-Sep-2025 10:48:00 Europe/Zurich] - Methods: GET, POST, PUT, DELETE, OPTIONS
[17-Sep-2025 10:48:00 Europe/Zurich] - Headers: Content-Type, Authorization, X-Requested-With
[17-Sep-2025 10:48:00 Europe/Zurich] - Credentials: true
[17-Sep-2025 10:48:00 Europe/Zurich] parametre-api - Chargement de la configuration
[17-Sep-2025 10:48:00 Europe/Zurich] parametre-api - Méthode: GET
[17-Sep-2025 10:48:00 Europe/Zurich] parametre-api - URL complète: /fact-back/api/parametre-api.php?PHPSESSID=hk4tbv7mv7oti1bgm4jgvhcsfb&nomParametre=Delai+Paiement&groupe=Facture&sGroupe=Paiement&_ts=1758098880114
[17-Sep-2025 10:48:00 Europe/Zurich] parametre-api - Origin: http://localhost:3000
[17-Sep-2025 10:48:00 Europe/Zurich] parametre-api - Paramètres GET: {"PHPSESSID":"hk4tbv7mv7oti1bgm4jgvhcsfb","nomParametre":"Delai Paiement","groupe":"Facture","sGroupe":"Paiement","_ts":"1758098880114"}
[17-Sep-2025 10:48:00 Europe/Zurich] parametre-api - Session ID: hk4tbv7mv7oti1bgm4jgvhcsfb
[17-Sep-2025 10:48:00 Europe/Zurich] parametre-api - Session status: 2
[17-Sep-2025 10:48:00 Europe/Zurich] parametre-api - Session content: {"user_id":2,"user_name":"test_admin","user_role":"admin"}
[17-Sep-2025 10:48:00 Europe/Zurich] 🔍 parametre-api - Session initialisée par bootstrap.php
[17-Sep-2025 10:48:00 Europe/Zurich] parametre-api - Session trouvée - User ID: 2, Role: admin
[17-Sep-2025 10:48:00 Europe/Zurich] ✅ parametre-api - Accès autorisé pour utilisateur: 2 (role: admin)
[17-Sep-2025 10:48:00 Europe/Zurich] parametre-api - Méthode: GET
[17-Sep-2025 10:48:00 Europe/Zurich] parametre-api - Paramètres GET: {"PHPSESSID":"hk4tbv7mv7oti1bgm4jgvhcsfb","nomParametre":"Delai Paiement","groupe":"Facture","sGroupe":"Paiement","_ts":"1758098880114"}
[17-Sep-2025 10:48:00 Europe/Zurich] parametre-api - GET paramètres par sous-groupe: Facture/Paiement (user: 2)
[17-Sep-2025 10:48:00 Europe/Zurich] 🔑 parametre-api.php - Session ID forcé depuis URL: hk4tbv7mv7oti1bgm4jgvhcsfb
[17-Sep-2025 10:48:00 Europe/Zurich] 🔍 Session cross-domain analysis :
[17-Sep-2025 10:48:00 Europe/Zurich] - HTTP_ORIGIN: http://localhost:3000
[17-Sep-2025 10:48:00 Europe/Zurich] - HTTP_HOST: localhost
[17-Sep-2025 10:48:00 Europe/Zurich] - Is cross-domain: YES
[17-Sep-2025 10:48:00 Europe/Zurich] 🏠 Configuration same-domain appliquée
[17-Sep-2025 10:48:00 Europe/Zurich] 🔧 Session cross-domain configurée - ID: hk4tbv7mv7oti1bgm4jgvhcsfb
[17-Sep-2025 10:48:00 Europe/Zurich] 🍪 Cookie params: {"lifetime":1800,"path":"\/","domain":"","secure":true,"httponly":false,"samesite":"None"}
[17-Sep-2025 10:48:00 Europe/Zurich] 🔍 User en session: 2
[17-Sep-2025 10:48:00 Europe/Zurich] 🔧 Setup CORS - Début
[17-Sep-2025 10:48:00 Europe/Zurich] - Mode: DÉVELOPPEMENT
[17-Sep-2025 10:48:00 Europe/Zurich] - Origin reçu: http://localhost:3000
[17-Sep-2025 10:48:00 Europe/Zurich] 🔍 Test d'autorisation pour origin: 'http://localhost:3000'
[17-Sep-2025 10:48:00 Europe/Zurich] 📝 Origins autorisées: ["http:\/\/localhost:3007","http:\/\/localhost:3000","http:\/\/127.0.0.1:3000","http:\/\/localhost:3007","https:\/\/dev-facturation"]
[17-Sep-2025 10:48:00 Europe/Zurich] ✅ Origin autorisé: http://localhost:3000
[17-Sep-2025 10:48:00 Europe/Zurich] 📤 En-têtes CORS envoyés:
[17-Sep-2025 10:48:00 Europe/Zurich] - Methods: GET, POST, PUT, DELETE, OPTIONS
[17-Sep-2025 10:48:00 Europe/Zurich] - Headers: Content-Type, Authorization, X-Requested-With
[17-Sep-2025 10:48:00 Europe/Zurich] - Credentials: true
[17-Sep-2025 10:48:00 Europe/Zurich] parametre-api - Chargement de la configuration
[17-Sep-2025 10:48:00 Europe/Zurich] parametre-api - Méthode: GET
[17-Sep-2025 10:48:00 Europe/Zurich] parametre-api - URL complète: /fact-back/api/parametre-api.php?PHPSESSID=hk4tbv7mv7oti1bgm4jgvhcsfb&nomParametre=Corps&groupe=Email&sGroupe=Corps&categorie=vous&_ts=1758098880225
[17-Sep-2025 10:48:00 Europe/Zurich] parametre-api - Origin: http://localhost:3000
[17-Sep-2025 10:48:00 Europe/Zurich] parametre-api - Paramètres GET: {"PHPSESSID":"hk4tbv7mv7oti1bgm4jgvhcsfb","nomParametre":"Corps","groupe":"Email","sGroupe":"Corps","categorie":"vous","_ts":"1758098880225"}
[17-Sep-2025 10:48:00 Europe/Zurich] parametre-api - Session ID: hk4tbv7mv7oti1bgm4jgvhcsfb
[17-Sep-2025 10:48:00 Europe/Zurich] parametre-api - Session status: 2
[17-Sep-2025 10:48:00 Europe/Zurich] parametre-api - Session content: {"user_id":2,"user_name":"test_admin","user_role":"admin"}
[17-Sep-2025 10:48:00 Europe/Zurich] 🔍 parametre-api - Session initialisée par bootstrap.php
[17-Sep-2025 10:48:00 Europe/Zurich] parametre-api - Session trouvée - User ID: 2, Role: admin
[17-Sep-2025 10:48:00 Europe/Zurich] ✅ parametre-api - Accès autorisé pour utilisateur: 2 (role: admin)
[17-Sep-2025 10:48:00 Europe/Zurich] parametre-api - Méthode: GET
[17-Sep-2025 10:48:00 Europe/Zurich] parametre-api - Paramètres GET: {"PHPSESSID":"hk4tbv7mv7oti1bgm4jgvhcsfb","nomParametre":"Corps","groupe":"Email","sGroupe":"Corps","categorie":"vous","_ts":"1758098880225"}
[17-Sep-2025 10:48:00 Europe/Zurich] parametre-api - GET paramètres par sous-groupe: Email/Corps (user: 2)
[17-Sep-2025 10:48:13 Europe/Zurich] 🔑 facture-api.php - Session ID forcé depuis URL: hk4tbv7mv7oti1bgm4jgvhcsfb
[17-Sep-2025 10:48:13 Europe/Zurich] 🔑 facture-api.php - Session ID forcé depuis URL: hk4tbv7mv7oti1bgm4jgvhcsfb
[17-Sep-2025 10:48:13 Europe/Zurich] 🔍 Session cross-domain analysis :
[17-Sep-2025 10:48:13 Europe/Zurich] 🔍 Session cross-domain analysis :
[17-Sep-2025 10:48:13 Europe/Zurich] - HTTP_ORIGIN: http://localhost:3000
[17-Sep-2025 10:48:13 Europe/Zurich] - HTTP_ORIGIN: http://localhost:3000
[17-Sep-2025 10:48:13 Europe/Zurich] - HTTP_HOST: localhost
[17-Sep-2025 10:48:13 Europe/Zurich] - HTTP_HOST: localhost
[17-Sep-2025 10:48:13 Europe/Zurich] - Is cross-domain: YES
[17-Sep-2025 10:48:13 Europe/Zurich] - Is cross-domain: YES
[17-Sep-2025 10:48:13 Europe/Zurich] 🏠 Configuration same-domain appliquée
[17-Sep-2025 10:48:13 Europe/Zurich] 🏠 Configuration same-domain appliquée
[17-Sep-2025 10:48:13 Europe/Zurich] 🔧 Session cross-domain configurée - ID: hk4tbv7mv7oti1bgm4jgvhcsfb
[17-Sep-2025 10:48:13 Europe/Zurich] 🍪 Cookie params: {"lifetime":1800,"path":"\/","domain":"","secure":true,"httponly":false,"samesite":"None"}
[17-Sep-2025 10:48:13 Europe/Zurich] 🔍 User en session: 2
[17-Sep-2025 10:48:13 Europe/Zurich] 🔧 Setup CORS - Début
[17-Sep-2025 10:48:13 Europe/Zurich] - Mode: DÉVELOPPEMENT
[17-Sep-2025 10:48:13 Europe/Zurich] - Origin reçu: http://localhost:3000
[17-Sep-2025 10:48:13 Europe/Zurich] 🔍 Test d'autorisation pour origin: 'http://localhost:3000'
[17-Sep-2025 10:48:13 Europe/Zurich] 📝 Origins autorisées: ["http:\/\/localhost:3007","http:\/\/localhost:3000","http:\/\/127.0.0.1:3000","http:\/\/localhost:3007","https:\/\/dev-facturation"]
[17-Sep-2025 10:48:13 Europe/Zurich] ✅ Origin autorisé: http://localhost:3000
[17-Sep-2025 10:48:13 Europe/Zurich] 📤 En-têtes CORS envoyés:
[17-Sep-2025 10:48:13 Europe/Zurich] - Methods: GET, POST, PUT, DELETE, OPTIONS
[17-Sep-2025 10:48:13 Europe/Zurich] - Headers: Content-Type, Authorization, X-Requested-With
[17-Sep-2025 10:48:13 Europe/Zurich] - Credentials: true
[17-Sep-2025 10:48:13 Europe/Zurich] 🔄 Requête OPTIONS (preflight) - Réponse immédiate
[17-Sep-2025 10:48:13 Europe/Zurich] 🔧 Session cross-domain configurée - ID: hk4tbv7mv7oti1bgm4jgvhcsfb
[17-Sep-2025 10:48:13 Europe/Zurich] 🍪 Cookie params: {"lifetime":1800,"path":"\/","domain":"","secure":true,"httponly":false,"samesite":"None"}
[17-Sep-2025 10:48:13 Europe/Zurich] 🔍 User en session: 2
[17-Sep-2025 10:48:13 Europe/Zurich] 🔧 Setup CORS - Début
[17-Sep-2025 10:48:13 Europe/Zurich] - Mode: DÉVELOPPEMENT
[17-Sep-2025 10:48:13 Europe/Zurich] - Origin reçu: http://localhost:3000
[17-Sep-2025 10:48:13 Europe/Zurich] 🔍 Test d'autorisation pour origin: 'http://localhost:3000'
[17-Sep-2025 10:48:13 Europe/Zurich] 📝 Origins autorisées: ["http:\/\/localhost:3007","http:\/\/localhost:3000","http:\/\/127.0.0.1:3000","http:\/\/localhost:3007","https:\/\/dev-facturation"]
[17-Sep-2025 10:48:13 Europe/Zurich] ✅ Origin autorisé: http://localhost:3000
[17-Sep-2025 10:48:13 Europe/Zurich] 📤 En-têtes CORS envoyés:
[17-Sep-2025 10:48:13 Europe/Zurich] - Methods: GET, POST, PUT, DELETE, OPTIONS
[17-Sep-2025 10:48:13 Europe/Zurich] - Headers: Content-Type, Authorization, X-Requested-With
[17-Sep-2025 10:48:13 Europe/Zurich] - Credentials: true
[17-Sep-2025 10:48:13 Europe/Zurich] 🔄 Requête OPTIONS (preflight) - Réponse immédiate
[17-Sep-2025 10:48:13 Europe/Zurich] 🔑 facture-api.php - Session ID forcé depuis URL: hk4tbv7mv7oti1bgm4jgvhcsfb
[17-Sep-2025 10:48:13 Europe/Zurich] 🔍 Session cross-domain analysis :
[17-Sep-2025 10:48:13 Europe/Zurich] - HTTP_ORIGIN: http://localhost:3000
[17-Sep-2025 10:48:13 Europe/Zurich] - HTTP_HOST: localhost
[17-Sep-2025 10:48:13 Europe/Zurich] - Is cross-domain: YES
[17-Sep-2025 10:48:13 Europe/Zurich] 🏠 Configuration same-domain appliquée
[17-Sep-2025 10:48:13 Europe/Zurich] 🔧 Session cross-domain configurée - ID: hk4tbv7mv7oti1bgm4jgvhcsfb
[17-Sep-2025 10:48:13 Europe/Zurich] 🍪 Cookie params: {"lifetime":1800,"path":"\/","domain":"","secure":true,"httponly":false,"samesite":"None"}
[17-Sep-2025 10:48:13 Europe/Zurich] 🔍 User en session: 2
[17-Sep-2025 10:48:13 Europe/Zurich] 🔧 Setup CORS - Début
[17-Sep-2025 10:48:13 Europe/Zurich] - Mode: DÉVELOPPEMENT
[17-Sep-2025 10:48:13 Europe/Zurich] - Origin reçu: http://localhost:3000
[17-Sep-2025 10:48:13 Europe/Zurich] 🔍 Test d'autorisation pour origin: 'http://localhost:3000'
[17-Sep-2025 10:48:13 Europe/Zurich] 📝 Origins autorisées: ["http:\/\/localhost:3007","http:\/\/localhost:3000","http:\/\/127.0.0.1:3000","http:\/\/localhost:3007","https:\/\/dev-facturation"]
[17-Sep-2025 10:48:13 Europe/Zurich] ✅ Origin autorisé: http://localhost:3000
[17-Sep-2025 10:48:13 Europe/Zurich] 📤 En-têtes CORS envoyés:
[17-Sep-2025 10:48:13 Europe/Zurich] 🔑 facture-api.php - Session ID forcé depuis URL: hk4tbv7mv7oti1bgm4jgvhcsfb
[17-Sep-2025 10:48:13 Europe/Zurich] - Methods: GET, POST, PUT, DELETE, OPTIONS
[17-Sep-2025 10:48:13 Europe/Zurich] 🔍 Session cross-domain analysis :
[17-Sep-2025 10:48:13 Europe/Zurich] - Headers: Content-Type, Authorization, X-Requested-With
[17-Sep-2025 10:48:13 Europe/Zurich] - HTTP_ORIGIN: http://localhost:3000
[17-Sep-2025 10:48:13 Europe/Zurich] - Credentials: true
[17-Sep-2025 10:48:13 Europe/Zurich] - HTTP_HOST: localhost
[17-Sep-2025 10:48:13 Europe/Zurich] facture-api - Chargement de la configuration
[17-Sep-2025 10:48:13 Europe/Zurich] - Is cross-domain: YES
[17-Sep-2025 10:48:13 Europe/Zurich] 🏠 Configuration same-domain appliquée
[17-Sep-2025 10:48:13 Europe/Zurich] facture-api - Méthode: GET
[17-Sep-2025 10:48:13 Europe/Zurich] facture-api - URL complète: /fact-back/api/facture-api.php?PHPSESSID=hk4tbv7mv7oti1bgm4jgvhcsfb&id=3&_ts=1758098893452
[17-Sep-2025 10:48:13 Europe/Zurich] facture-api - Origin: http://localhost:3000
[17-Sep-2025 10:48:13 Europe/Zurich] facture-api - Paramètres GET: {"PHPSESSID":"hk4tbv7mv7oti1bgm4jgvhcsfb","id":"3","_ts":"1758098893452"}
[17-Sep-2025 10:48:13 Europe/Zurich] facture-api - Session ID: hk4tbv7mv7oti1bgm4jgvhcsfb
[17-Sep-2025 10:48:13 Europe/Zurich] facture-api - Session status: 2
[17-Sep-2025 10:48:13 Europe/Zurich] facture-api - Session content: {"user_id":2,"user_name":"test_admin","user_role":"admin"}
[17-Sep-2025 10:48:13 Europe/Zurich] 🔍 facture-api - Session initialisée par bootstrap.php
[17-Sep-2025 10:48:13 Europe/Zurich] facture-api - Session trouvée - User ID: 2, Role: admin
[17-Sep-2025 10:48:13 Europe/Zurich] ✅ facture-api - Accès autorisé pour utilisateur: 2 (role: admin)
[17-Sep-2025 10:48:13 Europe/Zurich] facture-api - Méthode: GET
[17-Sep-2025 10:48:13 Europe/Zurich] facture-api - Paramètres GET: {"PHPSESSID":"hk4tbv7mv7oti1bgm4jgvhcsfb","id":"3","_ts":"1758098893452"}
[17-Sep-2025 10:48:13 Europe/Zurich] facture-api - GET - Paramètres: {"PHPSESSID":"hk4tbv7mv7oti1bgm4jgvhcsfb","id":"3","_ts":"1758098893452"} (user: 2)
[17-Sep-2025 10:48:13 Europe/Zurich] facture-api - GET facture ID: 3 (user: 2)
[17-Sep-2025 10:48:13 Europe/Zurich] Facture-api - GetFactureComplete - Facture: {"id_facture":3,"numero_facture":"003.2025","date_facture":"2025-04-18","montant_total":"150.00","id_client":2,"date_edition":"2025-07-22 21:51:31","factfilename":"facture_003.2025_Gilles_Dubey_20250722_215130.pdf","date_envoi":"2025-07-22","date_paiement":null,"date_dernier_paiement":null,"montant_paye":"100.00","montant_paye_total":"0.00","montant_restant":"150.00","nb_paiements":0,"date_annulation":null,"etat":"Envoy\u00e9e","ristourne":"0.00","nom":"Dubey","prenom":"Gilles","titre":"Monsieur","rue":"chemin du Mont ","numero":"144","code_postal":1562,"localite":"Corcelles-pr\u00e8s-Payerne","telephone":"+41923550892","email":"gilles.dubey@ik.me","estTherapeute":0,"lignes":[]}
[17-Sep-2025 10:48:13 Europe/Zurich] 🔧 Session cross-domain configurée - ID: hk4tbv7mv7oti1bgm4jgvhcsfb
[17-Sep-2025 10:48:13 Europe/Zurich] 🍪 Cookie params: {"lifetime":1800,"path":"\/","domain":"","secure":true,"httponly":false,"samesite":"None"}
[17-Sep-2025 10:48:13 Europe/Zurich] 🔍 User en session: 2
[17-Sep-2025 10:48:13 Europe/Zurich] 🔧 Setup CORS - Début
[17-Sep-2025 10:48:13 Europe/Zurich] - Mode: DÉVELOPPEMENT
[17-Sep-2025 10:48:13 Europe/Zurich] - Origin reçu: http://localhost:3000
[17-Sep-2025 10:48:13 Europe/Zurich] 🔍 Test d'autorisation pour origin: 'http://localhost:3000'
[17-Sep-2025 10:48:13 Europe/Zurich] 📝 Origins autorisées: ["http:\/\/localhost:3007","http:\/\/localhost:3000","http:\/\/127.0.0.1:3000","http:\/\/localhost:3007","https:\/\/dev-facturation"]
[17-Sep-2025 10:48:13 Europe/Zurich] ✅ Origin autorisé: http://localhost:3000
[17-Sep-2025 10:48:13 Europe/Zurich] 📤 En-têtes CORS envoyés:
[17-Sep-2025 10:48:13 Europe/Zurich] - Methods: GET, POST, PUT, DELETE, OPTIONS
[17-Sep-2025 10:48:13 Europe/Zurich] - Headers: Content-Type, Authorization, X-Requested-With
[17-Sep-2025 10:48:13 Europe/Zurich] - Credentials: true
[17-Sep-2025 10:48:13 Europe/Zurich] facture-api - Chargement de la configuration
[17-Sep-2025 10:48:13 Europe/Zurich] facture-api - Méthode: GET
[17-Sep-2025 10:48:13 Europe/Zurich] facture-api - URL complète: /fact-back/api/facture-api.php?PHPSESSID=hk4tbv7mv7oti1bgm4jgvhcsfb&id=3&_ts=1758098893451
[17-Sep-2025 10:48:13 Europe/Zurich] facture-api - Origin: http://localhost:3000
[17-Sep-2025 10:48:13 Europe/Zurich] facture-api - Paramètres GET: {"PHPSESSID":"hk4tbv7mv7oti1bgm4jgvhcsfb","id":"3","_ts":"1758098893451"}
[17-Sep-2025 10:48:13 Europe/Zurich] facture-api - Session ID: hk4tbv7mv7oti1bgm4jgvhcsfb
[17-Sep-2025 10:48:13 Europe/Zurich] facture-api - Session status: 2
[17-Sep-2025 10:48:13 Europe/Zurich] facture-api - Session content: {"user_id":2,"user_name":"test_admin","user_role":"admin"}
[17-Sep-2025 10:48:13 Europe/Zurich] 🔍 facture-api - Session initialisée par bootstrap.php
[17-Sep-2025 10:48:13 Europe/Zurich] facture-api - Session trouvée - User ID: 2, Role: admin
[17-Sep-2025 10:48:13 Europe/Zurich] ✅ facture-api - Accès autorisé pour utilisateur: 2 (role: admin)
[17-Sep-2025 10:48:13 Europe/Zurich] facture-api - Méthode: GET
[17-Sep-2025 10:48:13 Europe/Zurich] facture-api - Paramètres GET: {"PHPSESSID":"hk4tbv7mv7oti1bgm4jgvhcsfb","id":"3","_ts":"1758098893451"}
[17-Sep-2025 10:48:13 Europe/Zurich] facture-api - GET - Paramètres: {"PHPSESSID":"hk4tbv7mv7oti1bgm4jgvhcsfb","id":"3","_ts":"1758098893451"} (user: 2)
[17-Sep-2025 10:48:13 Europe/Zurich] facture-api - GET facture ID: 3 (user: 2)
[17-Sep-2025 10:48:13 Europe/Zurich] Facture-api - GetFactureComplete - Facture: {"id_facture":3,"numero_facture":"003.2025","date_facture":"2025-04-18","montant_total":"150.00","id_client":2,"date_edition":"2025-07-22 21:51:31","factfilename":"facture_003.2025_Gilles_Dubey_20250722_215130.pdf","date_envoi":"2025-07-22","date_paiement":null,"date_dernier_paiement":null,"montant_paye":"100.00","montant_paye_total":"0.00","montant_restant":"150.00","nb_paiements":0,"date_annulation":null,"etat":"Envoy\u00e9e","ristourne":"0.00","nom":"Dubey","prenom":"Gilles","titre":"Monsieur","rue":"chemin du Mont ","numero":"144","code_postal":1562,"localite":"Corcelles-pr\u00e8s-Payerne","telephone":"+41923550892","email":"gilles.dubey@ik.me","estTherapeute":0,"lignes":[]}
[17-Sep-2025 10:48:14 Europe/Zurich] 🔑 parametre-api.php - Session ID forcé depuis URL: hk4tbv7mv7oti1bgm4jgvhcsfb
[17-Sep-2025 10:48:14 Europe/Zurich] 🔍 Session cross-domain analysis :
[17-Sep-2025 10:48:14 Europe/Zurich] - HTTP_ORIGIN: http://localhost:3000
[17-Sep-2025 10:48:14 Europe/Zurich] - HTTP_HOST: localhost
[17-Sep-2025 10:48:14 Europe/Zurich] - Is cross-domain: YES
[17-Sep-2025 10:48:14 Europe/Zurich] 🏠 Configuration same-domain appliquée
[17-Sep-2025 10:48:14 Europe/Zurich] 🔧 Session cross-domain configurée - ID: hk4tbv7mv7oti1bgm4jgvhcsfb
[17-Sep-2025 10:48:14 Europe/Zurich] 🍪 Cookie params: {"lifetime":1800,"path":"\/","domain":"","secure":true,"httponly":false,"samesite":"None"}
[17-Sep-2025 10:48:14 Europe/Zurich] 🔍 User en session: 2
[17-Sep-2025 10:48:14 Europe/Zurich] 🔧 Setup CORS - Début
[17-Sep-2025 10:48:14 Europe/Zurich] - Mode: DÉVELOPPEMENT
[17-Sep-2025 10:48:14 Europe/Zurich] - Origin reçu: http://localhost:3000
[17-Sep-2025 10:48:14 Europe/Zurich] 🔍 Test d'autorisation pour origin: 'http://localhost:3000'
[17-Sep-2025 10:48:14 Europe/Zurich] 📝 Origins autorisées: ["http:\/\/localhost:3007","http:\/\/localhost:3000","http:\/\/127.0.0.1:3000","http:\/\/localhost:3007","https:\/\/dev-facturation"]
[17-Sep-2025 10:48:14 Europe/Zurich] ✅ Origin autorisé: http://localhost:3000
[17-Sep-2025 10:48:14 Europe/Zurich] 📤 En-têtes CORS envoyés:
[17-Sep-2025 10:48:14 Europe/Zurich] - Methods: GET, POST, PUT, DELETE, OPTIONS
[17-Sep-2025 10:48:14 Europe/Zurich] - Headers: Content-Type, Authorization, X-Requested-With
[17-Sep-2025 10:48:14 Europe/Zurich] - Credentials: true
[17-Sep-2025 10:48:14 Europe/Zurich] 🔄 Requête OPTIONS (preflight) - Réponse immédiate
[17-Sep-2025 10:48:14 Europe/Zurich] 🔑 parametre-api.php - Session ID forcé depuis URL: hk4tbv7mv7oti1bgm4jgvhcsfb
[17-Sep-2025 10:48:14 Europe/Zurich] 🔍 Session cross-domain analysis :
[17-Sep-2025 10:48:14 Europe/Zurich] - HTTP_ORIGIN: http://localhost:3000
[17-Sep-2025 10:48:14 Europe/Zurich] - HTTP_HOST: localhost
[17-Sep-2025 10:48:14 Europe/Zurich] - Is cross-domain: YES
[17-Sep-2025 10:48:14 Europe/Zurich] 🏠 Configuration same-domain appliquée
[17-Sep-2025 10:48:14 Europe/Zurich] 🔧 Session cross-domain configurée - ID: hk4tbv7mv7oti1bgm4jgvhcsfb
[17-Sep-2025 10:48:14 Europe/Zurich] 🍪 Cookie params: {"lifetime":1800,"path":"\/","domain":"","secure":true,"httponly":false,"samesite":"None"}
[17-Sep-2025 10:48:14 Europe/Zurich] 🔍 User en session: 2
[17-Sep-2025 10:48:14 Europe/Zurich] 🔧 Setup CORS - Début
[17-Sep-2025 10:48:14 Europe/Zurich] - Mode: DÉVELOPPEMENT
[17-Sep-2025 10:48:14 Europe/Zurich] - Origin reçu: http://localhost:3000
[17-Sep-2025 10:48:14 Europe/Zurich] 🔍 Test d'autorisation pour origin: 'http://localhost:3000'
[17-Sep-2025 10:48:14 Europe/Zurich] 📝 Origins autorisées: ["http:\/\/localhost:3007","http:\/\/localhost:3000","http:\/\/127.0.0.1:3000","http:\/\/localhost:3007","https:\/\/dev-facturation"]
[17-Sep-2025 10:48:14 Europe/Zurich] ✅ Origin autorisé: http://localhost:3000
[17-Sep-2025 10:48:14 Europe/Zurich] 📤 En-têtes CORS envoyés:
[17-Sep-2025 10:48:14 Europe/Zurich] - Methods: GET, POST, PUT, DELETE, OPTIONS
[17-Sep-2025 10:48:14 Europe/Zurich] - Headers: Content-Type, Authorization, X-Requested-With
[17-Sep-2025 10:48:14 Europe/Zurich] - Credentials: true
[17-Sep-2025 10:48:14 Europe/Zurich] 🔄 Requête OPTIONS (preflight) - Réponse immédiate
[17-Sep-2025 10:48:14 Europe/Zurich] 🔑 parametre-api.php - Session ID forcé depuis URL: hk4tbv7mv7oti1bgm4jgvhcsfb
[17-Sep-2025 10:48:14 Europe/Zurich] 🔍 Session cross-domain analysis :
[17-Sep-2025 10:48:14 Europe/Zurich] - HTTP_ORIGIN: http://localhost:3000
[17-Sep-2025 10:48:14 Europe/Zurich] - HTTP_HOST: localhost
[17-Sep-2025 10:48:14 Europe/Zurich] - Is cross-domain: YES
[17-Sep-2025 10:48:14 Europe/Zurich] 🏠 Configuration same-domain appliquée
[17-Sep-2025 10:48:14 Europe/Zurich] 🔧 Session cross-domain configurée - ID: hk4tbv7mv7oti1bgm4jgvhcsfb
[17-Sep-2025 10:48:14 Europe/Zurich] 🍪 Cookie params: {"lifetime":1800,"path":"\/","domain":"","secure":true,"httponly":false,"samesite":"None"}
[17-Sep-2025 10:48:14 Europe/Zurich] 🔍 User en session: 2
[17-Sep-2025 10:48:14 Europe/Zurich] 🔧 Setup CORS - Début
[17-Sep-2025 10:48:14 Europe/Zurich] - Mode: DÉVELOPPEMENT
[17-Sep-2025 10:48:14 Europe/Zurich] - Origin reçu: http://localhost:3000
[17-Sep-2025 10:48:14 Europe/Zurich] 🔑 parametre-api.php - Session ID forcé depuis URL: hk4tbv7mv7oti1bgm4jgvhcsfb
[17-Sep-2025 10:48:14 Europe/Zurich] 🔍 Test d'autorisation pour origin: 'http://localhost:3000'
[17-Sep-2025 10:48:14 Europe/Zurich] 🔍 Session cross-domain analysis :
[17-Sep-2025 10:48:14 Europe/Zurich] 📝 Origins autorisées: ["http:\/\/localhost:3007","http:\/\/localhost:3000","http:\/\/127.0.0.1:3000","http:\/\/localhost:3007","https:\/\/dev-facturation"]
[17-Sep-2025 10:48:14 Europe/Zurich] - HTTP_ORIGIN: http://localhost:3000
[17-Sep-2025 10:48:14 Europe/Zurich] ✅ Origin autorisé: http://localhost:3000
[17-Sep-2025 10:48:14 Europe/Zurich] - HTTP_HOST: localhost
[17-Sep-2025 10:48:14 Europe/Zurich] 📤 En-têtes CORS envoyés:
[17-Sep-2025 10:48:14 Europe/Zurich] - Is cross-domain: YES
[17-Sep-2025 10:48:14 Europe/Zurich] - Methods: GET, POST, PUT, DELETE, OPTIONS
[17-Sep-2025 10:48:14 Europe/Zurich] 🏠 Configuration same-domain appliquée
[17-Sep-2025 10:48:14 Europe/Zurich] - Headers: Content-Type, Authorization, X-Requested-With
[17-Sep-2025 10:48:14 Europe/Zurich] - Credentials: true
[17-Sep-2025 10:48:14 Europe/Zurich] parametre-api - Chargement de la configuration
[17-Sep-2025 10:48:14 Europe/Zurich] parametre-api - Méthode: GET
[17-Sep-2025 10:48:14 Europe/Zurich] parametre-api - URL complète: /fact-back/api/parametre-api.php?PHPSESSID=hk4tbv7mv7oti1bgm4jgvhcsfb&nomParametre=OutputDir&groupe=Facture&sGroupe=Chemin&_ts=1758098893978
[17-Sep-2025 10:48:14 Europe/Zurich] parametre-api - Origin: http://localhost:3000
[17-Sep-2025 10:48:14 Europe/Zurich] parametre-api - Paramètres GET: {"PHPSESSID":"hk4tbv7mv7oti1bgm4jgvhcsfb","nomParametre":"OutputDir","groupe":"Facture","sGroupe":"Chemin","_ts":"1758098893978"}
[17-Sep-2025 10:48:14 Europe/Zurich] parametre-api - Session ID: hk4tbv7mv7oti1bgm4jgvhcsfb
[17-Sep-2025 10:48:14 Europe/Zurich] parametre-api - Session status: 2
[17-Sep-2025 10:48:14 Europe/Zurich] parametre-api - Session content: {"user_id":2,"user_name":"test_admin","user_role":"admin"}
[17-Sep-2025 10:48:14 Europe/Zurich] 🔍 parametre-api - Session initialisée par bootstrap.php
[17-Sep-2025 10:48:14 Europe/Zurich] parametre-api - Session trouvée - User ID: 2, Role: admin
[17-Sep-2025 10:48:14 Europe/Zurich] ✅ parametre-api - Accès autorisé pour utilisateur: 2 (role: admin)
[17-Sep-2025 10:48:14 Europe/Zurich] parametre-api - Méthode: GET
[17-Sep-2025 10:48:14 Europe/Zurich] parametre-api - Paramètres GET: {"PHPSESSID":"hk4tbv7mv7oti1bgm4jgvhcsfb","nomParametre":"OutputDir","groupe":"Facture","sGroupe":"Chemin","_ts":"1758098893978"}
[17-Sep-2025 10:48:14 Europe/Zurich] parametre-api - GET paramètres par sous-groupe: Facture/Chemin (user: 2)
[17-Sep-2025 10:48:14 Europe/Zurich] 🔧 Session cross-domain configurée - ID: hk4tbv7mv7oti1bgm4jgvhcsfb
[17-Sep-2025 10:48:14 Europe/Zurich] 🍪 Cookie params: {"lifetime":1800,"path":"\/","domain":"","secure":true,"httponly":false,"samesite":"None"}
[17-Sep-2025 10:48:14 Europe/Zurich] 🔍 User en session: 2
[17-Sep-2025 10:48:14 Europe/Zurich] 🔧 Setup CORS - Début
[17-Sep-2025 10:48:14 Europe/Zurich] - Mode: DÉVELOPPEMENT
[17-Sep-2025 10:48:14 Europe/Zurich] - Origin reçu: http://localhost:3000
[17-Sep-2025 10:48:14 Europe/Zurich] 🔍 Test d'autorisation pour origin: 'http://localhost:3000'
[17-Sep-2025 10:48:14 Europe/Zurich] 📝 Origins autorisées: ["http:\/\/localhost:3007","http:\/\/localhost:3000","http:\/\/127.0.0.1:3000","http:\/\/localhost:3007","https:\/\/dev-facturation"]
[17-Sep-2025 10:48:14 Europe/Zurich] ✅ Origin autorisé: http://localhost:3000
[17-Sep-2025 10:48:14 Europe/Zurich] 📤 En-têtes CORS envoyés:
[17-Sep-2025 10:48:14 Europe/Zurich] - Methods: GET, POST, PUT, DELETE, OPTIONS
[17-Sep-2025 10:48:14 Europe/Zurich] - Headers: Content-Type, Authorization, X-Requested-With
[17-Sep-2025 10:48:14 Europe/Zurich] - Credentials: true
[17-Sep-2025 10:48:14 Europe/Zurich] parametre-api - Chargement de la configuration
[17-Sep-2025 10:48:14 Europe/Zurich] parametre-api - Méthode: GET
[17-Sep-2025 10:48:14 Europe/Zurich] parametre-api - URL complète: /fact-back/api/parametre-api.php?PHPSESSID=hk4tbv7mv7oti1bgm4jgvhcsfb&nomParametre=OutputDir&groupe=Facture&sGroupe=Chemin&_ts=1758098893992
[17-Sep-2025 10:48:14 Europe/Zurich] parametre-api - Origin: http://localhost:3000
[17-Sep-2025 10:48:14 Europe/Zurich] parametre-api - Paramètres GET: {"PHPSESSID":"hk4tbv7mv7oti1bgm4jgvhcsfb","nomParametre":"OutputDir","groupe":"Facture","sGroupe":"Chemin","_ts":"1758098893992"}
[17-Sep-2025 10:48:14 Europe/Zurich] parametre-api - Session ID: hk4tbv7mv7oti1bgm4jgvhcsfb
[17-Sep-2025 10:48:14 Europe/Zurich] parametre-api - Session status: 2
[17-Sep-2025 10:48:14 Europe/Zurich] parametre-api - Session content: {"user_id":2,"user_name":"test_admin","user_role":"admin"}
[17-Sep-2025 10:48:14 Europe/Zurich] 🔍 parametre-api - Session initialisée par bootstrap.php
[17-Sep-2025 10:48:14 Europe/Zurich] parametre-api - Session trouvée - User ID: 2, Role: admin
[17-Sep-2025 10:48:14 Europe/Zurich] ✅ parametre-api - Accès autorisé pour utilisateur: 2 (role: admin)
[17-Sep-2025 10:48:14 Europe/Zurich] parametre-api - Méthode: GET
[17-Sep-2025 10:48:14 Europe/Zurich] parametre-api - Paramètres GET: {"PHPSESSID":"hk4tbv7mv7oti1bgm4jgvhcsfb","nomParametre":"OutputDir","groupe":"Facture","sGroupe":"Chemin","_ts":"1758098893992"}
[17-Sep-2025 10:48:14 Europe/Zurich] parametre-api - GET paramètres par sous-groupe: Facture/Chemin (user: 2)
[17-Sep-2025 10:48:14 Europe/Zurich] 🔑 tarif-api.php - Session ID forcé depuis URL: hk4tbv7mv7oti1bgm4jgvhcsfb
[17-Sep-2025 10:48:14 Europe/Zurich] 🔍 Session cross-domain analysis :
[17-Sep-2025 10:48:14 Europe/Zurich] - HTTP_ORIGIN: http://localhost:3000
[17-Sep-2025 10:48:14 Europe/Zurich] - HTTP_HOST: localhost
[17-Sep-2025 10:48:14 Europe/Zurich] - Is cross-domain: YES
[17-Sep-2025 10:48:14 Europe/Zurich] 🏠 Configuration same-domain appliquée
[17-Sep-2025 10:48:14 Europe/Zurich] 🔧 Session cross-domain configurée - ID: hk4tbv7mv7oti1bgm4jgvhcsfb
[17-Sep-2025 10:48:14 Europe/Zurich] 🍪 Cookie params: {"lifetime":1800,"path":"\/","domain":"","secure":true,"httponly":false,"samesite":"None"}
[17-Sep-2025 10:48:14 Europe/Zurich] 🔍 User en session: 2
[17-Sep-2025 10:48:14 Europe/Zurich] 🔧 Setup CORS - Début
[17-Sep-2025 10:48:14 Europe/Zurich] - Mode: DÉVELOPPEMENT
[17-Sep-2025 10:48:14 Europe/Zurich] - Origin reçu: http://localhost:3000
[17-Sep-2025 10:48:14 Europe/Zurich] 🔍 Test d'autorisation pour origin: 'http://localhost:3000'
[17-Sep-2025 10:48:14 Europe/Zurich] 📝 Origins autorisées: ["http:\/\/localhost:3007","http:\/\/localhost:3000","http:\/\/127.0.0.1:3000","http:\/\/localhost:3007","https:\/\/dev-facturation"]
[17-Sep-2025 10:48:14 Europe/Zurich] ✅ Origin autorisé: http://localhost:3000
[17-Sep-2025 10:48:14 Europe/Zurich] 📤 En-têtes CORS envoyés:
[17-Sep-2025 10:48:14 Europe/Zurich] - Methods: GET, POST, PUT, DELETE, OPTIONS
[17-Sep-2025 10:48:14 Europe/Zurich] - Headers: Content-Type, Authorization, X-Requested-With
[17-Sep-2025 10:48:14 Europe/Zurich] - Credentials: true
[17-Sep-2025 10:48:14 Europe/Zurich] 🔄 Requête OPTIONS (preflight) - Réponse immédiate
[17-Sep-2025 10:48:14 Europe/Zurich] 🔑 tarif-api.php - Session ID forcé depuis URL: hk4tbv7mv7oti1bgm4jgvhcsfb
[17-Sep-2025 10:48:14 Europe/Zurich] 🔍 Session cross-domain analysis :
[17-Sep-2025 10:48:14 Europe/Zurich] - HTTP_ORIGIN: http://localhost:3000
[17-Sep-2025 10:48:14 Europe/Zurich] - HTTP_HOST: localhost
[17-Sep-2025 10:48:14 Europe/Zurich] - Is cross-domain: YES
[17-Sep-2025 10:48:14 Europe/Zurich] 🏠 Configuration same-domain appliquée
[17-Sep-2025 10:48:14 Europe/Zurich] 🔧 Session cross-domain configurée - ID: hk4tbv7mv7oti1bgm4jgvhcsfb
[17-Sep-2025 10:48:14 Europe/Zurich] 🍪 Cookie params: {"lifetime":1800,"path":"\/","domain":"","secure":true,"httponly":false,"samesite":"None"}
[17-Sep-2025 10:48:14 Europe/Zurich] 🔍 User en session: 2
[17-Sep-2025 10:48:14 Europe/Zurich] 🔧 Setup CORS - Début
[17-Sep-2025 10:48:14 Europe/Zurich] - Mode: DÉVELOPPEMENT
[17-Sep-2025 10:48:14 Europe/Zurich] - Origin reçu: http://localhost:3000
[17-Sep-2025 10:48:14 Europe/Zurich] 🔍 Test d'autorisation pour origin: 'http://localhost:3000'
[17-Sep-2025 10:48:14 Europe/Zurich] 📝 Origins autorisées: ["http:\/\/localhost:3007","http:\/\/localhost:3000","http:\/\/127.0.0.1:3000","http:\/\/localhost:3007","https:\/\/dev-facturation"]
[17-Sep-2025 10:48:14 Europe/Zurich] ✅ Origin autorisé: http://localhost:3000
[17-Sep-2025 10:48:14 Europe/Zurich] 📤 En-têtes CORS envoyés:
[17-Sep-2025 10:48:14 Europe/Zurich] - Methods: GET, POST, PUT, DELETE, OPTIONS
[17-Sep-2025 10:48:14 Europe/Zurich] - Headers: Content-Type, Authorization, X-Requested-With
[17-Sep-2025 10:48:14 Europe/Zurich] - Credentials: true
[17-Sep-2025 10:48:14 Europe/Zurich] tarif-api - Méthode: GET
[17-Sep-2025 10:48:14 Europe/Zurich] tarif-api - URL complète: /fact-back/api/tarif-api.php?PHPSESSID=hk4tbv7mv7oti1bgm4jgvhcsfb&services=true&_ts=1758098894467
[17-Sep-2025 10:48:14 Europe/Zurich] tarif-api - Session ID: hk4tbv7mv7oti1bgm4jgvhcsfb
[17-Sep-2025 10:48:14 Europe/Zurich] tarif-api - Session content: {"user_id":2,"user_name":"test_admin","user_role":"admin"}
[17-Sep-2025 10:48:14 Europe/Zurich] 🔍 Utilisateur: ID=2, Role=admin, Auth=OUI
[17-Sep-2025 10:48:14 Europe/Zurich] ✅ tarif-api - Accès autorisé pour utilisateur: 2 (role: admin)
[17-Sep-2025 10:48:14 Europe/Zurich] 📥 tarif-api - GET services pour user: 2
[17-Sep-2025 10:48:14 Europe/Zurich] 📥 tarif-api - GET services - résultat: {"success":true,"services":[{"id_service":2,"code_service":"SiteWeb","nom_service":"Cr\u00e9ation de site web","description_service":"Service de cr\u00e9ation de site web","actif":1,"isDefault":0},{"id_service":5,"code_service":"TEST","nom_service":"GagaGaga","description_service":"Service de test","actif":1,"isDefault":0},{"id_service":3,"code_service":"Hosting","nom_service":"H\u00e9bergement de site","description_service":"Service d'h\u00e9bergement annuel de site web","actif":1,"isDefault":0},{"id_service":1,"code_service":"LocationSalle","nom_service":"Location de salle","description_service":"Service de location de la salle de th\u00e9rapie","actif":1,"isDefault":1},{"id_service":4,"code_service":"Cuisine","nom_service":"Utilisation de la cuisine","description_service":"Service d'utilisation de la cuisine","actif":1,"isDefault":0},{"id_service":11,"code_service":"TEST1","nom_service":"ycyvxcv","description_service":"vxcvxcvx","actif":0,"isDefault":0}]}
[17-Sep-2025 10:48:15 Europe/Zurich] 🔑 tarif-api.php - Session ID forcé depuis URL: hk4tbv7mv7oti1bgm4jgvhcsfb
[17-Sep-2025 10:48:15 Europe/Zurich] 🔍 Session cross-domain analysis :
[17-Sep-2025 10:48:15 Europe/Zurich] - HTTP_ORIGIN: http://localhost:3000
[17-Sep-2025 10:48:15 Europe/Zurich] - HTTP_HOST: localhost
[17-Sep-2025 10:48:15 Europe/Zurich] - Is cross-domain: YES
[17-Sep-2025 10:48:15 Europe/Zurich] 🏠 Configuration same-domain appliquée
[17-Sep-2025 10:48:15 Europe/Zurich] 🔧 Session cross-domain configurée - ID: hk4tbv7mv7oti1bgm4jgvhcsfb
[17-Sep-2025 10:48:15 Europe/Zurich] 🍪 Cookie params: {"lifetime":1800,"path":"\/","domain":"","secure":true,"httponly":false,"samesite":"None"}
[17-Sep-2025 10:48:15 Europe/Zurich] 🔍 User en session: 2
[17-Sep-2025 10:48:15 Europe/Zurich] 🔧 Setup CORS - Début
[17-Sep-2025 10:48:15 Europe/Zurich] - Mode: DÉVELOPPEMENT
[17-Sep-2025 10:48:15 Europe/Zurich] - Origin reçu: http://localhost:3000
[17-Sep-2025 10:48:15 Europe/Zurich] 🔍 Test d'autorisation pour origin: 'http://localhost:3000'
[17-Sep-2025 10:48:15 Europe/Zurich] 📝 Origins autorisées: ["http:\/\/localhost:3007","http:\/\/localhost:3000","http:\/\/127.0.0.1:3000","http:\/\/localhost:3007","https:\/\/dev-facturation"]
[17-Sep-2025 10:48:15 Europe/Zurich] ✅ Origin autorisé: http://localhost:3000
[17-Sep-2025 10:48:15 Europe/Zurich] 📤 En-têtes CORS envoyés:
[17-Sep-2025 10:48:15 Europe/Zurich] - Methods: GET, POST, PUT, DELETE, OPTIONS
[17-Sep-2025 10:48:15 Europe/Zurich] - Headers: Content-Type, Authorization, X-Requested-With
[17-Sep-2025 10:48:15 Europe/Zurich] - Credentials: true
[17-Sep-2025 10:48:15 Europe/Zurich] 🔄 Requête OPTIONS (preflight) - Réponse immédiate
[17-Sep-2025 10:48:15 Europe/Zurich] 🔑 tarif-api.php - Session ID forcé depuis URL: hk4tbv7mv7oti1bgm4jgvhcsfb
[17-Sep-2025 10:48:15 Europe/Zurich] 🔍 Session cross-domain analysis :
[17-Sep-2025 10:48:15 Europe/Zurich] - HTTP_ORIGIN: http://localhost:3000
[17-Sep-2025 10:48:15 Europe/Zurich] - HTTP_HOST: localhost
[17-Sep-2025 10:48:15 Europe/Zurich] - Is cross-domain: YES
[17-Sep-2025 10:48:15 Europe/Zurich] 🏠 Configuration same-domain appliquée
[17-Sep-2025 10:48:15 Europe/Zurich] 🔧 Session cross-domain configurée - ID: hk4tbv7mv7oti1bgm4jgvhcsfb
[17-Sep-2025 10:48:15 Europe/Zurich] 🍪 Cookie params: {"lifetime":1800,"path":"\/","domain":"","secure":true,"httponly":false,"samesite":"None"}
[17-Sep-2025 10:48:15 Europe/Zurich] 🔍 User en session: 2
[17-Sep-2025 10:48:15 Europe/Zurich] 🔧 Setup CORS - Début
[17-Sep-2025 10:48:15 Europe/Zurich] - Mode: DÉVELOPPEMENT
[17-Sep-2025 10:48:15 Europe/Zurich] - Origin reçu: http://localhost:3000
[17-Sep-2025 10:48:15 Europe/Zurich] 🔍 Test d'autorisation pour origin: 'http://localhost:3000'
[17-Sep-2025 10:48:15 Europe/Zurich] 📝 Origins autorisées: ["http:\/\/localhost:3007","http:\/\/localhost:3000","http:\/\/127.0.0.1:3000","http:\/\/localhost:3007","https:\/\/dev-facturation"]
[17-Sep-2025 10:48:15 Europe/Zurich] ✅ Origin autorisé: http://localhost:3000
[17-Sep-2025 10:48:15 Europe/Zurich] 📤 En-têtes CORS envoyés:
[17-Sep-2025 10:48:15 Europe/Zurich] - Methods: GET, POST, PUT, DELETE, OPTIONS
[17-Sep-2025 10:48:15 Europe/Zurich] - Headers: Content-Type, Authorization, X-Requested-With
[17-Sep-2025 10:48:15 Europe/Zurich] - Credentials: true
[17-Sep-2025 10:48:15 Europe/Zurich] tarif-api - Méthode: GET
[17-Sep-2025 10:48:15 Europe/Zurich] tarif-api - URL complète: /fact-back/api/tarif-api.php?PHPSESSID=hk4tbv7mv7oti1bgm4jgvhcsfb&unites=true&_ts=1758098894949
[17-Sep-2025 10:48:15 Europe/Zurich] tarif-api - Session ID: hk4tbv7mv7oti1bgm4jgvhcsfb
[17-Sep-2025 10:48:15 Europe/Zurich] tarif-api - Session content: {"user_id":2,"user_name":"test_admin","user_role":"admin"}
[17-Sep-2025 10:48:15 Europe/Zurich] 🔍 Utilisateur: ID=2, Role=admin, Auth=OUI
[17-Sep-2025 10:48:15 Europe/Zurich] ✅ tarif-api - Accès autorisé pour utilisateur: 2 (role: admin)
[17-Sep-2025 10:48:15 Europe/Zurich] 🔥 tarif-api - GET unités pour service: tous
[17-Sep-2025 10:48:15 Europe/Zurich] 🔥 tarif-api - id_service type: NULL
[17-Sep-2025 10:48:15 Europe/Zurich] 🔥 tarif-api - id_service value: NULL
[17-Sep-2025 10:48:15 Europe/Zurich] 📥 tarif-api - GET unités pour service - résultat: {"success":true,"unites":[{"id_unite":7,"code_unite":"Annuel","nom_unite":"Annuel","description_unite":"Tarification annuelle"},{"id_unite":17,"code_unite":"TEST1","nom_unite":"asdf","description_unite":"asdfa"},{"id_unite":2,"code_unite":"DemiJour","nom_unite":"Demi-journ\u00e9e","description_unite":"Tarification \u00e0 la demi-journ\u00e9e (4h)"},{"id_unite":6,"code_unite":"Forfait","nom_unite":"Forfait","description_unite":"Tarification forfaitaire"},{"id_unite":1,"code_unite":"Heure","nom_unite":"Heure","description_unite":"Tarification \u00e0 l'heure"},{"id_unite":3,"code_unite":"Jour","nom_unite":"Journ\u00e9e","description_unite":"Tarification \u00e0 la journ\u00e9e (8h)"},{"id_unite":8,"code_unite":"Seance1,15","nom_unite":"S\u00e9ance 1h15","description_unite":"S\u00e9ance d'une heure et quinze"},{"id_unite":12,"code_unite":"Hatha yog 2h30","nom_unite":"S\u00e9ance de 2h30 de Hatha Yoga","description_unite":"S\u00e9ance de 2h30 de Hatha Yoga"},{"id_unite":4,"code_unite":"Soiree","nom_unite":"Soir\u00e9e","description_unite":"Tarification en soir\u00e9e (18h-23h)"},{"id_unite":13,"code_unite":"TEST","nom_unite":"Unit\u00e9 de test \u00e0 1.-","description_unite":"Unit\u00e9 de test qui \u00e9quivaut \u00e0 rien mais 1 franc"},{"id_unite":5,"code_unite":"Weekend","nom_unite":"Week-end","description_unite":"Tarification pour un week-end complet"},{"id_unite":9,"code_unite":"YogaMantra","nom_unite":"Yoga & Mantra","description_unite":"S\u00e9ance de 2h pour Yoga & Mantra"}]}
[17-Sep-2025 10:48:15 Europe/Zurich] 🔑 client-api.php - Session ID forcé depuis URL: hk4tbv7mv7oti1bgm4jgvhcsfb
[17-Sep-2025 10:48:15 Europe/Zurich] 🔍 Session cross-domain analysis :
[17-Sep-2025 10:48:15 Europe/Zurich] - HTTP_ORIGIN: http://localhost:3000
[17-Sep-2025 10:48:15 Europe/Zurich] - HTTP_HOST: localhost
[17-Sep-2025 10:48:15 Europe/Zurich] - Is cross-domain: YES
[17-Sep-2025 10:48:15 Europe/Zurich] 🏠 Configuration same-domain appliquée
[17-Sep-2025 10:48:15 Europe/Zurich] 🔧 Session cross-domain configurée - ID: hk4tbv7mv7oti1bgm4jgvhcsfb
[17-Sep-2025 10:48:15 Europe/Zurich] 🍪 Cookie params: {"lifetime":1800,"path":"\/","domain":"","secure":true,"httponly":false,"samesite":"None"}
[17-Sep-2025 10:48:15 Europe/Zurich] 🔍 User en session: 2
[17-Sep-2025 10:48:15 Europe/Zurich] 🔧 Setup CORS - Début
[17-Sep-2025 10:48:15 Europe/Zurich] - Mode: DÉVELOPPEMENT
[17-Sep-2025 10:48:15 Europe/Zurich] - Origin reçu: http://localhost:3000
[17-Sep-2025 10:48:15 Europe/Zurich] 🔍 Test d'autorisation pour origin: 'http://localhost:3000'
[17-Sep-2025 10:48:15 Europe/Zurich] 📝 Origins autorisées: ["http:\/\/localhost:3007","http:\/\/localhost:3000","http:\/\/127.0.0.1:3000","http:\/\/localhost:3007","https:\/\/dev-facturation"]
[17-Sep-2025 10:48:15 Europe/Zurich] ✅ Origin autorisé: http://localhost:3000
[17-Sep-2025 10:48:15 Europe/Zurich] 📤 En-têtes CORS envoyés:
[17-Sep-2025 10:48:15 Europe/Zurich] - Methods: GET, POST, PUT, DELETE, OPTIONS
[17-Sep-2025 10:48:15 Europe/Zurich] - Headers: Content-Type, Authorization, X-Requested-With
[17-Sep-2025 10:48:15 Europe/Zurich] - Credentials: true
[17-Sep-2025 10:48:15 Europe/Zurich] 🔄 Requête OPTIONS (preflight) - Réponse immédiate
[17-Sep-2025 10:48:15 Europe/Zurich] 🔑 client-api.php - Session ID forcé depuis URL: hk4tbv7mv7oti1bgm4jgvhcsfb
[17-Sep-2025 10:48:15 Europe/Zurich] 🔍 Session cross-domain analysis :
[17-Sep-2025 10:48:15 Europe/Zurich] - HTTP_ORIGIN: http://localhost:3000
[17-Sep-2025 10:48:15 Europe/Zurich] - HTTP_HOST: localhost
[17-Sep-2025 10:48:15 Europe/Zurich] - Is cross-domain: YES
[17-Sep-2025 10:48:15 Europe/Zurich] 🏠 Configuration same-domain appliquée
[17-Sep-2025 10:48:15 Europe/Zurich] 🔧 Session cross-domain configurée - ID: hk4tbv7mv7oti1bgm4jgvhcsfb
[17-Sep-2025 10:48:15 Europe/Zurich] 🍪 Cookie params: {"lifetime":1800,"path":"\/","domain":"","secure":true,"httponly":false,"samesite":"None"}
[17-Sep-2025 10:48:15 Europe/Zurich] 🔍 User en session: 2
[17-Sep-2025 10:48:15 Europe/Zurich] 🔧 Setup CORS - Début
[17-Sep-2025 10:48:15 Europe/Zurich] - Mode: DÉVELOPPEMENT
[17-Sep-2025 10:48:15 Europe/Zurich] - Origin reçu: http://localhost:3000
[17-Sep-2025 10:48:15 Europe/Zurich] 🔍 Test d'autorisation pour origin: 'http://localhost:3000'
[17-Sep-2025 10:48:15 Europe/Zurich] 📝 Origins autorisées: ["http:\/\/localhost:3007","http:\/\/localhost:3000","http:\/\/127.0.0.1:3000","http:\/\/localhost:3007","https:\/\/dev-facturation"]
[17-Sep-2025 10:48:15 Europe/Zurich] ✅ Origin autorisé: http://localhost:3000
[17-Sep-2025 10:48:15 Europe/Zurich] 📤 En-têtes CORS envoyés:
[17-Sep-2025 10:48:15 Europe/Zurich] - Methods: GET, POST, PUT, DELETE, OPTIONS
[17-Sep-2025 10:48:15 Europe/Zurich] - Headers: Content-Type, Authorization, X-Requested-With
[17-Sep-2025 10:48:15 Europe/Zurich] - Credentials: true
[17-Sep-2025 10:48:15 Europe/Zurich] 🔄 Requête OPTIONS (preflight) - Réponse immédiate
[17-Sep-2025 10:48:15 Europe/Zurich] 🔑 client-api.php - Session ID forcé depuis URL: hk4tbv7mv7oti1bgm4jgvhcsfb
[17-Sep-2025 10:48:15 Europe/Zurich] 🔍 Session cross-domain analysis :
[17-Sep-2025 10:48:15 Europe/Zurich] - HTTP_ORIGIN: http://localhost:3000
[17-Sep-2025 10:48:15 Europe/Zurich] - HTTP_HOST: localhost
[17-Sep-2025 10:48:15 Europe/Zurich] - Is cross-domain: YES
[17-Sep-2025 10:48:15 Europe/Zurich] 🏠 Configuration same-domain appliquée
[17-Sep-2025 10:48:15 Europe/Zurich] 🔧 Session cross-domain configurée - ID: hk4tbv7mv7oti1bgm4jgvhcsfb
[17-Sep-2025 10:48:15 Europe/Zurich] 🍪 Cookie params: {"lifetime":1800,"path":"\/","domain":"","secure":true,"httponly":false,"samesite":"None"}
[17-Sep-2025 10:48:15 Europe/Zurich] 🔍 User en session: 2
[17-Sep-2025 10:48:15 Europe/Zurich] 🔧 Setup CORS - Début
[17-Sep-2025 10:48:15 Europe/Zurich] - Mode: DÉVELOPPEMENT
[17-Sep-2025 10:48:15 Europe/Zurich] - Origin reçu: http://localhost:3000
[17-Sep-2025 10:48:15 Europe/Zurich] 🔍 Test d'autorisation pour origin: 'http://localhost:3000'
[17-Sep-2025 10:48:15 Europe/Zurich] 📝 Origins autorisées: ["http:\/\/localhost:3007","http:\/\/localhost:3000","http:\/\/127.0.0.1:3000","http:\/\/localhost:3007","https:\/\/dev-facturation"]
[17-Sep-2025 10:48:15 Europe/Zurich] ✅ Origin autorisé: http://localhost:3000
[17-Sep-2025 10:48:15 Europe/Zurich] 📤 En-têtes CORS envoyés:
[17-Sep-2025 10:48:15 Europe/Zurich] - Methods: GET, POST, PUT, DELETE, OPTIONS
[17-Sep-2025 10:48:15 Europe/Zurich] - Headers: Content-Type, Authorization, X-Requested-With
[17-Sep-2025 10:48:15 Europe/Zurich] - Credentials: true
[17-Sep-2025 10:48:15 Europe/Zurich] client-api - Chargement de la configuration
[17-Sep-2025 10:48:15 Europe/Zurich] client-api - Méthode: GET
[17-Sep-2025 10:48:15 Europe/Zurich] client-api - URL complète: /fact-back/api/client-api.php?PHPSESSID=hk4tbv7mv7oti1bgm4jgvhcsfb&id=2&_ts=1758098895442
[17-Sep-2025 10:48:15 Europe/Zurich] client-api - Origin: http://localhost:3000
[17-Sep-2025 10:48:15 Europe/Zurich] client-api - Paramètres GET: {"PHPSESSID":"hk4tbv7mv7oti1bgm4jgvhcsfb","id":"2","_ts":"1758098895442"}
[17-Sep-2025 10:48:15 Europe/Zurich] client-api - Session ID: hk4tbv7mv7oti1bgm4jgvhcsfb
[17-Sep-2025 10:48:15 Europe/Zurich] client-api - Session status: 2
[17-Sep-2025 10:48:15 Europe/Zurich] client-api - Session content: {"user_id":2,"user_name":"test_admin","user_role":"admin"}
[17-Sep-2025 10:48:15 Europe/Zurich] 🔍 client-api - Session initialisée par bootstrap.php
[17-Sep-2025 10:48:15 Europe/Zurich] client-api - Session trouvée - User ID: 2, Role: admin
[17-Sep-2025 10:48:15 Europe/Zurich] client-api - Session keys: ["user_id","user_name","user_role"]
[17-Sep-2025 10:48:15 Europe/Zurich] client-api - Cookies reçues: {"PHPSESSID":"hk4tbv7mv7oti1bgm4jgvhcsfb"}
[17-Sep-2025 10:48:15 Europe/Zurich] client-api - Méthode: GET
[17-Sep-2025 10:48:15 Europe/Zurich] client-api - Paramètres GET: {"PHPSESSID":"hk4tbv7mv7oti1bgm4jgvhcsfb","id":"2","_ts":"1758098895442"}
[17-Sep-2025 10:48:15 Europe/Zurich] ✅ client-api - Accès autorisé pour utilisateur: 2 (role: admin)
[17-Sep-2025 10:48:15 Europe/Zurich] client-api - Méthode: GET
[17-Sep-2025 10:48:15 Europe/Zurich] client-api - Paramètres GET: {"PHPSESSID":"hk4tbv7mv7oti1bgm4jgvhcsfb","id":"2","_ts":"1758098895442"}
[17-Sep-2025 10:48:15 Europe/Zurich] client-api - Traitement GET pour client
[17-Sep-2025 10:48:15 Europe/Zurich] client-api - Paramètres GET: {"PHPSESSID":"hk4tbv7mv7oti1bgm4jgvhcsfb","id":"2","_ts":"1758098895442"}
[17-Sep-2025 10:48:15 Europe/Zurich] client-api - GET ID: 2
[17-Sep-2025 10:48:15 Europe/Zurich] client-api - GET checkFactures: Aucun paramètre checkFactures
[17-Sep-2025 10:48:15 Europe/Zurich] client-api - Récupération client ID: 2 (user: 2)
[17-Sep-2025 10:48:15 Europe/Zurich] 🔑 client-api.php - Session ID forcé depuis URL: hk4tbv7mv7oti1bgm4jgvhcsfb
[17-Sep-2025 10:48:15 Europe/Zurich] 🔍 Session cross-domain analysis :
[17-Sep-2025 10:48:15 Europe/Zurich] - HTTP_ORIGIN: http://localhost:3000
[17-Sep-2025 10:48:15 Europe/Zurich] - HTTP_HOST: localhost
[17-Sep-2025 10:48:15 Europe/Zurich] - Is cross-domain: YES
[17-Sep-2025 10:48:15 Europe/Zurich] 🏠 Configuration same-domain appliquée
[17-Sep-2025 10:48:15 Europe/Zurich] 🔧 Session cross-domain configurée - ID: hk4tbv7mv7oti1bgm4jgvhcsfb
[17-Sep-2025 10:48:15 Europe/Zurich] 🍪 Cookie params: {"lifetime":1800,"path":"\/","domain":"","secure":true,"httponly":false,"samesite":"None"}
[17-Sep-2025 10:48:15 Europe/Zurich] 🔍 User en session: 2
[17-Sep-2025 10:48:15 Europe/Zurich] 🔧 Setup CORS - Début
[17-Sep-2025 10:48:15 Europe/Zurich] - Mode: DÉVELOPPEMENT
[17-Sep-2025 10:48:15 Europe/Zurich] - Origin reçu: http://localhost:3000
[17-Sep-2025 10:48:15 Europe/Zurich] 🔍 Test d'autorisation pour origin: 'http://localhost:3000'
[17-Sep-2025 10:48:15 Europe/Zurich] 📝 Origins autorisées: ["http:\/\/localhost:3007","http:\/\/localhost:3000","http:\/\/127.0.0.1:3000","http:\/\/localhost:3007","https:\/\/dev-facturation"]
[17-Sep-2025 10:48:15 Europe/Zurich] ✅ Origin autorisé: http://localhost:3000
[17-Sep-2025 10:48:15 Europe/Zurich] 📤 En-têtes CORS envoyés:
[17-Sep-2025 10:48:15 Europe/Zurich] - Methods: GET, POST, PUT, DELETE, OPTIONS
[17-Sep-2025 10:48:15 Europe/Zurich] - Headers: Content-Type, Authorization, X-Requested-With
[17-Sep-2025 10:48:15 Europe/Zurich] - Credentials: true
[17-Sep-2025 10:48:15 Europe/Zurich] client-api - Chargement de la configuration
[17-Sep-2025 10:48:15 Europe/Zurich] client-api - Méthode: GET
[17-Sep-2025 10:48:15 Europe/Zurich] client-api - URL complète: /fact-back/api/client-api.php?PHPSESSID=hk4tbv7mv7oti1bgm4jgvhcsfb&id=2&_ts=1758098895493
[17-Sep-2025 10:48:15 Europe/Zurich] client-api - Origin: http://localhost:3000
[17-Sep-2025 10:48:15 Europe/Zurich] client-api - Paramètres GET: {"PHPSESSID":"hk4tbv7mv7oti1bgm4jgvhcsfb","id":"2","_ts":"1758098895493"}
[17-Sep-2025 10:48:15 Europe/Zurich] client-api - Session ID: hk4tbv7mv7oti1bgm4jgvhcsfb
[17-Sep-2025 10:48:15 Europe/Zurich] client-api - Session status: 2
[17-Sep-2025 10:48:15 Europe/Zurich] client-api - Session content: {"user_id":2,"user_name":"test_admin","user_role":"admin"}
[17-Sep-2025 10:48:15 Europe/Zurich] 🔍 client-api - Session initialisée par bootstrap.php
[17-Sep-2025 10:48:15 Europe/Zurich] client-api - Session trouvée - User ID: 2, Role: admin
[17-Sep-2025 10:48:15 Europe/Zurich] client-api - Session keys: ["user_id","user_name","user_role"]
[17-Sep-2025 10:48:15 Europe/Zurich] client-api - Cookies reçues: {"PHPSESSID":"hk4tbv7mv7oti1bgm4jgvhcsfb"}
[17-Sep-2025 10:48:15 Europe/Zurich] client-api - Méthode: GET
[17-Sep-2025 10:48:15 Europe/Zurich] client-api - Paramètres GET: {"PHPSESSID":"hk4tbv7mv7oti1bgm4jgvhcsfb","id":"2","_ts":"1758098895493"}
[17-Sep-2025 10:48:15 Europe/Zurich] ✅ client-api - Accès autorisé pour utilisateur: 2 (role: admin)
[17-Sep-2025 10:48:15 Europe/Zurich] client-api - Méthode: GET
[17-Sep-2025 10:48:15 Europe/Zurich] client-api - Paramètres GET: {"PHPSESSID":"hk4tbv7mv7oti1bgm4jgvhcsfb","id":"2","_ts":"1758098895493"}
[17-Sep-2025 10:48:15 Europe/Zurich] client-api - Traitement GET pour client
[17-Sep-2025 10:48:15 Europe/Zurich] client-api - Paramètres GET: {"PHPSESSID":"hk4tbv7mv7oti1bgm4jgvhcsfb","id":"2","_ts":"1758098895493"}
[17-Sep-2025 10:48:15 Europe/Zurich] client-api - GET ID: 2
[17-Sep-2025 10:48:15 Europe/Zurich] client-api - GET checkFactures: Aucun paramètre checkFactures
[17-Sep-2025 10:48:15 Europe/Zurich] client-api - Récupération client ID: 2 (user: 2)
[17-Sep-2025 10:48:16 Europe/Zurich] 🔑 tarif-api.php - Session ID forcé depuis URL: hk4tbv7mv7oti1bgm4jgvhcsfb
[17-Sep-2025 10:48:16 Europe/Zurich] 🔍 Session cross-domain analysis :
[17-Sep-2025 10:48:16 Europe/Zurich] - HTTP_ORIGIN: http://localhost:3000
[17-Sep-2025 10:48:16 Europe/Zurich] - HTTP_HOST: localhost
[17-Sep-2025 10:48:16 Europe/Zurich] - Is cross-domain: YES
[17-Sep-2025 10:48:16 Europe/Zurich] 🏠 Configuration same-domain appliquée
[17-Sep-2025 10:48:16 Europe/Zurich] 🔧 Session cross-domain configurée - ID: hk4tbv7mv7oti1bgm4jgvhcsfb
[17-Sep-2025 10:48:16 Europe/Zurich] 🍪 Cookie params: {"lifetime":1800,"path":"\/","domain":"","secure":true,"httponly":false,"samesite":"None"}
[17-Sep-2025 10:48:16 Europe/Zurich] 🔍 User en session: 2
[17-Sep-2025 10:48:16 Europe/Zurich] 🔧 Setup CORS - Début
[17-Sep-2025 10:48:16 Europe/Zurich] - Mode: DÉVELOPPEMENT
[17-Sep-2025 10:48:16 Europe/Zurich] - Origin reçu: http://localhost:3000
[17-Sep-2025 10:48:16 Europe/Zurich] 🔍 Test d'autorisation pour origin: 'http://localhost:3000'
[17-Sep-2025 10:48:16 Europe/Zurich] 📝 Origins autorisées: ["http:\/\/localhost:3007","http:\/\/localhost:3000","http:\/\/127.0.0.1:3000","http:\/\/localhost:3007","https:\/\/dev-facturation"]
[17-Sep-2025 10:48:16 Europe/Zurich] ✅ Origin autorisé: http://localhost:3000
[17-Sep-2025 10:48:16 Europe/Zurich] 📤 En-têtes CORS envoyés:
[17-Sep-2025 10:48:16 Europe/Zurich] - Methods: GET, POST, PUT, DELETE, OPTIONS
[17-Sep-2025 10:48:16 Europe/Zurich] - Headers: Content-Type, Authorization, X-Requested-With
[17-Sep-2025 10:48:16 Europe/Zurich] - Credentials: true
[17-Sep-2025 10:48:16 Europe/Zurich] 🔄 Requête OPTIONS (preflight) - Réponse immédiate
[17-Sep-2025 10:48:16 Europe/Zurich] 🔑 tarif-api.php - Session ID forcé depuis URL: hk4tbv7mv7oti1bgm4jgvhcsfb
[17-Sep-2025 10:48:16 Europe/Zurich] 🔍 Session cross-domain analysis :
[17-Sep-2025 10:48:16 Europe/Zurich] - HTTP_ORIGIN: http://localhost:3000
[17-Sep-2025 10:48:16 Europe/Zurich] - HTTP_HOST: localhost
[17-Sep-2025 10:48:16 Europe/Zurich] - Is cross-domain: YES
[17-Sep-2025 10:48:16 Europe/Zurich] 🏠 Configuration same-domain appliquée
[17-Sep-2025 10:48:16 Europe/Zurich] 🔧 Session cross-domain configurée - ID: hk4tbv7mv7oti1bgm4jgvhcsfb
[17-Sep-2025 10:48:16 Europe/Zurich] 🍪 Cookie params: {"lifetime":1800,"path":"\/","domain":"","secure":true,"httponly":false,"samesite":"None"}
[17-Sep-2025 10:48:16 Europe/Zurich] 🔍 User en session: 2
[17-Sep-2025 10:48:16 Europe/Zurich] 🔧 Setup CORS - Début
[17-Sep-2025 10:48:16 Europe/Zurich] - Mode: DÉVELOPPEMENT
[17-Sep-2025 10:48:16 Europe/Zurich] - Origin reçu: http://localhost:3000
[17-Sep-2025 10:48:16 Europe/Zurich] 🔍 Test d'autorisation pour origin: 'http://localhost:3000'
[17-Sep-2025 10:48:16 Europe/Zurich] 📝 Origins autorisées: ["http:\/\/localhost:3007","http:\/\/localhost:3000","http:\/\/127.0.0.1:3000","http:\/\/localhost:3007","https:\/\/dev-facturation"]
[17-Sep-2025 10:48:16 Europe/Zurich] ✅ Origin autorisé: http://localhost:3000
[17-Sep-2025 10:48:16 Europe/Zurich] 📤 En-têtes CORS envoyés:
[17-Sep-2025 10:48:16 Europe/Zurich] - Methods: GET, POST, PUT, DELETE, OPTIONS
[17-Sep-2025 10:48:16 Europe/Zurich] - Headers: Content-Type, Authorization, X-Requested-With
[17-Sep-2025 10:48:16 Europe/Zurich] - Credentials: true
[17-Sep-2025 10:48:16 Europe/Zurich] 🔄 Requête OPTIONS (preflight) - Réponse immédiate
[17-Sep-2025 10:48:16 Europe/Zurich] 🔑 tarif-api.php - Session ID forcé depuis URL: hk4tbv7mv7oti1bgm4jgvhcsfb
[17-Sep-2025 10:48:16 Europe/Zurich] 🔑 tarif-api.php - Session ID forcé depuis URL: hk4tbv7mv7oti1bgm4jgvhcsfb
[17-Sep-2025 10:48:16 Europe/Zurich] 🔍 Session cross-domain analysis :
[17-Sep-2025 10:48:16 Europe/Zurich] 🔑 tarif-api.php - Session ID forcé depuis URL: hk4tbv7mv7oti1bgm4jgvhcsfb
[17-Sep-2025 10:48:16 Europe/Zurich] 🔑 paiement-api.php - Session ID forcé depuis URL: hk4tbv7mv7oti1bgm4jgvhcsfb
[17-Sep-2025 10:48:16 Europe/Zurich] 🔍 Session cross-domain analysis :
[17-Sep-2025 10:48:16 Europe/Zurich] - HTTP_ORIGIN: http://localhost:3000
[17-Sep-2025 10:48:16 Europe/Zurich] 🔍 Session cross-domain analysis :
[17-Sep-2025 10:48:16 Europe/Zurich] 🔍 Session cross-domain analysis :
[17-Sep-2025 10:48:16 Europe/Zurich] - HTTP_ORIGIN: http://localhost:3000
[17-Sep-2025 10:48:16 Europe/Zurich] - HTTP_HOST: localhost
[17-Sep-2025 10:48:16 Europe/Zurich] - HTTP_ORIGIN: http://localhost:3000
[17-Sep-2025 10:48:16 Europe/Zurich] - HTTP_ORIGIN: http://localhost:3000
[17-Sep-2025 10:48:16 Europe/Zurich] - HTTP_HOST: localhost
[17-Sep-2025 10:48:16 Europe/Zurich] - Is cross-domain: YES
[17-Sep-2025 10:48:16 Europe/Zurich] - HTTP_HOST: localhost
[17-Sep-2025 10:48:16 Europe/Zurich] - HTTP_HOST: localhost
[17-Sep-2025 10:48:16 Europe/Zurich] - Is cross-domain: YES
[17-Sep-2025 10:48:16 Europe/Zurich] 🏠 Configuration same-domain appliquée
[17-Sep-2025 10:48:16 Europe/Zurich] - Is cross-domain: YES
[17-Sep-2025 10:48:16 Europe/Zurich] - Is cross-domain: YES
[17-Sep-2025 10:48:16 Europe/Zurich] 🏠 Configuration same-domain appliquée
[17-Sep-2025 10:48:16 Europe/Zurich] 🏠 Configuration same-domain appliquée
[17-Sep-2025 10:48:16 Europe/Zurich] 🏠 Configuration same-domain appliquée
[17-Sep-2025 10:48:16 Europe/Zurich] 🔧 Session cross-domain configurée - ID: hk4tbv7mv7oti1bgm4jgvhcsfb
[17-Sep-2025 10:48:16 Europe/Zurich] 🍪 Cookie params: {"lifetime":1800,"path":"\/","domain":"","secure":true,"httponly":false,"samesite":"None"}
[17-Sep-2025 10:48:16 Europe/Zurich] 🔍 User en session: 2
[17-Sep-2025 10:48:16 Europe/Zurich] 🔧 Setup CORS - Début
[17-Sep-2025 10:48:16 Europe/Zurich] - Mode: DÉVELOPPEMENT
[17-Sep-2025 10:48:16 Europe/Zurich] - Origin reçu: http://localhost:3000
[17-Sep-2025 10:48:16 Europe/Zurich] 🔍 Test d'autorisation pour origin: 'http://localhost:3000'
[17-Sep-2025 10:48:16 Europe/Zurich] 📝 Origins autorisées: ["http:\/\/localhost:3007","http:\/\/localhost:3000","http:\/\/127.0.0.1:3000","http:\/\/localhost:3007","https:\/\/dev-facturation"]
[17-Sep-2025 10:48:16 Europe/Zurich] ✅ Origin autorisé: http://localhost:3000
[17-Sep-2025 10:48:16 Europe/Zurich] 📤 En-têtes CORS envoyés:
[17-Sep-2025 10:48:16 Europe/Zurich] - Methods: GET, POST, PUT, DELETE, OPTIONS
[17-Sep-2025 10:48:16 Europe/Zurich] - Headers: Content-Type, Authorization, X-Requested-With
[17-Sep-2025 10:48:16 Europe/Zurich] - Credentials: true
[17-Sep-2025 10:48:16 Europe/Zurich] 🔄 Requête OPTIONS (preflight) - Réponse immédiate
[17-Sep-2025 10:48:16 Europe/Zurich] 🔧 Session cross-domain configurée - ID: hk4tbv7mv7oti1bgm4jgvhcsfb
[17-Sep-2025 10:48:16 Europe/Zurich] 🍪 Cookie params: {"lifetime":1800,"path":"\/","domain":"","secure":true,"httponly":false,"samesite":"None"}
[17-Sep-2025 10:48:16 Europe/Zurich] 🔍 User en session: 2
[17-Sep-2025 10:48:16 Europe/Zurich] 🔧 Setup CORS - Début
[17-Sep-2025 10:48:16 Europe/Zurich] - Mode: DÉVELOPPEMENT
[17-Sep-2025 10:48:16 Europe/Zurich] - Origin reçu: http://localhost:3000
[17-Sep-2025 10:48:16 Europe/Zurich] 🔍 Test d'autorisation pour origin: 'http://localhost:3000'
[17-Sep-2025 10:48:16 Europe/Zurich] 📝 Origins autorisées: ["http:\/\/localhost:3007","http:\/\/localhost:3000","http:\/\/127.0.0.1:3000","http:\/\/localhost:3007","https:\/\/dev-facturation"]
[17-Sep-2025 10:48:16 Europe/Zurich] ✅ Origin autorisé: http://localhost:3000
[17-Sep-2025 10:48:16 Europe/Zurich] 📤 En-têtes CORS envoyés:
[17-Sep-2025 10:48:16 Europe/Zurich] - Methods: GET, POST, PUT, DELETE, OPTIONS
[17-Sep-2025 10:48:16 Europe/Zurich] - Headers: Content-Type, Authorization, X-Requested-With
[17-Sep-2025 10:48:16 Europe/Zurich] - Credentials: true
[17-Sep-2025 10:48:16 Europe/Zurich] 🔄 Requête OPTIONS (preflight) - Réponse immédiate
[17-Sep-2025 10:48:16 Europe/Zurich] 🔧 Session cross-domain configurée - ID: hk4tbv7mv7oti1bgm4jgvhcsfb
[17-Sep-2025 10:48:16 Europe/Zurich] 🍪 Cookie params: {"lifetime":1800,"path":"\/","domain":"","secure":true,"httponly":false,"samesite":"None"}
[17-Sep-2025 10:48:16 Europe/Zurich] 🔍 User en session: 2
[17-Sep-2025 10:48:16 Europe/Zurich] 🔧 Setup CORS - Début
[17-Sep-2025 10:48:16 Europe/Zurich] - Mode: DÉVELOPPEMENT
[17-Sep-2025 10:48:16 Europe/Zurich] - Origin reçu: http://localhost:3000
[17-Sep-2025 10:48:16 Europe/Zurich] 🔍 Test d'autorisation pour origin: 'http://localhost:3000'
[17-Sep-2025 10:48:16 Europe/Zurich] 📝 Origins autorisées: ["http:\/\/localhost:3007","http:\/\/localhost:3000","http:\/\/127.0.0.1:3000","http:\/\/localhost:3007","https:\/\/dev-facturation"]
[17-Sep-2025 10:48:16 Europe/Zurich] ✅ Origin autorisé: http://localhost:3000
[17-Sep-2025 10:48:16 Europe/Zurich] 📤 En-têtes CORS envoyés:
[17-Sep-2025 10:48:16 Europe/Zurich] - Methods: GET, POST, PUT, DELETE, OPTIONS
[17-Sep-2025 10:48:16 Europe/Zurich] - Headers: Content-Type, Authorization, X-Requested-With
[17-Sep-2025 10:48:16 Europe/Zurich] - Credentials: true
[17-Sep-2025 10:48:16 Europe/Zurich] 🔄 Requête OPTIONS (preflight) - Réponse immédiate
[17-Sep-2025 10:48:16 Europe/Zurich] 🔧 Session cross-domain configurée - ID: hk4tbv7mv7oti1bgm4jgvhcsfb
[17-Sep-2025 10:48:16 Europe/Zurich] 🍪 Cookie params: {"lifetime":1800,"path":"\/","domain":"","secure":true,"httponly":false,"samesite":"None"}
[17-Sep-2025 10:48:16 Europe/Zurich] 🔍 User en session: 2
[17-Sep-2025 10:48:16 Europe/Zurich] 🔧 Setup CORS - Début
[17-Sep-2025 10:48:16 Europe/Zurich] - Mode: DÉVELOPPEMENT
[17-Sep-2025 10:48:16 Europe/Zurich] - Origin reçu: http://localhost:3000
[17-Sep-2025 10:48:16 Europe/Zurich] 🔍 Test d'autorisation pour origin: 'http://localhost:3000'
[17-Sep-2025 10:48:16 Europe/Zurich] 📝 Origins autorisées: ["http:\/\/localhost:3007","http:\/\/localhost:3000","http:\/\/127.0.0.1:3000","http:\/\/localhost:3007","https:\/\/dev-facturation"]
[17-Sep-2025 10:48:16 Europe/Zurich] ✅ Origin autorisé: http://localhost:3000
[17-Sep-2025 10:48:16 Europe/Zurich] 📤 En-têtes CORS envoyés:
[17-Sep-2025 10:48:16 Europe/Zurich] - Methods: GET, POST, PUT, DELETE, OPTIONS
[17-Sep-2025 10:48:16 Europe/Zurich] - Headers: Content-Type, Authorization, X-Requested-With
[17-Sep-2025 10:48:16 Europe/Zurich] - Credentials: true
[17-Sep-2025 10:48:16 Europe/Zurich] 🔄 Requête OPTIONS (preflight) - Réponse immédiate
[17-Sep-2025 10:48:16 Europe/Zurich] 🔑 tarif-api.php - Session ID forcé depuis URL: hk4tbv7mv7oti1bgm4jgvhcsfb
[17-Sep-2025 10:48:16 Europe/Zurich] 🔑 tarif-api.php - Session ID forcé depuis URL: hk4tbv7mv7oti1bgm4jgvhcsfb
[17-Sep-2025 10:48:16 Europe/Zurich] 🔍 Session cross-domain analysis :
[17-Sep-2025 10:48:16 Europe/Zurich] 🔍 Session cross-domain analysis :
[17-Sep-2025 10:48:16 Europe/Zurich] - HTTP_ORIGIN: http://localhost:3000
[17-Sep-2025 10:48:16 Europe/Zurich] - HTTP_ORIGIN: http://localhost:3000
[17-Sep-2025 10:48:16 Europe/Zurich] - HTTP_HOST: localhost
[17-Sep-2025 10:48:16 Europe/Zurich] - HTTP_HOST: localhost
[17-Sep-2025 10:48:16 Europe/Zurich] - Is cross-domain: YES
[17-Sep-2025 10:48:16 Europe/Zurich] - Is cross-domain: YES
[17-Sep-2025 10:48:16 Europe/Zurich] 🏠 Configuration same-domain appliquée
[17-Sep-2025 10:48:16 Europe/Zurich] 🏠 Configuration same-domain appliquée
[17-Sep-2025 10:48:16 Europe/Zurich] 🔧 Session cross-domain configurée - ID: hk4tbv7mv7oti1bgm4jgvhcsfb
[17-Sep-2025 10:48:16 Europe/Zurich] 🍪 Cookie params: {"lifetime":1800,"path":"\/","domain":"","secure":true,"httponly":false,"samesite":"None"}
[17-Sep-2025 10:48:16 Europe/Zurich] 🔍 User en session: 2
[17-Sep-2025 10:48:16 Europe/Zurich] 🔧 Setup CORS - Début
[17-Sep-2025 10:48:16 Europe/Zurich] - Mode: DÉVELOPPEMENT
[17-Sep-2025 10:48:16 Europe/Zurich] - Origin reçu: http://localhost:3000
[17-Sep-2025 10:48:16 Europe/Zurich] 🔍 Test d'autorisation pour origin: 'http://localhost:3000'
[17-Sep-2025 10:48:16 Europe/Zurich] 📝 Origins autorisées: ["http:\/\/localhost:3007","http:\/\/localhost:3000","http:\/\/127.0.0.1:3000","http:\/\/localhost:3007","https:\/\/dev-facturation"]
[17-Sep-2025 10:48:16 Europe/Zurich] ✅ Origin autorisé: http://localhost:3000
[17-Sep-2025 10:48:16 Europe/Zurich] 📤 En-têtes CORS envoyés:
[17-Sep-2025 10:48:16 Europe/Zurich] - Methods: GET, POST, PUT, DELETE, OPTIONS
[17-Sep-2025 10:48:16 Europe/Zurich] - Headers: Content-Type, Authorization, X-Requested-With
[17-Sep-2025 10:48:16 Europe/Zurich] - Credentials: true
[17-Sep-2025 10:48:16 Europe/Zurich] 🔑 paiement-api.php - Session ID forcé depuis URL: hk4tbv7mv7oti1bgm4jgvhcsfb
[17-Sep-2025 10:48:16 Europe/Zurich] 🔍 Session cross-domain analysis :
[17-Sep-2025 10:48:16 Europe/Zurich] - HTTP_ORIGIN: http://localhost:3000
[17-Sep-2025 10:48:16 Europe/Zurich] - HTTP_HOST: localhost
[17-Sep-2025 10:48:16 Europe/Zurich] - Is cross-domain: YES
[17-Sep-2025 10:48:16 Europe/Zurich] 🏠 Configuration same-domain appliquée
[17-Sep-2025 10:48:16 Europe/Zurich] 🔑 tarif-api.php - Session ID forcé depuis URL: hk4tbv7mv7oti1bgm4jgvhcsfb
[17-Sep-2025 10:48:16 Europe/Zurich] 🔍 Session cross-domain analysis :
[17-Sep-2025 10:48:16 Europe/Zurich] - HTTP_ORIGIN: http://localhost:3000
[17-Sep-2025 10:48:16 Europe/Zurich] - HTTP_HOST: localhost
[17-Sep-2025 10:48:16 Europe/Zurich] - Is cross-domain: YES
[17-Sep-2025 10:48:16 Europe/Zurich] 🏠 Configuration same-domain appliquée
[17-Sep-2025 10:48:16 Europe/Zurich] tarif-api - Méthode: GET
[17-Sep-2025 10:48:16 Europe/Zurich] tarif-api - URL complète: /fact-back/api/tarif-api.php?PHPSESSID=hk4tbv7mv7oti1bgm4jgvhcsfb&services=true&_ts=1758098895936
[17-Sep-2025 10:48:16 Europe/Zurich] tarif-api - Session ID: hk4tbv7mv7oti1bgm4jgvhcsfb
[17-Sep-2025 10:48:16 Europe/Zurich] tarif-api - Session content: {"user_id":2,"user_name":"test_admin","user_role":"admin"}
[17-Sep-2025 10:48:16 Europe/Zurich] 🔍 Utilisateur: ID=2, Role=admin, Auth=OUI
[17-Sep-2025 10:48:16 Europe/Zurich] ✅ tarif-api - Accès autorisé pour utilisateur: 2 (role: admin)
[17-Sep-2025 10:48:16 Europe/Zurich] 📥 tarif-api - GET services pour user: 2
[17-Sep-2025 10:48:16 Europe/Zurich] 📥 tarif-api - GET services - résultat: {"success":true,"services":[{"id_service":2,"code_service":"SiteWeb","nom_service":"Cr\u00e9ation de site web","description_service":"Service de cr\u00e9ation de site web","actif":1,"isDefault":0},{"id_service":5,"code_service":"TEST","nom_service":"GagaGaga","description_service":"Service de test","actif":1,"isDefault":0},{"id_service":3,"code_service":"Hosting","nom_service":"H\u00e9bergement de site","description_service":"Service d'h\u00e9bergement annuel de site web","actif":1,"isDefault":0},{"id_service":1,"code_service":"LocationSalle","nom_service":"Location de salle","description_service":"Service de location de la salle de th\u00e9rapie","actif":1,"isDefault":1},{"id_service":4,"code_service":"Cuisine","nom_service":"Utilisation de la cuisine","description_service":"Service d'utilisation de la cuisine","actif":1,"isDefault":0},{"id_service":11,"code_service":"TEST1","nom_service":"ycyvxcv","description_service":"vxcvxcvx","actif":0,"isDefault":0}]}
[17-Sep-2025 10:48:16 Europe/Zurich] 🔧 Session cross-domain configurée - ID: hk4tbv7mv7oti1bgm4jgvhcsfb
[17-Sep-2025 10:48:16 Europe/Zurich] 🍪 Cookie params: {"lifetime":1800,"path":"\/","domain":"","secure":true,"httponly":false,"samesite":"None"}
[17-Sep-2025 10:48:16 Europe/Zurich] 🔍 User en session: 2
[17-Sep-2025 10:48:16 Europe/Zurich] 🔧 Setup CORS - Début
[17-Sep-2025 10:48:16 Europe/Zurich] - Mode: DÉVELOPPEMENT
[17-Sep-2025 10:48:16 Europe/Zurich] - Origin reçu: http://localhost:3000
[17-Sep-2025 10:48:16 Europe/Zurich] 🔑 tarif-api.php - Session ID forcé depuis URL: hk4tbv7mv7oti1bgm4jgvhcsfb
[17-Sep-2025 10:48:16 Europe/Zurich] 🔍 Test d'autorisation pour origin: 'http://localhost:3000'
[17-Sep-2025 10:48:16 Europe/Zurich] 🔍 Session cross-domain analysis :
[17-Sep-2025 10:48:16 Europe/Zurich] - HTTP_ORIGIN: http://localhost:3000
[17-Sep-2025 10:48:16 Europe/Zurich] 📝 Origins autorisées: ["http:\/\/localhost:3007","http:\/\/localhost:3000","http:\/\/127.0.0.1:3000","http:\/\/localhost:3007","https:\/\/dev-facturation"]
[17-Sep-2025 10:48:16 Europe/Zurich] - HTTP_HOST: localhost
[17-Sep-2025 10:48:16 Europe/Zurich] ✅ Origin autorisé: http://localhost:3000
[17-Sep-2025 10:48:16 Europe/Zurich] - Is cross-domain: YES
[17-Sep-2025 10:48:16 Europe/Zurich] 📤 En-têtes CORS envoyés:
[17-Sep-2025 10:48:16 Europe/Zurich] 🏠 Configuration same-domain appliquée
[17-Sep-2025 10:48:16 Europe/Zurich] - Methods: GET, POST, PUT, DELETE, OPTIONS
[17-Sep-2025 10:48:16 Europe/Zurich] - Headers: Content-Type, Authorization, X-Requested-With
[17-Sep-2025 10:48:16 Europe/Zurich] - Credentials: true
[17-Sep-2025 10:48:16 Europe/Zurich] 🔄 Requête OPTIONS (preflight) - Réponse immédiate
[17-Sep-2025 10:48:16 Europe/Zurich] 🔧 Session cross-domain configurée - ID: hk4tbv7mv7oti1bgm4jgvhcsfb
[17-Sep-2025 10:48:16 Europe/Zurich] 🍪 Cookie params: {"lifetime":1800,"path":"\/","domain":"","secure":true,"httponly":false,"samesite":"None"}
[17-Sep-2025 10:48:16 Europe/Zurich] 🔍 User en session: 2
[17-Sep-2025 10:48:16 Europe/Zurich] 🔧 Setup CORS - Début
[17-Sep-2025 10:48:16 Europe/Zurich] - Mode: DÉVELOPPEMENT
[17-Sep-2025 10:48:16 Europe/Zurich] - Origin reçu: http://localhost:3000
[17-Sep-2025 10:48:16 Europe/Zurich] 🔍 Test d'autorisation pour origin: 'http://localhost:3000'
[17-Sep-2025 10:48:16 Europe/Zurich] 📝 Origins autorisées: ["http:\/\/localhost:3007","http:\/\/localhost:3000","http:\/\/127.0.0.1:3000","http:\/\/localhost:3007","https:\/\/dev-facturation"]
[17-Sep-2025 10:48:16 Europe/Zurich] ✅ Origin autorisé: http://localhost:3000
[17-Sep-2025 10:48:16 Europe/Zurich] 📤 En-têtes CORS envoyés:
[17-Sep-2025 10:48:16 Europe/Zurich] - Methods: GET, POST, PUT, DELETE, OPTIONS
[17-Sep-2025 10:48:16 Europe/Zurich] - Headers: Content-Type, Authorization, X-Requested-With
[17-Sep-2025 10:48:16 Europe/Zurich] - Credentials: true
[17-Sep-2025 10:48:16 Europe/Zurich] 🔄 Requête OPTIONS (preflight) - Réponse immédiate
[17-Sep-2025 10:48:16 Europe/Zurich] 🔧 Session cross-domain configurée - ID: hk4tbv7mv7oti1bgm4jgvhcsfb
[17-Sep-2025 10:48:16 Europe/Zurich] 🍪 Cookie params: {"lifetime":1800,"path":"\/","domain":"","secure":true,"httponly":false,"samesite":"None"}
[17-Sep-2025 10:48:16 Europe/Zurich] 🔍 User en session: 2
[17-Sep-2025 10:48:16 Europe/Zurich] 🔧 Setup CORS - Début
[17-Sep-2025 10:48:16 Europe/Zurich] - Mode: DÉVELOPPEMENT
[17-Sep-2025 10:48:16 Europe/Zurich] - Origin reçu: http://localhost:3000
[17-Sep-2025 10:48:16 Europe/Zurich] 🔍 Test d'autorisation pour origin: 'http://localhost:3000'
[17-Sep-2025 10:48:16 Europe/Zurich] 📝 Origins autorisées: ["http:\/\/localhost:3007","http:\/\/localhost:3000","http:\/\/127.0.0.1:3000","http:\/\/localhost:3007","https:\/\/dev-facturation"]
[17-Sep-2025 10:48:16 Europe/Zurich] ✅ Origin autorisé: http://localhost:3000
[17-Sep-2025 10:48:16 Europe/Zurich] 📤 En-têtes CORS envoyés:
[17-Sep-2025 10:48:16 Europe/Zurich] - Methods: GET, POST, PUT, DELETE, OPTIONS
[17-Sep-2025 10:48:16 Europe/Zurich] - Headers: Content-Type, Authorization, X-Requested-With
[17-Sep-2025 10:48:16 Europe/Zurich] - Credentials: true
[17-Sep-2025 10:48:16 Europe/Zurich] 🔑 tarif-api.php - Session ID forcé depuis URL: hk4tbv7mv7oti1bgm4jgvhcsfb
[17-Sep-2025 10:48:16 Europe/Zurich] 🔍 Session cross-domain analysis :
[17-Sep-2025 10:48:16 Europe/Zurich] 🔑 tarif-api.php - Session ID forcé depuis URL: hk4tbv7mv7oti1bgm4jgvhcsfb
[17-Sep-2025 10:48:16 Europe/Zurich] - HTTP_ORIGIN: http://localhost:3000
[17-Sep-2025 10:48:16 Europe/Zurich] 🔍 Session cross-domain analysis :
[17-Sep-2025 10:48:16 Europe/Zurich] - HTTP_HOST: localhost
[17-Sep-2025 10:48:16 Europe/Zurich] - HTTP_ORIGIN: http://localhost:3000
[17-Sep-2025 10:48:16 Europe/Zurich] - Is cross-domain: YES
[17-Sep-2025 10:48:16 Europe/Zurich] - HTTP_HOST: localhost
[17-Sep-2025 10:48:16 Europe/Zurich] 🏠 Configuration same-domain appliquée
[17-Sep-2025 10:48:16 Europe/Zurich] - Is cross-domain: YES
[17-Sep-2025 10:48:16 Europe/Zurich] 🏠 Configuration same-domain appliquée
[17-Sep-2025 10:48:16 Europe/Zurich] tarif-api - Méthode: GET
[17-Sep-2025 10:48:16 Europe/Zurich] tarif-api - URL complète: /fact-back/api/tarif-api.php?PHPSESSID=hk4tbv7mv7oti1bgm4jgvhcsfb&unites=true&_ts=1758098895938
[17-Sep-2025 10:48:16 Europe/Zurich] tarif-api - Session ID: hk4tbv7mv7oti1bgm4jgvhcsfb
[17-Sep-2025 10:48:16 Europe/Zurich] tarif-api - Session content: {"user_id":2,"user_name":"test_admin","user_role":"admin"}
[17-Sep-2025 10:48:16 Europe/Zurich] 🔍 Utilisateur: ID=2, Role=admin, Auth=OUI
[17-Sep-2025 10:48:16 Europe/Zurich] ✅ tarif-api - Accès autorisé pour utilisateur: 2 (role: admin)
[17-Sep-2025 10:48:16 Europe/Zurich] 🔥 tarif-api - GET unités pour service: tous
[17-Sep-2025 10:48:16 Europe/Zurich] 🔥 tarif-api - id_service type: NULL
[17-Sep-2025 10:48:16 Europe/Zurich] 🔥 tarif-api - id_service value: NULL
[17-Sep-2025 10:48:16 Europe/Zurich] 📥 tarif-api - GET unités pour service - résultat: {"success":true,"unites":[{"id_unite":7,"code_unite":"Annuel","nom_unite":"Annuel","description_unite":"Tarification annuelle"},{"id_unite":17,"code_unite":"TEST1","nom_unite":"asdf","description_unite":"asdfa"},{"id_unite":2,"code_unite":"DemiJour","nom_unite":"Demi-journ\u00e9e","description_unite":"Tarification \u00e0 la demi-journ\u00e9e (4h)"},{"id_unite":6,"code_unite":"Forfait","nom_unite":"Forfait","description_unite":"Tarification forfaitaire"},{"id_unite":1,"code_unite":"Heure","nom_unite":"Heure","description_unite":"Tarification \u00e0 l'heure"},{"id_unite":3,"code_unite":"Jour","nom_unite":"Journ\u00e9e","description_unite":"Tarification \u00e0 la journ\u00e9e (8h)"},{"id_unite":8,"code_unite":"Seance1,15","nom_unite":"S\u00e9ance 1h15","description_unite":"S\u00e9ance d'une heure et quinze"},{"id_unite":12,"code_unite":"Hatha yog 2h30","nom_unite":"S\u00e9ance de 2h30 de Hatha Yoga","description_unite":"S\u00e9ance de 2h30 de Hatha Yoga"},{"id_unite":4,"code_unite":"Soiree","nom_unite":"Soir\u00e9e","description_unite":"Tarification en soir\u00e9e (18h-23h)"},{"id_unite":13,"code_unite":"TEST","nom_unite":"Unit\u00e9 de test \u00e0 1.-","description_unite":"Unit\u00e9 de test qui \u00e9quivaut \u00e0 rien mais 1 franc"},{"id_unite":5,"code_unite":"Weekend","nom_unite":"Week-end","description_unite":"Tarification pour un week-end complet"},{"id_unite":9,"code_unite":"YogaMantra","nom_unite":"Yoga & Mantra","description_unite":"S\u00e9ance de 2h pour Yoga & Mantra"}]}
[17-Sep-2025 10:48:16 Europe/Zurich] 🔧 Session cross-domain configurée - ID: hk4tbv7mv7oti1bgm4jgvhcsfb
[17-Sep-2025 10:48:16 Europe/Zurich] 🍪 Cookie params: {"lifetime":1800,"path":"\/","domain":"","secure":true,"httponly":false,"samesite":"None"}
[17-Sep-2025 10:48:16 Europe/Zurich] 🔍 User en session: 2
[17-Sep-2025 10:48:16 Europe/Zurich] 🔧 Setup CORS - Début
[17-Sep-2025 10:48:16 Europe/Zurich] - Mode: DÉVELOPPEMENT
[17-Sep-2025 10:48:16 Europe/Zurich] - Origin reçu: http://localhost:3000
[17-Sep-2025 10:48:16 Europe/Zurich] 🔍 Test d'autorisation pour origin: 'http://localhost:3000'
[17-Sep-2025 10:48:16 Europe/Zurich] 📝 Origins autorisées: ["http:\/\/localhost:3007","http:\/\/localhost:3000","http:\/\/127.0.0.1:3000","http:\/\/localhost:3007","https:\/\/dev-facturation"]
[17-Sep-2025 10:48:16 Europe/Zurich] ✅ Origin autorisé: http://localhost:3000
[17-Sep-2025 10:48:16 Europe/Zurich] 📤 En-têtes CORS envoyés:
[17-Sep-2025 10:48:16 Europe/Zurich] - Methods: GET, POST, PUT, DELETE, OPTIONS
[17-Sep-2025 10:48:16 Europe/Zurich] - Headers: Content-Type, Authorization, X-Requested-With
[17-Sep-2025 10:48:16 Europe/Zurich] - Credentials: true
[17-Sep-2025 10:48:16 Europe/Zurich] 🔄 Requête OPTIONS (preflight) - Réponse immédiate
[17-Sep-2025 10:48:16 Europe/Zurich] 🔧 Session cross-domain configurée - ID: hk4tbv7mv7oti1bgm4jgvhcsfb
[17-Sep-2025 10:48:16 Europe/Zurich] 🍪 Cookie params: {"lifetime":1800,"path":"\/","domain":"","secure":true,"httponly":false,"samesite":"None"}
[17-Sep-2025 10:48:16 Europe/Zurich] 🔍 User en session: 2
[17-Sep-2025 10:48:16 Europe/Zurich] 🔧 Setup CORS - Début
[17-Sep-2025 10:48:16 Europe/Zurich] - Mode: DÉVELOPPEMENT
[17-Sep-2025 10:48:16 Europe/Zurich] - Origin reçu: http://localhost:3000
[17-Sep-2025 10:48:16 Europe/Zurich] 🔍 Test d'autorisation pour origin: 'http://localhost:3000'
[17-Sep-2025 10:48:16 Europe/Zurich] 📝 Origins autorisées: ["http:\/\/localhost:3007","http:\/\/localhost:3000","http:\/\/127.0.0.1:3000","http:\/\/localhost:3007","https:\/\/dev-facturation"]
[17-Sep-2025 10:48:16 Europe/Zurich] ✅ Origin autorisé: http://localhost:3000
[17-Sep-2025 10:48:16 Europe/Zurich] 📤 En-têtes CORS envoyés:
[17-Sep-2025 10:48:16 Europe/Zurich] - Methods: GET, POST, PUT, DELETE, OPTIONS
[17-Sep-2025 10:48:16 Europe/Zurich] - Headers: Content-Type, Authorization, X-Requested-With
[17-Sep-2025 10:48:16 Europe/Zurich] - Credentials: true
[17-Sep-2025 10:48:16 Europe/Zurich] 🔄 Requête OPTIONS (preflight) - Réponse immédiate
[17-Sep-2025 10:48:16 Europe/Zurich] 🔧 Session cross-domain configurée - ID: hk4tbv7mv7oti1bgm4jgvhcsfb
[17-Sep-2025 10:48:16 Europe/Zurich] 🍪 Cookie params: {"lifetime":1800,"path":"\/","domain":"","secure":true,"httponly":false,"samesite":"None"}
[17-Sep-2025 10:48:16 Europe/Zurich] 🔍 User en session: 2
[17-Sep-2025 10:48:16 Europe/Zurich] 🔧 Setup CORS - Début
[17-Sep-2025 10:48:16 Europe/Zurich] - Mode: DÉVELOPPEMENT
[17-Sep-2025 10:48:16 Europe/Zurich] - Origin reçu: http://localhost:3000
[17-Sep-2025 10:48:16 Europe/Zurich] 🔍 Test d'autorisation pour origin: 'http://localhost:3000'
[17-Sep-2025 10:48:16 Europe/Zurich] 📝 Origins autorisées: ["http:\/\/localhost:3007","http:\/\/localhost:3000","http:\/\/127.0.0.1:3000","http:\/\/localhost:3007","https:\/\/dev-facturation"]
[17-Sep-2025 10:48:16 Europe/Zurich] ✅ Origin autorisé: http://localhost:3000
[17-Sep-2025 10:48:16 Europe/Zurich] 📤 En-têtes CORS envoyés:
[17-Sep-2025 10:48:16 Europe/Zurich] - Methods: GET, POST, PUT, DELETE, OPTIONS
[17-Sep-2025 10:48:16 Europe/Zurich] - Headers: Content-Type, Authorization, X-Requested-With
[17-Sep-2025 10:48:16 Europe/Zurich] - Credentials: true
[17-Sep-2025 10:48:16 Europe/Zurich] 🔄 Requête OPTIONS (preflight) - Réponse immédiate
[17-Sep-2025 10:48:16 Europe/Zurich] 🔑 paiement-api.php - Session ID forcé depuis URL: hk4tbv7mv7oti1bgm4jgvhcsfb
[17-Sep-2025 10:48:16 Europe/Zurich] 🔑 tarif-api.php - Session ID forcé depuis URL: hk4tbv7mv7oti1bgm4jgvhcsfb
[17-Sep-2025 10:48:16 Europe/Zurich] 🔑 tarif-api.php - Session ID forcé depuis URL: hk4tbv7mv7oti1bgm4jgvhcsfb
[17-Sep-2025 10:48:16 Europe/Zurich] 🔍 Session cross-domain analysis :
[17-Sep-2025 10:48:16 Europe/Zurich] 🔍 Session cross-domain analysis :
[17-Sep-2025 10:48:16 Europe/Zurich] 🔍 Session cross-domain analysis :
[17-Sep-2025 10:48:16 Europe/Zurich] - HTTP_ORIGIN: http://localhost:3000
[17-Sep-2025 10:48:16 Europe/Zurich] - HTTP_ORIGIN: http://localhost:3000
[17-Sep-2025 10:48:16 Europe/Zurich] 🔑 tarif-api.php - Session ID forcé depuis URL: hk4tbv7mv7oti1bgm4jgvhcsfb
[17-Sep-2025 10:48:16 Europe/Zurich] - HTTP_HOST: localhost
[17-Sep-2025 10:48:16 Europe/Zurich] - HTTP_ORIGIN: http://localhost:3000
[17-Sep-2025 10:48:16 Europe/Zurich] - HTTP_HOST: localhost
[17-Sep-2025 10:48:16 Europe/Zurich] 🔍 Session cross-domain analysis :
[17-Sep-2025 10:48:16 Europe/Zurich] - Is cross-domain: YES
[17-Sep-2025 10:48:16 Europe/Zurich] - HTTP_HOST: localhost
[17-Sep-2025 10:48:16 Europe/Zurich] - Is cross-domain: YES
[17-Sep-2025 10:48:16 Europe/Zurich] - HTTP_ORIGIN: http://localhost:3000
[17-Sep-2025 10:48:16 Europe/Zurich] 🏠 Configuration same-domain appliquée
[17-Sep-2025 10:48:16 Europe/Zurich] - Is cross-domain: YES
[17-Sep-2025 10:48:16 Europe/Zurich] 🏠 Configuration same-domain appliquée
[17-Sep-2025 10:48:16 Europe/Zurich] - HTTP_HOST: localhost
[17-Sep-2025 10:48:16 Europe/Zurich] 🏠 Configuration same-domain appliquée
[17-Sep-2025 10:48:16 Europe/Zurich] - Is cross-domain: YES
[17-Sep-2025 10:48:16 Europe/Zurich] 🔧 Session cross-domain configurée - ID: hk4tbv7mv7oti1bgm4jgvhcsfb
[17-Sep-2025 10:48:16 Europe/Zurich] 🏠 Configuration same-domain appliquée
[17-Sep-2025 10:48:16 Europe/Zurich] 🍪 Cookie params: {"lifetime":1800,"path":"\/","domain":"","secure":true,"httponly":false,"samesite":"None"}
[17-Sep-2025 10:48:16 Europe/Zurich] 🔍 User en session: 2
[17-Sep-2025 10:48:16 Europe/Zurich] 🔧 Setup CORS - Début
[17-Sep-2025 10:48:16 Europe/Zurich] - Mode: DÉVELOPPEMENT
[17-Sep-2025 10:48:16 Europe/Zurich] - Origin reçu: http://localhost:3000
[17-Sep-2025 10:48:16 Europe/Zurich] 🔍 Test d'autorisation pour origin: 'http://localhost:3000'
[17-Sep-2025 10:48:16 Europe/Zurich] 📝 Origins autorisées: ["http:\/\/localhost:3007","http:\/\/localhost:3000","http:\/\/127.0.0.1:3000","http:\/\/localhost:3007","https:\/\/dev-facturation"]
[17-Sep-2025 10:48:16 Europe/Zurich] ✅ Origin autorisé: http://localhost:3000
[17-Sep-2025 10:48:16 Europe/Zurich] 📤 En-têtes CORS envoyés:
[17-Sep-2025 10:48:16 Europe/Zurich] - Methods: GET, POST, PUT, DELETE, OPTIONS
[17-Sep-2025 10:48:16 Europe/Zurich] - Headers: Content-Type, Authorization, X-Requested-With
[17-Sep-2025 10:48:16 Europe/Zurich] - Credentials: true
[17-Sep-2025 10:48:16 Europe/Zurich] paiement-api - Chargement de la configuration
[17-Sep-2025 10:48:16 Europe/Zurich] paiement-api - Méthode: GET
[17-Sep-2025 10:48:16 Europe/Zurich] paiement-api - URL complète: /fact-back/api/paiement-api.php?PHPSESSID=hk4tbv7mv7oti1bgm4jgvhcsfb&id_facture=3&_ts=1758098895942
[17-Sep-2025 10:48:16 Europe/Zurich] paiement-api - Origin: http://localhost:3000
[17-Sep-2025 10:48:16 Europe/Zurich] paiement-api - Paramètres GET: {"PHPSESSID":"hk4tbv7mv7oti1bgm4jgvhcsfb","id_facture":"3","_ts":"1758098895942"}
[17-Sep-2025 10:48:16 Europe/Zurich] paiement-api - Session ID: hk4tbv7mv7oti1bgm4jgvhcsfb
[17-Sep-2025 10:48:16 Europe/Zurich] paiement-api - Session status: 2
[17-Sep-2025 10:48:16 Europe/Zurich] paiement-api - Session content: {"user_id":2,"user_name":"test_admin","user_role":"admin"}
[17-Sep-2025 10:48:16 Europe/Zurich] 🔍 paiement-api - Session initialisée par bootstrap.php
[17-Sep-2025 10:48:16 Europe/Zurich] paiement-api - Session trouvée - User ID: 2, Role: admin
[17-Sep-2025 10:48:16 Europe/Zurich] ✅ paiement-api - Accès autorisé pour utilisateur: 2 (role: admin)
[17-Sep-2025 10:48:16 Europe/Zurich] paiement-api - Méthode: GET
[17-Sep-2025 10:48:16 Europe/Zurich] paiement-api - Paramètres GET: {"PHPSESSID":"hk4tbv7mv7oti1bgm4jgvhcsfb","id_facture":"3","_ts":"1758098895942"}
[17-Sep-2025 10:48:16 Europe/Zurich] paiement-api - GET - Paramètres: {"PHPSESSID":"hk4tbv7mv7oti1bgm4jgvhcsfb","id_facture":"3","_ts":"1758098895942"} (user: 2)
[17-Sep-2025 10:48:16 Europe/Zurich] paiement-api - GET paiements facture ID: 3 (user: 2)
[17-Sep-2025 10:48:16 Europe/Zurich] paiement-api - GET paiements facture ID - resultat: {"success":true,"paiements":[{"id_paiement":36,"id_facture":3,"date_paiement":"2025-07-25","montant_paye":"100.00","methode_paiement":"virement","commentaire":"","date_creation":"2025-07-25 11:12:58","date_annulation":"2025-09-17 10:47:43","motif_annulation":"Annulation demand\u00e9e par l'utilisateur","date_modification":"2025-09-17 10:47:43","numero_paiement":1,"statut":"annule","numero_facture":"003.2025","montant_total":"150.00","ristourne":"0.00"}]}
[17-Sep-2025 10:48:16 Europe/Zurich] 🔧 Session cross-domain configurée - ID: hk4tbv7mv7oti1bgm4jgvhcsfb
[17-Sep-2025 10:48:16 Europe/Zurich] 🍪 Cookie params: {"lifetime":1800,"path":"\/","domain":"","secure":true,"httponly":false,"samesite":"None"}
[17-Sep-2025 10:48:16 Europe/Zurich] 🔍 User en session: 2
[17-Sep-2025 10:48:16 Europe/Zurich] 🔧 Setup CORS - Début
[17-Sep-2025 10:48:16 Europe/Zurich] - Mode: DÉVELOPPEMENT
[17-Sep-2025 10:48:16 Europe/Zurich] - Origin reçu: http://localhost:3000
[17-Sep-2025 10:48:16 Europe/Zurich] 🔍 Test d'autorisation pour origin: 'http://localhost:3000'
[17-Sep-2025 10:48:16 Europe/Zurich] 📝 Origins autorisées: ["http:\/\/localhost:3007","http:\/\/localhost:3000","http:\/\/127.0.0.1:3000","http:\/\/localhost:3007","https:\/\/dev-facturation"]
[17-Sep-2025 10:48:16 Europe/Zurich] ✅ Origin autorisé: http://localhost:3000
[17-Sep-2025 10:48:16 Europe/Zurich] 📤 En-têtes CORS envoyés:
[17-Sep-2025 10:48:16 Europe/Zurich] - Methods: GET, POST, PUT, DELETE, OPTIONS
[17-Sep-2025 10:48:16 Europe/Zurich] - Headers: Content-Type, Authorization, X-Requested-With
[17-Sep-2025 10:48:16 Europe/Zurich] - Credentials: true
[17-Sep-2025 10:48:16 Europe/Zurich] tarif-api - Méthode: GET
[17-Sep-2025 10:48:16 Europe/Zurich] tarif-api - URL complète: /fact-back/api/tarif-api.php?PHPSESSID=hk4tbv7mv7oti1bgm4jgvhcsfb&services=true&_ts=1758098895944
[17-Sep-2025 10:48:16 Europe/Zurich] tarif-api - Session ID: hk4tbv7mv7oti1bgm4jgvhcsfb
[17-Sep-2025 10:48:16 Europe/Zurich] tarif-api - Session content: {"user_id":2,"user_name":"test_admin","user_role":"admin"}
[17-Sep-2025 10:48:16 Europe/Zurich] 🔍 Utilisateur: ID=2, Role=admin, Auth=OUI
[17-Sep-2025 10:48:16 Europe/Zurich] ✅ tarif-api - Accès autorisé pour utilisateur: 2 (role: admin)
[17-Sep-2025 10:48:16 Europe/Zurich] 📥 tarif-api - GET services pour user: 2
[17-Sep-2025 10:48:16 Europe/Zurich] 📥 tarif-api - GET services - résultat: {"success":true,"services":[{"id_service":2,"code_service":"SiteWeb","nom_service":"Cr\u00e9ation de site web","description_service":"Service de cr\u00e9ation de site web","actif":1,"isDefault":0},{"id_service":5,"code_service":"TEST","nom_service":"GagaGaga","description_service":"Service de test","actif":1,"isDefault":0},{"id_service":3,"code_service":"Hosting","nom_service":"H\u00e9bergement de site","description_service":"Service d'h\u00e9bergement annuel de site web","actif":1,"isDefault":0},{"id_service":1,"code_service":"LocationSalle","nom_service":"Location de salle","description_service":"Service de location de la salle de th\u00e9rapie","actif":1,"isDefault":1},{"id_service":4,"code_service":"Cuisine","nom_service":"Utilisation de la cuisine","description_service":"Service d'utilisation de la cuisine","actif":1,"isDefault":0},{"id_service":11,"code_service":"TEST1","nom_service":"ycyvxcv","description_service":"vxcvxcvx","actif":0,"isDefault":0}]}
[17-Sep-2025 10:48:16 Europe/Zurich] 🔧 Session cross-domain configurée - ID: hk4tbv7mv7oti1bgm4jgvhcsfb
[17-Sep-2025 10:48:16 Europe/Zurich] 🍪 Cookie params: {"lifetime":1800,"path":"\/","domain":"","secure":true,"httponly":false,"samesite":"None"}
[17-Sep-2025 10:48:16 Europe/Zurich] 🔍 User en session: 2
[17-Sep-2025 10:48:16 Europe/Zurich] 🔧 Setup CORS - Début
[17-Sep-2025 10:48:16 Europe/Zurich] - Mode: DÉVELOPPEMENT
[17-Sep-2025 10:48:16 Europe/Zurich] - Origin reçu: http://localhost:3000
[17-Sep-2025 10:48:16 Europe/Zurich] 🔍 Test d'autorisation pour origin: 'http://localhost:3000'
[17-Sep-2025 10:48:16 Europe/Zurich] 📝 Origins autorisées: ["http:\/\/localhost:3007","http:\/\/localhost:3000","http:\/\/127.0.0.1:3000","http:\/\/localhost:3007","https:\/\/dev-facturation"]
[17-Sep-2025 10:48:16 Europe/Zurich] ✅ Origin autorisé: http://localhost:3000
[17-Sep-2025 10:48:16 Europe/Zurich] 📤 En-têtes CORS envoyés:
[17-Sep-2025 10:48:16 Europe/Zurich] - Methods: GET, POST, PUT, DELETE, OPTIONS
[17-Sep-2025 10:48:16 Europe/Zurich] - Headers: Content-Type, Authorization, X-Requested-With
[17-Sep-2025 10:48:16 Europe/Zurich] - Credentials: true
[17-Sep-2025 10:48:16 Europe/Zurich] tarif-api - Méthode: GET
[17-Sep-2025 10:48:16 Europe/Zurich] tarif-api - URL complète: /fact-back/api/tarif-api.php?PHPSESSID=hk4tbv7mv7oti1bgm4jgvhcsfb&unites=true&_ts=1758098895945
[17-Sep-2025 10:48:16 Europe/Zurich] tarif-api - Session ID: hk4tbv7mv7oti1bgm4jgvhcsfb
[17-Sep-2025 10:48:16 Europe/Zurich] tarif-api - Session content: {"user_id":2,"user_name":"test_admin","user_role":"admin"}
[17-Sep-2025 10:48:16 Europe/Zurich] 🔍 Utilisateur: ID=2, Role=admin, Auth=OUI
[17-Sep-2025 10:48:16 Europe/Zurich] ✅ tarif-api - Accès autorisé pour utilisateur: 2 (role: admin)
[17-Sep-2025 10:48:16 Europe/Zurich] 🔥 tarif-api - GET unités pour service: tous
[17-Sep-2025 10:48:16 Europe/Zurich] 🔥 tarif-api - id_service type: NULL
[17-Sep-2025 10:48:16 Europe/Zurich] 🔥 tarif-api - id_service value: NULL
[17-Sep-2025 10:48:16 Europe/Zurich] 📥 tarif-api - GET unités pour service - résultat: {"success":true,"unites":[{"id_unite":7,"code_unite":"Annuel","nom_unite":"Annuel","description_unite":"Tarification annuelle"},{"id_unite":17,"code_unite":"TEST1","nom_unite":"asdf","description_unite":"asdfa"},{"id_unite":2,"code_unite":"DemiJour","nom_unite":"Demi-journ\u00e9e","description_unite":"Tarification \u00e0 la demi-journ\u00e9e (4h)"},{"id_unite":6,"code_unite":"Forfait","nom_unite":"Forfait","description_unite":"Tarification forfaitaire"},{"id_unite":1,"code_unite":"Heure","nom_unite":"Heure","description_unite":"Tarification \u00e0 l'heure"},{"id_unite":3,"code_unite":"Jour","nom_unite":"Journ\u00e9e","description_unite":"Tarification \u00e0 la journ\u00e9e (8h)"},{"id_unite":8,"code_unite":"Seance1,15","nom_unite":"S\u00e9ance 1h15","description_unite":"S\u00e9ance d'une heure et quinze"},{"id_unite":12,"code_unite":"Hatha yog 2h30","nom_unite":"S\u00e9ance de 2h30 de Hatha Yoga","description_unite":"S\u00e9ance de 2h30 de Hatha Yoga"},{"id_unite":4,"code_unite":"Soiree","nom_unite":"Soir\u00e9e","description_unite":"Tarification en soir\u00e9e (18h-23h)"},{"id_unite":13,"code_unite":"TEST","nom_unite":"Unit\u00e9 de test \u00e0 1.-","description_unite":"Unit\u00e9 de test qui \u00e9quivaut \u00e0 rien mais 1 franc"},{"id_unite":5,"code_unite":"Weekend","nom_unite":"Week-end","description_unite":"Tarification pour un week-end complet"},{"id_unite":9,"code_unite":"YogaMantra","nom_unite":"Yoga & Mantra","description_unite":"S\u00e9ance de 2h pour Yoga & Mantra"}]}
[17-Sep-2025 10:48:16 Europe/Zurich] 🔧 Session cross-domain configurée - ID: hk4tbv7mv7oti1bgm4jgvhcsfb
[17-Sep-2025 10:48:16 Europe/Zurich] 🍪 Cookie params: {"lifetime":1800,"path":"\/","domain":"","secure":true,"httponly":false,"samesite":"None"}
[17-Sep-2025 10:48:16 Europe/Zurich] 🔍 User en session: 2
[17-Sep-2025 10:48:16 Europe/Zurich] 🔧 Setup CORS - Début
[17-Sep-2025 10:48:16 Europe/Zurich] - Mode: DÉVELOPPEMENT
[17-Sep-2025 10:48:16 Europe/Zurich] - Origin reçu: http://localhost:3000
[17-Sep-2025 10:48:16 Europe/Zurich] 🔍 Test d'autorisation pour origin: 'http://localhost:3000'
[17-Sep-2025 10:48:16 Europe/Zurich] 📝 Origins autorisées: ["http:\/\/localhost:3007","http:\/\/localhost:3000","http:\/\/127.0.0.1:3000","http:\/\/localhost:3007","https:\/\/dev-facturation"]
[17-Sep-2025 10:48:16 Europe/Zurich] ✅ Origin autorisé: http://localhost:3000
[17-Sep-2025 10:48:16 Europe/Zurich] 📤 En-têtes CORS envoyés:
[17-Sep-2025 10:48:16 Europe/Zurich] - Methods: GET, POST, PUT, DELETE, OPTIONS
[17-Sep-2025 10:48:16 Europe/Zurich] - Headers: Content-Type, Authorization, X-Requested-With
[17-Sep-2025 10:48:16 Europe/Zurich] - Credentials: true
[17-Sep-2025 10:48:16 Europe/Zurich] tarif-api - Méthode: GET
[17-Sep-2025 10:48:16 Europe/Zurich] tarif-api - URL complète: /fact-back/api/tarif-api.php?PHPSESSID=hk4tbv7mv7oti1bgm4jgvhcsfb&typesTarifs=true&_ts=1758098895940
[17-Sep-2025 10:48:16 Europe/Zurich] tarif-api - Session ID: hk4tbv7mv7oti1bgm4jgvhcsfb
[17-Sep-2025 10:48:16 Europe/Zurich] tarif-api - Session content: {"user_id":2,"user_name":"test_admin","user_role":"admin"}
[17-Sep-2025 10:48:16 Europe/Zurich] 🔍 Utilisateur: ID=2, Role=admin, Auth=OUI
[17-Sep-2025 10:48:16 Europe/Zurich] ✅ tarif-api - Accès autorisé pour utilisateur: 2 (role: admin)
[17-Sep-2025 10:48:16 Europe/Zurich] 📥 tarif-api - GET types tarifs
[17-Sep-2025 10:48:16 Europe/Zurich] 🔑 tarif-api.php - Session ID forcé depuis URL: hk4tbv7mv7oti1bgm4jgvhcsfb
[17-Sep-2025 10:48:16 Europe/Zurich] 🔍 Session cross-domain analysis :
[17-Sep-2025 10:48:16 Europe/Zurich] - HTTP_ORIGIN: http://localhost:3000
[17-Sep-2025 10:48:16 Europe/Zurich] - HTTP_HOST: localhost
[17-Sep-2025 10:48:16 Europe/Zurich] - Is cross-domain: YES
[17-Sep-2025 10:48:16 Europe/Zurich] 🏠 Configuration same-domain appliquée
[17-Sep-2025 10:48:16 Europe/Zurich] 🔧 Session cross-domain configurée - ID: hk4tbv7mv7oti1bgm4jgvhcsfb
[17-Sep-2025 10:48:16 Europe/Zurich] 🍪 Cookie params: {"lifetime":1800,"path":"\/","domain":"","secure":true,"httponly":false,"samesite":"None"}
[17-Sep-2025 10:48:16 Europe/Zurich] 🔍 User en session: 2
[17-Sep-2025 10:48:16 Europe/Zurich] 🔧 Setup CORS - Début
[17-Sep-2025 10:48:16 Europe/Zurich] - Mode: DÉVELOPPEMENT
[17-Sep-2025 10:48:16 Europe/Zurich] - Origin reçu: http://localhost:3000
[17-Sep-2025 10:48:16 Europe/Zurich] 🔍 Test d'autorisation pour origin: 'http://localhost:3000'
[17-Sep-2025 10:48:16 Europe/Zurich] 📝 Origins autorisées: ["http:\/\/localhost:3007","http:\/\/localhost:3000","http:\/\/127.0.0.1:3000","http:\/\/localhost:3007","https:\/\/dev-facturation"]
[17-Sep-2025 10:48:16 Europe/Zurich] ✅ Origin autorisé: http://localhost:3000
[17-Sep-2025 10:48:16 Europe/Zurich] 📤 En-têtes CORS envoyés:
[17-Sep-2025 10:48:16 Europe/Zurich] - Methods: GET, POST, PUT, DELETE, OPTIONS
[17-Sep-2025 10:48:16 Europe/Zurich] - Headers: Content-Type, Authorization, X-Requested-With
[17-Sep-2025 10:48:16 Europe/Zurich] - Credentials: true
[17-Sep-2025 10:48:16 Europe/Zurich] tarif-api - Méthode: GET
[17-Sep-2025 10:48:16 Europe/Zurich] tarif-api - URL complète: /fact-back/api/tarif-api.php?PHPSESSID=hk4tbv7mv7oti1bgm4jgvhcsfb&typesTarifs=true&_ts=1758098895947
[17-Sep-2025 10:48:16 Europe/Zurich] tarif-api - Session ID: hk4tbv7mv7oti1bgm4jgvhcsfb
[17-Sep-2025 10:48:16 Europe/Zurich] tarif-api - Session content: {"user_id":2,"user_name":"test_admin","user_role":"admin"}
[17-Sep-2025 10:48:16 Europe/Zurich] 🔍 Utilisateur: ID=2, Role=admin, Auth=OUI
[17-Sep-2025 10:48:16 Europe/Zurich] ✅ tarif-api - Accès autorisé pour utilisateur: 2 (role: admin)
[17-Sep-2025 10:48:16 Europe/Zurich] 📥 tarif-api - GET types tarifs
[17-Sep-2025 10:48:16 Europe/Zurich] 🔑 paiement-api.php - Session ID forcé depuis URL: hk4tbv7mv7oti1bgm4jgvhcsfb
[17-Sep-2025 10:48:16 Europe/Zurich] 🔍 Session cross-domain analysis :
[17-Sep-2025 10:48:16 Europe/Zurich] - HTTP_ORIGIN: http://localhost:3000
[17-Sep-2025 10:48:16 Europe/Zurich] - HTTP_HOST: localhost
[17-Sep-2025 10:48:16 Europe/Zurich] - Is cross-domain: YES
[17-Sep-2025 10:48:16 Europe/Zurich] 🏠 Configuration same-domain appliquée
[17-Sep-2025 10:48:16 Europe/Zurich] 🔧 Session cross-domain configurée - ID: hk4tbv7mv7oti1bgm4jgvhcsfb
[17-Sep-2025 10:48:16 Europe/Zurich] 🍪 Cookie params: {"lifetime":1800,"path":"\/","domain":"","secure":true,"httponly":false,"samesite":"None"}
[17-Sep-2025 10:48:16 Europe/Zurich] 🔍 User en session: 2
[17-Sep-2025 10:48:16 Europe/Zurich] 🔧 Setup CORS - Début
[17-Sep-2025 10:48:16 Europe/Zurich] - Mode: DÉVELOPPEMENT
[17-Sep-2025 10:48:16 Europe/Zurich] - Origin reçu: http://localhost:3000
[17-Sep-2025 10:48:16 Europe/Zurich] 🔍 Test d'autorisation pour origin: 'http://localhost:3000'
[17-Sep-2025 10:48:16 Europe/Zurich] 📝 Origins autorisées: ["http:\/\/localhost:3007","http:\/\/localhost:3000","http:\/\/127.0.0.1:3000","http:\/\/localhost:3007","https:\/\/dev-facturation"]
[17-Sep-2025 10:48:16 Europe/Zurich] ✅ Origin autorisé: http://localhost:3000
[17-Sep-2025 10:48:16 Europe/Zurich] 📤 En-têtes CORS envoyés:
[17-Sep-2025 10:48:16 Europe/Zurich] - Methods: GET, POST, PUT, DELETE, OPTIONS
[17-Sep-2025 10:48:16 Europe/Zurich] - Headers: Content-Type, Authorization, X-Requested-With
[17-Sep-2025 10:48:16 Europe/Zurich] - Credentials: true
[17-Sep-2025 10:48:16 Europe/Zurich] paiement-api - Chargement de la configuration
[17-Sep-2025 10:48:16 Europe/Zurich] paiement-api - Méthode: GET
[17-Sep-2025 10:48:16 Europe/Zurich] paiement-api - URL complète: /fact-back/api/paiement-api.php?PHPSESSID=hk4tbv7mv7oti1bgm4jgvhcsfb&id_facture=3&_ts=1758098895949
[17-Sep-2025 10:48:16 Europe/Zurich] paiement-api - Origin: http://localhost:3000
[17-Sep-2025 10:48:16 Europe/Zurich] paiement-api - Paramètres GET: {"PHPSESSID":"hk4tbv7mv7oti1bgm4jgvhcsfb","id_facture":"3","_ts":"1758098895949"}
[17-Sep-2025 10:48:16 Europe/Zurich] paiement-api - Session ID: hk4tbv7mv7oti1bgm4jgvhcsfb
[17-Sep-2025 10:48:16 Europe/Zurich] paiement-api - Session status: 2
[17-Sep-2025 10:48:16 Europe/Zurich] paiement-api - Session content: {"user_id":2,"user_name":"test_admin","user_role":"admin"}
[17-Sep-2025 10:48:16 Europe/Zurich] 🔍 paiement-api - Session initialisée par bootstrap.php
[17-Sep-2025 10:48:16 Europe/Zurich] paiement-api - Session trouvée - User ID: 2, Role: admin
[17-Sep-2025 10:48:16 Europe/Zurich] ✅ paiement-api - Accès autorisé pour utilisateur: 2 (role: admin)
[17-Sep-2025 10:48:16 Europe/Zurich] paiement-api - Méthode: GET
[17-Sep-2025 10:48:16 Europe/Zurich] paiement-api - Paramètres GET: {"PHPSESSID":"hk4tbv7mv7oti1bgm4jgvhcsfb","id_facture":"3","_ts":"1758098895949"}
[17-Sep-2025 10:48:16 Europe/Zurich] paiement-api - GET - Paramètres: {"PHPSESSID":"hk4tbv7mv7oti1bgm4jgvhcsfb","id_facture":"3","_ts":"1758098895949"} (user: 2)
[17-Sep-2025 10:48:16 Europe/Zurich] paiement-api - GET paiements facture ID: 3 (user: 2)
[17-Sep-2025 10:48:16 Europe/Zurich] paiement-api - GET paiements facture ID - resultat: {"success":true,"paiements":[{"id_paiement":36,"id_facture":3,"date_paiement":"2025-07-25","montant_paye":"100.00","methode_paiement":"virement","commentaire":"","date_creation":"2025-07-25 11:12:58","date_annulation":"2025-09-17 10:47:43","motif_annulation":"Annulation demand\u00e9e par l'utilisateur","date_modification":"2025-09-17 10:47:43","numero_paiement":1,"statut":"annule","numero_facture":"003.2025","montant_total":"150.00","ristourne":"0.00"}]}
[17-Sep-2025 10:48:16 Europe/Zurich] 🔑 tarif-api.php - Session ID forcé depuis URL: hk4tbv7mv7oti1bgm4jgvhcsfb
[17-Sep-2025 10:48:16 Europe/Zurich] 🔍 Session cross-domain analysis :
[17-Sep-2025 10:48:16 Europe/Zurich] - HTTP_ORIGIN: http://localhost:3000
[17-Sep-2025 10:48:16 Europe/Zurich] - HTTP_HOST: localhost
[17-Sep-2025 10:48:16 Europe/Zurich] - Is cross-domain: YES
[17-Sep-2025 10:48:16 Europe/Zurich] 🏠 Configuration same-domain appliquée
[17-Sep-2025 10:48:16 Europe/Zurich] 🔧 Session cross-domain configurée - ID: hk4tbv7mv7oti1bgm4jgvhcsfb
[17-Sep-2025 10:48:16 Europe/Zurich] 🍪 Cookie params: {"lifetime":1800,"path":"\/","domain":"","secure":true,"httponly":false,"samesite":"None"}
[17-Sep-2025 10:48:16 Europe/Zurich] 🔍 User en session: 2
[17-Sep-2025 10:48:16 Europe/Zurich] 🔧 Setup CORS - Début
[17-Sep-2025 10:48:16 Europe/Zurich] - Mode: DÉVELOPPEMENT
[17-Sep-2025 10:48:16 Europe/Zurich] - Origin reçu: http://localhost:3000
[17-Sep-2025 10:48:16 Europe/Zurich] 🔍 Test d'autorisation pour origin: 'http://localhost:3000'
[17-Sep-2025 10:48:16 Europe/Zurich] 📝 Origins autorisées: ["http:\/\/localhost:3007","http:\/\/localhost:3000","http:\/\/127.0.0.1:3000","http:\/\/localhost:3007","https:\/\/dev-facturation"]
[17-Sep-2025 10:48:16 Europe/Zurich] ✅ Origin autorisé: http://localhost:3000
[17-Sep-2025 10:48:16 Europe/Zurich] 📤 En-têtes CORS envoyés:
[17-Sep-2025 10:48:16 Europe/Zurich] - Methods: GET, POST, PUT, DELETE, OPTIONS
[17-Sep-2025 10:48:16 Europe/Zurich] - Headers: Content-Type, Authorization, X-Requested-With
[17-Sep-2025 10:48:16 Europe/Zurich] - Credentials: true
[17-Sep-2025 10:48:16 Europe/Zurich] tarif-api - Méthode: GET
[17-Sep-2025 10:48:16 Europe/Zurich] tarif-api - URL complète: /fact-back/api/tarif-api.php?PHPSESSID=hk4tbv7mv7oti1bgm4jgvhcsfb&services=true&_ts=1758098895974
[17-Sep-2025 10:48:16 Europe/Zurich] tarif-api - Session ID: hk4tbv7mv7oti1bgm4jgvhcsfb
[17-Sep-2025 10:48:16 Europe/Zurich] tarif-api - Session content: {"user_id":2,"user_name":"test_admin","user_role":"admin"}
[17-Sep-2025 10:48:16 Europe/Zurich] 🔍 Utilisateur: ID=2, Role=admin, Auth=OUI
[17-Sep-2025 10:48:16 Europe/Zurich] ✅ tarif-api - Accès autorisé pour utilisateur: 2 (role: admin)
[17-Sep-2025 10:48:16 Europe/Zurich] 📥 tarif-api - GET services pour user: 2
[17-Sep-2025 10:48:16 Europe/Zurich] 📥 tarif-api - GET services - résultat: {"success":true,"services":[{"id_service":2,"code_service":"SiteWeb","nom_service":"Cr\u00e9ation de site web","description_service":"Service de cr\u00e9ation de site web","actif":1,"isDefault":0},{"id_service":5,"code_service":"TEST","nom_service":"GagaGaga","description_service":"Service de test","actif":1,"isDefault":0},{"id_service":3,"code_service":"Hosting","nom_service":"H\u00e9bergement de site","description_service":"Service d'h\u00e9bergement annuel de site web","actif":1,"isDefault":0},{"id_service":1,"code_service":"LocationSalle","nom_service":"Location de salle","description_service":"Service de location de la salle de th\u00e9rapie","actif":1,"isDefault":1},{"id_service":4,"code_service":"Cuisine","nom_service":"Utilisation de la cuisine","description_service":"Service d'utilisation de la cuisine","actif":1,"isDefault":0},{"id_service":11,"code_service":"TEST1","nom_service":"ycyvxcv","description_service":"vxcvxcvx","actif":0,"isDefault":0}]}
[17-Sep-2025 10:48:16 Europe/Zurich] 🔑 tarif-api.php - Session ID forcé depuis URL: hk4tbv7mv7oti1bgm4jgvhcsfb
[17-Sep-2025 10:48:16 Europe/Zurich] 🔑 tarif-api.php - Session ID forcé depuis URL: hk4tbv7mv7oti1bgm4jgvhcsfb
[17-Sep-2025 10:48:16 Europe/Zurich] 🔍 Session cross-domain analysis :
[17-Sep-2025 10:48:16 Europe/Zurich] 🔍 Session cross-domain analysis :
[17-Sep-2025 10:48:16 Europe/Zurich] - HTTP_ORIGIN: http://localhost:3000
[17-Sep-2025 10:48:16 Europe/Zurich] - HTTP_ORIGIN: http://localhost:3000
[17-Sep-2025 10:48:16 Europe/Zurich] - HTTP_HOST: localhost
[17-Sep-2025 10:48:16 Europe/Zurich] - HTTP_HOST: localhost
[17-Sep-2025 10:48:16 Europe/Zurich] - Is cross-domain: YES
[17-Sep-2025 10:48:16 Europe/Zurich] - Is cross-domain: YES
[17-Sep-2025 10:48:16 Europe/Zurich] 🏠 Configuration same-domain appliquée
[17-Sep-2025 10:48:16 Europe/Zurich] 🏠 Configuration same-domain appliquée
[17-Sep-2025 10:48:16 Europe/Zurich] 🔧 Session cross-domain configurée - ID: hk4tbv7mv7oti1bgm4jgvhcsfb
[17-Sep-2025 10:48:16 Europe/Zurich] 🍪 Cookie params: {"lifetime":1800,"path":"\/","domain":"","secure":true,"httponly":false,"samesite":"None"}
[17-Sep-2025 10:48:16 Europe/Zurich] 🔍 User en session: 2
[17-Sep-2025 10:48:16 Europe/Zurich] 🔧 Setup CORS - Début
[17-Sep-2025 10:48:16 Europe/Zurich] - Mode: DÉVELOPPEMENT
[17-Sep-2025 10:48:16 Europe/Zurich] - Origin reçu: http://localhost:3000
[17-Sep-2025 10:48:16 Europe/Zurich] 🔍 Test d'autorisation pour origin: 'http://localhost:3000'
[17-Sep-2025 10:48:16 Europe/Zurich] 📝 Origins autorisées: ["http:\/\/localhost:3007","http:\/\/localhost:3000","http:\/\/127.0.0.1:3000","http:\/\/localhost:3007","https:\/\/dev-facturation"]
[17-Sep-2025 10:48:16 Europe/Zurich] ✅ Origin autorisé: http://localhost:3000
[17-Sep-2025 10:48:16 Europe/Zurich] 📤 En-têtes CORS envoyés:
[17-Sep-2025 10:48:16 Europe/Zurich] - Methods: GET, POST, PUT, DELETE, OPTIONS
[17-Sep-2025 10:48:16 Europe/Zurich] - Headers: Content-Type, Authorization, X-Requested-With
[17-Sep-2025 10:48:16 Europe/Zurich] - Credentials: true
[17-Sep-2025 10:48:16 Europe/Zurich] tarif-api - Méthode: GET
[17-Sep-2025 10:48:16 Europe/Zurich] tarif-api - URL complète: /fact-back/api/tarif-api.php?PHPSESSID=hk4tbv7mv7oti1bgm4jgvhcsfb&unites=true&_ts=1758098895976
[17-Sep-2025 10:48:16 Europe/Zurich] tarif-api - Session ID: hk4tbv7mv7oti1bgm4jgvhcsfb
[17-Sep-2025 10:48:16 Europe/Zurich] tarif-api - Session content: {"user_id":2,"user_name":"test_admin","user_role":"admin"}
[17-Sep-2025 10:48:16 Europe/Zurich] 🔍 Utilisateur: ID=2, Role=admin, Auth=OUI
[17-Sep-2025 10:48:16 Europe/Zurich] ✅ tarif-api - Accès autorisé pour utilisateur: 2 (role: admin)
[17-Sep-2025 10:48:16 Europe/Zurich] 🔥 tarif-api - GET unités pour service: tous
[17-Sep-2025 10:48:16 Europe/Zurich] 🔥 tarif-api - id_service type: NULL
[17-Sep-2025 10:48:16 Europe/Zurich] 🔥 tarif-api - id_service value: NULL
[17-Sep-2025 10:48:16 Europe/Zurich] 📥 tarif-api - GET unités pour service - résultat: {"success":true,"unites":[{"id_unite":7,"code_unite":"Annuel","nom_unite":"Annuel","description_unite":"Tarification annuelle"},{"id_unite":17,"code_unite":"TEST1","nom_unite":"asdf","description_unite":"asdfa"},{"id_unite":2,"code_unite":"DemiJour","nom_unite":"Demi-journ\u00e9e","description_unite":"Tarification \u00e0 la demi-journ\u00e9e (4h)"},{"id_unite":6,"code_unite":"Forfait","nom_unite":"Forfait","description_unite":"Tarification forfaitaire"},{"id_unite":1,"code_unite":"Heure","nom_unite":"Heure","description_unite":"Tarification \u00e0 l'heure"},{"id_unite":3,"code_unite":"Jour","nom_unite":"Journ\u00e9e","description_unite":"Tarification \u00e0 la journ\u00e9e (8h)"},{"id_unite":8,"code_unite":"Seance1,15","nom_unite":"S\u00e9ance 1h15","description_unite":"S\u00e9ance d'une heure et quinze"},{"id_unite":12,"code_unite":"Hatha yog 2h30","nom_unite":"S\u00e9ance de 2h30 de Hatha Yoga","description_unite":"S\u00e9ance de 2h30 de Hatha Yoga"},{"id_unite":4,"code_unite":"Soiree","nom_unite":"Soir\u00e9e","description_unite":"Tarification en soir\u00e9e (18h-23h)"},{"id_unite":13,"code_unite":"TEST","nom_unite":"Unit\u00e9 de test \u00e0 1.-","description_unite":"Unit\u00e9 de test qui \u00e9quivaut \u00e0 rien mais 1 franc"},{"id_unite":5,"code_unite":"Weekend","nom_unite":"Week-end","description_unite":"Tarification pour un week-end complet"},{"id_unite":9,"code_unite":"YogaMantra","nom_unite":"Yoga & Mantra","description_unite":"S\u00e9ance de 2h pour Yoga & Mantra"}]}
[17-Sep-2025 10:48:16 Europe/Zurich] 🔧 Session cross-domain configurée - ID: hk4tbv7mv7oti1bgm4jgvhcsfb
[17-Sep-2025 10:48:16 Europe/Zurich] 🍪 Cookie params: {"lifetime":1800,"path":"\/","domain":"","secure":true,"httponly":false,"samesite":"None"}
[17-Sep-2025 10:48:16 Europe/Zurich] 🔍 User en session: 2
[17-Sep-2025 10:48:16 Europe/Zurich] 🔧 Setup CORS - Début
[17-Sep-2025 10:48:16 Europe/Zurich] - Mode: DÉVELOPPEMENT
[17-Sep-2025 10:48:16 Europe/Zurich] - Origin reçu: http://localhost:3000
[17-Sep-2025 10:48:16 Europe/Zurich] 🔍 Test d'autorisation pour origin: 'http://localhost:3000'
[17-Sep-2025 10:48:16 Europe/Zurich] 📝 Origins autorisées: ["http:\/\/localhost:3007","http:\/\/localhost:3000","http:\/\/127.0.0.1:3000","http:\/\/localhost:3007","https:\/\/dev-facturation"]
[17-Sep-2025 10:48:16 Europe/Zurich] ✅ Origin autorisé: http://localhost:3000
[17-Sep-2025 10:48:16 Europe/Zurich] 📤 En-têtes CORS envoyés:
[17-Sep-2025 10:48:16 Europe/Zurich] - Methods: GET, POST, PUT, DELETE, OPTIONS
[17-Sep-2025 10:48:16 Europe/Zurich] - Headers: Content-Type, Authorization, X-Requested-With
[17-Sep-2025 10:48:16 Europe/Zurich] - Credentials: true
[17-Sep-2025 10:48:16 Europe/Zurich] tarif-api - Méthode: GET
[17-Sep-2025 10:48:16 Europe/Zurich] tarif-api - URL complète: /fact-back/api/tarif-api.php?PHPSESSID=hk4tbv7mv7oti1bgm4jgvhcsfb&typesTarifs=true&_ts=1758098895977
[17-Sep-2025 10:48:16 Europe/Zurich] tarif-api - Session ID: hk4tbv7mv7oti1bgm4jgvhcsfb
[17-Sep-2025 10:48:16 Europe/Zurich] tarif-api - Session content: {"user_id":2,"user_name":"test_admin","user_role":"admin"}
[17-Sep-2025 10:48:16 Europe/Zurich] 🔍 Utilisateur: ID=2, Role=admin, Auth=OUI
[17-Sep-2025 10:48:16 Europe/Zurich] ✅ tarif-api - Accès autorisé pour utilisateur: 2 (role: admin)
[17-Sep-2025 10:48:16 Europe/Zurich] 📥 tarif-api - GET types tarifs
[17-Sep-2025 10:48:16 Europe/Zurich] 🔑 tarif-api.php - Session ID forcé depuis URL: hk4tbv7mv7oti1bgm4jgvhcsfb
[17-Sep-2025 10:48:16 Europe/Zurich] 🔍 Session cross-domain analysis :
[17-Sep-2025 10:48:16 Europe/Zurich] - HTTP_ORIGIN: http://localhost:3000
[17-Sep-2025 10:48:16 Europe/Zurich] - HTTP_HOST: localhost
[17-Sep-2025 10:48:16 Europe/Zurich] - Is cross-domain: YES
[17-Sep-2025 10:48:16 Europe/Zurich] 🏠 Configuration same-domain appliquée
[17-Sep-2025 10:48:16 Europe/Zurich] 🔧 Session cross-domain configurée - ID: hk4tbv7mv7oti1bgm4jgvhcsfb
[17-Sep-2025 10:48:16 Europe/Zurich] 🍪 Cookie params: {"lifetime":1800,"path":"\/","domain":"","secure":true,"httponly":false,"samesite":"None"}
[17-Sep-2025 10:48:16 Europe/Zurich] 🔍 User en session: 2
[17-Sep-2025 10:48:16 Europe/Zurich] 🔧 Setup CORS - Début
[17-Sep-2025 10:48:16 Europe/Zurich] - Mode: DÉVELOPPEMENT
[17-Sep-2025 10:48:16 Europe/Zurich] - Origin reçu: http://localhost:3000
[17-Sep-2025 10:48:16 Europe/Zurich] 🔍 Test d'autorisation pour origin: 'http://localhost:3000'
[17-Sep-2025 10:48:16 Europe/Zurich] 📝 Origins autorisées: ["http:\/\/localhost:3007","http:\/\/localhost:3000","http:\/\/127.0.0.1:3000","http:\/\/localhost:3007","https:\/\/dev-facturation"]
[17-Sep-2025 10:48:16 Europe/Zurich] ✅ Origin autorisé: http://localhost:3000
[17-Sep-2025 10:48:16 Europe/Zurich] 📤 En-têtes CORS envoyés:
[17-Sep-2025 10:48:16 Europe/Zurich] - Methods: GET, POST, PUT, DELETE, OPTIONS
[17-Sep-2025 10:48:16 Europe/Zurich] - Headers: Content-Type, Authorization, X-Requested-With
[17-Sep-2025 10:48:16 Europe/Zurich] - Credentials: true
[17-Sep-2025 10:48:16 Europe/Zurich] 🔄 Requête OPTIONS (preflight) - Réponse immédiate
[17-Sep-2025 10:48:16 Europe/Zurich] 🔑 tarif-api.php - Session ID forcé depuis URL: hk4tbv7mv7oti1bgm4jgvhcsfb
[17-Sep-2025 10:48:16 Europe/Zurich] 🔍 Session cross-domain analysis :
[17-Sep-2025 10:48:16 Europe/Zurich] - HTTP_ORIGIN: http://localhost:3000
[17-Sep-2025 10:48:16 Europe/Zurich] - HTTP_HOST: localhost
[17-Sep-2025 10:48:16 Europe/Zurich] - Is cross-domain: YES
[17-Sep-2025 10:48:16 Europe/Zurich] 🏠 Configuration same-domain appliquée
[17-Sep-2025 10:48:16 Europe/Zurich] 🔧 Session cross-domain configurée - ID: hk4tbv7mv7oti1bgm4jgvhcsfb
[17-Sep-2025 10:48:16 Europe/Zurich] 🍪 Cookie params: {"lifetime":1800,"path":"\/","domain":"","secure":true,"httponly":false,"samesite":"None"}
[17-Sep-2025 10:48:16 Europe/Zurich] 🔍 User en session: 2
[17-Sep-2025 10:48:16 Europe/Zurich] 🔧 Setup CORS - Début
[17-Sep-2025 10:48:16 Europe/Zurich] - Mode: DÉVELOPPEMENT
[17-Sep-2025 10:48:16 Europe/Zurich] - Origin reçu: http://localhost:3000
[17-Sep-2025 10:48:16 Europe/Zurich] 🔍 Test d'autorisation pour origin: 'http://localhost:3000'
[17-Sep-2025 10:48:16 Europe/Zurich] 📝 Origins autorisées: ["http:\/\/localhost:3007","http:\/\/localhost:3000","http:\/\/127.0.0.1:3000","http:\/\/localhost:3007","https:\/\/dev-facturation"]
[17-Sep-2025 10:48:16 Europe/Zurich] ✅ Origin autorisé: http://localhost:3000
[17-Sep-2025 10:48:16 Europe/Zurich] 📤 En-têtes CORS envoyés:
[17-Sep-2025 10:48:16 Europe/Zurich] - Methods: GET, POST, PUT, DELETE, OPTIONS
[17-Sep-2025 10:48:16 Europe/Zurich] - Headers: Content-Type, Authorization, X-Requested-With
[17-Sep-2025 10:48:16 Europe/Zurich] - Credentials: true
[17-Sep-2025 10:48:16 Europe/Zurich] 🔄 Requête OPTIONS (preflight) - Réponse immédiate
[17-Sep-2025 10:48:16 Europe/Zurich] 🔑 tarif-api.php - Session ID forcé depuis URL: hk4tbv7mv7oti1bgm4jgvhcsfb
[17-Sep-2025 10:48:16 Europe/Zurich] 🔍 Session cross-domain analysis :
[17-Sep-2025 10:48:16 Europe/Zurich] - HTTP_ORIGIN: http://localhost:3000
[17-Sep-2025 10:48:16 Europe/Zurich] - HTTP_HOST: localhost
[17-Sep-2025 10:48:16 Europe/Zurich] - Is cross-domain: YES
[17-Sep-2025 10:48:16 Europe/Zurich] 🏠 Configuration same-domain appliquée
[17-Sep-2025 10:48:16 Europe/Zurich] 🔧 Session cross-domain configurée - ID: hk4tbv7mv7oti1bgm4jgvhcsfb
[17-Sep-2025 10:48:16 Europe/Zurich] 🍪 Cookie params: {"lifetime":1800,"path":"\/","domain":"","secure":true,"httponly":false,"samesite":"None"}
[17-Sep-2025 10:48:16 Europe/Zurich] 🔍 User en session: 2
[17-Sep-2025 10:48:16 Europe/Zurich] 🔧 Setup CORS - Début
[17-Sep-2025 10:48:16 Europe/Zurich] - Mode: DÉVELOPPEMENT
[17-Sep-2025 10:48:16 Europe/Zurich] - Origin reçu: http://localhost:3000
[17-Sep-2025 10:48:16 Europe/Zurich] 🔍 Test d'autorisation pour origin: 'http://localhost:3000'
[17-Sep-2025 10:48:16 Europe/Zurich] 📝 Origins autorisées: ["http:\/\/localhost:3007","http:\/\/localhost:3000","http:\/\/127.0.0.1:3000","http:\/\/localhost:3007","https:\/\/dev-facturation"]
[17-Sep-2025 10:48:16 Europe/Zurich] ✅ Origin autorisé: http://localhost:3000
[17-Sep-2025 10:48:16 Europe/Zurich] 📤 En-têtes CORS envoyés:
[17-Sep-2025 10:48:16 Europe/Zurich] - Methods: GET, POST, PUT, DELETE, OPTIONS
[17-Sep-2025 10:48:16 Europe/Zurich] - Headers: Content-Type, Authorization, X-Requested-With
[17-Sep-2025 10:48:16 Europe/Zurich] - Credentials: true
[17-Sep-2025 10:48:16 Europe/Zurich] 🔄 Requête OPTIONS (preflight) - Réponse immédiate
[17-Sep-2025 10:48:16 Europe/Zurich] 🔑 tarif-api.php - Session ID forcé depuis URL: hk4tbv7mv7oti1bgm4jgvhcsfb
[17-Sep-2025 10:48:16 Europe/Zurich] 🔍 Session cross-domain analysis :
[17-Sep-2025 10:48:16 Europe/Zurich] - HTTP_ORIGIN: http://localhost:3000
[17-Sep-2025 10:48:16 Europe/Zurich] - HTTP_HOST: localhost
[17-Sep-2025 10:48:16 Europe/Zurich] - Is cross-domain: YES
[17-Sep-2025 10:48:16 Europe/Zurich] 🏠 Configuration same-domain appliquée
[17-Sep-2025 10:48:16 Europe/Zurich] 🔧 Session cross-domain configurée - ID: hk4tbv7mv7oti1bgm4jgvhcsfb
[17-Sep-2025 10:48:16 Europe/Zurich] 🍪 Cookie params: {"lifetime":1800,"path":"\/","domain":"","secure":true,"httponly":false,"samesite":"None"}
[17-Sep-2025 10:48:16 Europe/Zurich] 🔍 User en session: 2
[17-Sep-2025 10:48:16 Europe/Zurich] 🔧 Setup CORS - Début
[17-Sep-2025 10:48:16 Europe/Zurich] - Mode: DÉVELOPPEMENT
[17-Sep-2025 10:48:16 Europe/Zurich] - Origin reçu: http://localhost:3000
[17-Sep-2025 10:48:16 Europe/Zurich] 🔍 Test d'autorisation pour origin: 'http://localhost:3000'
[17-Sep-2025 10:48:16 Europe/Zurich] 📝 Origins autorisées: ["http:\/\/localhost:3007","http:\/\/localhost:3000","http:\/\/127.0.0.1:3000","http:\/\/localhost:3007","https:\/\/dev-facturation"]
[17-Sep-2025 10:48:16 Europe/Zurich] ✅ Origin autorisé: http://localhost:3000
[17-Sep-2025 10:48:16 Europe/Zurich] 📤 En-têtes CORS envoyés:
[17-Sep-2025 10:48:16 Europe/Zurich] - Methods: GET, POST, PUT, DELETE, OPTIONS
[17-Sep-2025 10:48:16 Europe/Zurich] - Headers: Content-Type, Authorization, X-Requested-With
[17-Sep-2025 10:48:16 Europe/Zurich] - Credentials: true
[17-Sep-2025 10:48:16 Europe/Zurich] tarif-api - Méthode: GET
[17-Sep-2025 10:48:16 Europe/Zurich] tarif-api - URL complète: /fact-back/api/tarif-api.php?PHPSESSID=hk4tbv7mv7oti1bgm4jgvhcsfb&servicesUnites=true&_ts=1758098896525
[17-Sep-2025 10:48:16 Europe/Zurich] tarif-api - Session ID: hk4tbv7mv7oti1bgm4jgvhcsfb
[17-Sep-2025 10:48:16 Europe/Zurich] tarif-api - Session content: {"user_id":2,"user_name":"test_admin","user_role":"admin"}
[17-Sep-2025 10:48:16 Europe/Zurich] 🔍 Utilisateur: ID=2, Role=admin, Auth=OUI
[17-Sep-2025 10:48:16 Europe/Zurich] ✅ tarif-api - Accès autorisé pour utilisateur: 2 (role: admin)
[17-Sep-2025 10:48:16 Europe/Zurich] 📥 tarif-api - GET relations services-unités
[17-Sep-2025 10:48:17 Europe/Zurich] 🔑 tarif-api.php - Session ID forcé depuis URL: hk4tbv7mv7oti1bgm4jgvhcsfb
[17-Sep-2025 10:48:17 Europe/Zurich] 🔍 Session cross-domain analysis :
[17-Sep-2025 10:48:17 Europe/Zurich] - HTTP_ORIGIN: http://localhost:3000
[17-Sep-2025 10:48:17 Europe/Zurich] - HTTP_HOST: localhost
[17-Sep-2025 10:48:17 Europe/Zurich] - Is cross-domain: YES
[17-Sep-2025 10:48:17 Europe/Zurich] 🏠 Configuration same-domain appliquée
[17-Sep-2025 10:48:17 Europe/Zurich] 🔧 Session cross-domain configurée - ID: hk4tbv7mv7oti1bgm4jgvhcsfb
[17-Sep-2025 10:48:17 Europe/Zurich] 🍪 Cookie params: {"lifetime":1800,"path":"\/","domain":"","secure":true,"httponly":false,"samesite":"None"}
[17-Sep-2025 10:48:17 Europe/Zurich] 🔍 User en session: 2
[17-Sep-2025 10:48:17 Europe/Zurich] 🔧 Setup CORS - Début
[17-Sep-2025 10:48:17 Europe/Zurich] - Mode: DÉVELOPPEMENT
[17-Sep-2025 10:48:17 Europe/Zurich] - Origin reçu: http://localhost:3000
[17-Sep-2025 10:48:17 Europe/Zurich] 🔍 Test d'autorisation pour origin: 'http://localhost:3000'
[17-Sep-2025 10:48:17 Europe/Zurich] 📝 Origins autorisées: ["http:\/\/localhost:3007","http:\/\/localhost:3000","http:\/\/127.0.0.1:3000","http:\/\/localhost:3007","https:\/\/dev-facturation"]
[17-Sep-2025 10:48:17 Europe/Zurich] ✅ Origin autorisé: http://localhost:3000
[17-Sep-2025 10:48:17 Europe/Zurich] 📤 En-têtes CORS envoyés:
[17-Sep-2025 10:48:17 Europe/Zurich] - Methods: GET, POST, PUT, DELETE, OPTIONS
[17-Sep-2025 10:48:17 Europe/Zurich] - Headers: Content-Type, Authorization, X-Requested-With
[17-Sep-2025 10:48:17 Europe/Zurich] - Credentials: true
[17-Sep-2025 10:48:17 Europe/Zurich] tarif-api - Méthode: GET
[17-Sep-2025 10:48:17 Europe/Zurich] tarif-api - URL complète: /fact-back/api/tarif-api.php?PHPSESSID=hk4tbv7mv7oti1bgm4jgvhcsfb&servicesUnites=true&_ts=1758098896665
[17-Sep-2025 10:48:17 Europe/Zurich] tarif-api - Session ID: hk4tbv7mv7oti1bgm4jgvhcsfb
[17-Sep-2025 10:48:17 Europe/Zurich] tarif-api - Session content: {"user_id":2,"user_name":"test_admin","user_role":"admin"}
[17-Sep-2025 10:48:17 Europe/Zurich] 🔍 Utilisateur: ID=2, Role=admin, Auth=OUI
[17-Sep-2025 10:48:17 Europe/Zurich] ✅ tarif-api - Accès autorisé pour utilisateur: 2 (role: admin)
[17-Sep-2025 10:48:17 Europe/Zurich] 📥 tarif-api - GET relations services-unités
[17-Sep-2025 10:48:17 Europe/Zurich] 🔑 tarif-api.php - Session ID forcé depuis URL: hk4tbv7mv7oti1bgm4jgvhcsfb
[17-Sep-2025 10:48:17 Europe/Zurich] 🔍 Session cross-domain analysis :
[17-Sep-2025 10:48:17 Europe/Zurich] - HTTP_ORIGIN: http://localhost:3000
[17-Sep-2025 10:48:17 Europe/Zurich] - HTTP_HOST: localhost
[17-Sep-2025 10:48:17 Europe/Zurich] - Is cross-domain: YES
[17-Sep-2025 10:48:17 Europe/Zurich] 🏠 Configuration same-domain appliquée
[17-Sep-2025 10:48:17 Europe/Zurich] 🔧 Session cross-domain configurée - ID: hk4tbv7mv7oti1bgm4jgvhcsfb
[17-Sep-2025 10:48:17 Europe/Zurich] 🍪 Cookie params: {"lifetime":1800,"path":"\/","domain":"","secure":true,"httponly":false,"samesite":"None"}
[17-Sep-2025 10:48:17 Europe/Zurich] 🔍 User en session: 2
[17-Sep-2025 10:48:17 Europe/Zurich] 🔧 Setup CORS - Début
[17-Sep-2025 10:48:17 Europe/Zurich] - Mode: DÉVELOPPEMENT
[17-Sep-2025 10:48:17 Europe/Zurich] - Origin reçu: http://localhost:3000
[17-Sep-2025 10:48:17 Europe/Zurich] 🔍 Test d'autorisation pour origin: 'http://localhost:3000'
[17-Sep-2025 10:48:17 Europe/Zurich] 📝 Origins autorisées: ["http:\/\/localhost:3007","http:\/\/localhost:3000","http:\/\/127.0.0.1:3000","http:\/\/localhost:3007","https:\/\/dev-facturation"]
[17-Sep-2025 10:48:17 Europe/Zurich] ✅ Origin autorisé: http://localhost:3000
[17-Sep-2025 10:48:17 Europe/Zurich] 📤 En-têtes CORS envoyés:
[17-Sep-2025 10:48:17 Europe/Zurich] - Methods: GET, POST, PUT, DELETE, OPTIONS
[17-Sep-2025 10:48:17 Europe/Zurich] - Headers: Content-Type, Authorization, X-Requested-With
[17-Sep-2025 10:48:17 Europe/Zurich] - Credentials: true
[17-Sep-2025 10:48:17 Europe/Zurich] tarif-api - Méthode: GET
[17-Sep-2025 10:48:17 Europe/Zurich] tarif-api - URL complète: /fact-back/api/tarif-api.php?PHPSESSID=hk4tbv7mv7oti1bgm4jgvhcsfb&servicesUnites=true&_ts=1758098896735
[17-Sep-2025 10:48:17 Europe/Zurich] tarif-api - Session ID: hk4tbv7mv7oti1bgm4jgvhcsfb
[17-Sep-2025 10:48:17 Europe/Zurich] tarif-api - Session content: {"user_id":2,"user_name":"test_admin","user_role":"admin"}
[17-Sep-2025 10:48:17 Europe/Zurich] 🔍 Utilisateur: ID=2, Role=admin, Auth=OUI
[17-Sep-2025 10:48:17 Europe/Zurich] ✅ tarif-api - Accès autorisé pour utilisateur: 2 (role: admin)
[17-Sep-2025 10:48:17 Europe/Zurich] 📥 tarif-api - GET relations services-unités
[17-Sep-2025 10:48:17 Europe/Zurich] 🔑 tarif-api.php - Session ID forcé depuis URL: hk4tbv7mv7oti1bgm4jgvhcsfb
[17-Sep-2025 10:48:17 Europe/Zurich] 🔍 Session cross-domain analysis :
[17-Sep-2025 10:48:17 Europe/Zurich] - HTTP_ORIGIN: http://localhost:3000
[17-Sep-2025 10:48:17 Europe/Zurich] - HTTP_HOST: localhost
[17-Sep-2025 10:48:17 Europe/Zurich] - Is cross-domain: YES
[17-Sep-2025 10:48:17 Europe/Zurich] 🏠 Configuration same-domain appliquée
[17-Sep-2025 10:48:17 Europe/Zurich] 🔧 Session cross-domain configurée - ID: hk4tbv7mv7oti1bgm4jgvhcsfb
[17-Sep-2025 10:48:17 Europe/Zurich] 🍪 Cookie params: {"lifetime":1800,"path":"\/","domain":"","secure":true,"httponly":false,"samesite":"None"}
[17-Sep-2025 10:48:17 Europe/Zurich] 🔍 User en session: 2
[17-Sep-2025 10:48:17 Europe/Zurich] 🔧 Setup CORS - Début
[17-Sep-2025 10:48:17 Europe/Zurich] - Mode: DÉVELOPPEMENT
[17-Sep-2025 10:48:17 Europe/Zurich] - Origin reçu: http://localhost:3000
[17-Sep-2025 10:48:17 Europe/Zurich] 🔍 Test d'autorisation pour origin: 'http://localhost:3000'
[17-Sep-2025 10:48:17 Europe/Zurich] 📝 Origins autorisées: ["http:\/\/localhost:3007","http:\/\/localhost:3000","http:\/\/127.0.0.1:3000","http:\/\/localhost:3007","https:\/\/dev-facturation"]
[17-Sep-2025 10:48:17 Europe/Zurich] ✅ Origin autorisé: http://localhost:3000
[17-Sep-2025 10:48:17 Europe/Zurich] 📤 En-têtes CORS envoyés:
[17-Sep-2025 10:48:17 Europe/Zurich] - Methods: GET, POST, PUT, DELETE, OPTIONS
[17-Sep-2025 10:48:17 Europe/Zurich] - Headers: Content-Type, Authorization, X-Requested-With
[17-Sep-2025 10:48:17 Europe/Zurich] - Credentials: true
[17-Sep-2025 10:48:17 Europe/Zurich] 🔄 Requête OPTIONS (preflight) - Réponse immédiate
[17-Sep-2025 10:48:17 Europe/Zurich] 🔑 tarif-api.php - Session ID forcé depuis URL: hk4tbv7mv7oti1bgm4jgvhcsfb
[17-Sep-2025 10:48:17 Europe/Zurich] 🔍 Session cross-domain analysis :
[17-Sep-2025 10:48:17 Europe/Zurich] - HTTP_ORIGIN: http://localhost:3000
[17-Sep-2025 10:48:17 Europe/Zurich] - HTTP_HOST: localhost
[17-Sep-2025 10:48:17 Europe/Zurich] - Is cross-domain: YES
[17-Sep-2025 10:48:17 Europe/Zurich] 🏠 Configuration same-domain appliquée
[17-Sep-2025 10:48:17 Europe/Zurich] 🔧 Session cross-domain configurée - ID: hk4tbv7mv7oti1bgm4jgvhcsfb
[17-Sep-2025 10:48:17 Europe/Zurich] 🍪 Cookie params: {"lifetime":1800,"path":"\/","domain":"","secure":true,"httponly":false,"samesite":"None"}
[17-Sep-2025 10:48:17 Europe/Zurich] 🔍 User en session: 2
[17-Sep-2025 10:48:17 Europe/Zurich] 🔧 Setup CORS - Début
[17-Sep-2025 10:48:17 Europe/Zurich] - Mode: DÉVELOPPEMENT
[17-Sep-2025 10:48:17 Europe/Zurich] - Origin reçu: http://localhost:3000
[17-Sep-2025 10:48:17 Europe/Zurich] 🔍 Test d'autorisation pour origin: 'http://localhost:3000'
[17-Sep-2025 10:48:17 Europe/Zurich] 📝 Origins autorisées: ["http:\/\/localhost:3007","http:\/\/localhost:3000","http:\/\/127.0.0.1:3000","http:\/\/localhost:3007","https:\/\/dev-facturation"]
[17-Sep-2025 10:48:17 Europe/Zurich] ✅ Origin autorisé: http://localhost:3000
[17-Sep-2025 10:48:17 Europe/Zurich] 📤 En-têtes CORS envoyés:
[17-Sep-2025 10:48:17 Europe/Zurich] - Methods: GET, POST, PUT, DELETE, OPTIONS
[17-Sep-2025 10:48:17 Europe/Zurich] - Headers: Content-Type, Authorization, X-Requested-With
[17-Sep-2025 10:48:17 Europe/Zurich] - Credentials: true
[17-Sep-2025 10:48:17 Europe/Zurich] 🔄 Requête OPTIONS (preflight) - Réponse immédiate
[17-Sep-2025 10:48:17 Europe/Zurich] 🔑 tarif-api.php - Session ID forcé depuis URL: hk4tbv7mv7oti1bgm4jgvhcsfb
[17-Sep-2025 10:48:17 Europe/Zurich] 🔍 Session cross-domain analysis :
[17-Sep-2025 10:48:17 Europe/Zurich] - HTTP_ORIGIN: http://localhost:3000
[17-Sep-2025 10:48:17 Europe/Zurich] - HTTP_HOST: localhost
[17-Sep-2025 10:48:17 Europe/Zurich] - Is cross-domain: YES
[17-Sep-2025 10:48:17 Europe/Zurich] 🏠 Configuration same-domain appliquée
[17-Sep-2025 10:48:17 Europe/Zurich] 🔧 Session cross-domain configurée - ID: hk4tbv7mv7oti1bgm4jgvhcsfb
[17-Sep-2025 10:48:17 Europe/Zurich] 🍪 Cookie params: {"lifetime":1800,"path":"\/","domain":"","secure":true,"httponly":false,"samesite":"None"}
[17-Sep-2025 10:48:17 Europe/Zurich] 🔍 User en session: 2
[17-Sep-2025 10:48:17 Europe/Zurich] 🔧 Setup CORS - Début
[17-Sep-2025 10:48:17 Europe/Zurich] - Mode: DÉVELOPPEMENT
[17-Sep-2025 10:48:17 Europe/Zurich] - Origin reçu: http://localhost:3000
[17-Sep-2025 10:48:17 Europe/Zurich] 🔍 Test d'autorisation pour origin: 'http://localhost:3000'
[17-Sep-2025 10:48:17 Europe/Zurich] 📝 Origins autorisées: ["http:\/\/localhost:3007","http:\/\/localhost:3000","http:\/\/127.0.0.1:3000","http:\/\/localhost:3007","https:\/\/dev-facturation"]
[17-Sep-2025 10:48:17 Europe/Zurich] ✅ Origin autorisé: http://localhost:3000
[17-Sep-2025 10:48:17 Europe/Zurich] 📤 En-têtes CORS envoyés:
[17-Sep-2025 10:48:17 Europe/Zurich] - Methods: GET, POST, PUT, DELETE, OPTIONS
[17-Sep-2025 10:48:17 Europe/Zurich] - Headers: Content-Type, Authorization, X-Requested-With
[17-Sep-2025 10:48:17 Europe/Zurich] - Credentials: true
[17-Sep-2025 10:48:17 Europe/Zurich] 🔄 Requête OPTIONS (preflight) - Réponse immédiate
[17-Sep-2025 10:48:17 Europe/Zurich] 🔑 tarif-api.php - Session ID forcé depuis URL: hk4tbv7mv7oti1bgm4jgvhcsfb
[17-Sep-2025 10:48:17 Europe/Zurich] 🔍 Session cross-domain analysis :
[17-Sep-2025 10:48:17 Europe/Zurich] - HTTP_ORIGIN: http://localhost:3000
[17-Sep-2025 10:48:17 Europe/Zurich] - HTTP_HOST: localhost
[17-Sep-2025 10:48:17 Europe/Zurich] - Is cross-domain: YES
[17-Sep-2025 10:48:17 Europe/Zurich] 🏠 Configuration same-domain appliquée
[17-Sep-2025 10:48:17 Europe/Zurich] 🔧 Session cross-domain configurée - ID: hk4tbv7mv7oti1bgm4jgvhcsfb
[17-Sep-2025 10:48:17 Europe/Zurich] 🍪 Cookie params: {"lifetime":1800,"path":"\/","domain":"","secure":true,"httponly":false,"samesite":"None"}
[17-Sep-2025 10:48:17 Europe/Zurich] 🔍 User en session: 2
[17-Sep-2025 10:48:17 Europe/Zurich] 🔧 Setup CORS - Début
[17-Sep-2025 10:48:17 Europe/Zurich] - Mode: DÉVELOPPEMENT
[17-Sep-2025 10:48:17 Europe/Zurich] - Origin reçu: http://localhost:3000
[17-Sep-2025 10:48:17 Europe/Zurich] 🔍 Test d'autorisation pour origin: 'http://localhost:3000'
[17-Sep-2025 10:48:17 Europe/Zurich] 📝 Origins autorisées: ["http:\/\/localhost:3007","http:\/\/localhost:3000","http:\/\/127.0.0.1:3000","http:\/\/localhost:3007","https:\/\/dev-facturation"]
[17-Sep-2025 10:48:17 Europe/Zurich] ✅ Origin autorisé: http://localhost:3000
[17-Sep-2025 10:48:17 Europe/Zurich] 📤 En-têtes CORS envoyés:
[17-Sep-2025 10:48:17 Europe/Zurich] - Methods: GET, POST, PUT, DELETE, OPTIONS
[17-Sep-2025 10:48:17 Europe/Zurich] - Headers: Content-Type, Authorization, X-Requested-With
[17-Sep-2025 10:48:17 Europe/Zurich] - Credentials: true
[17-Sep-2025 10:48:17 Europe/Zurich] tarif-api - Méthode: GET
[17-Sep-2025 10:48:17 Europe/Zurich] tarif-api - URL complète: /fact-back/api/tarif-api.php?PHPSESSID=hk4tbv7mv7oti1bgm4jgvhcsfb&unitesClient=true&client_id=2&_ts=1758098897000
[17-Sep-2025 10:48:17 Europe/Zurich] tarif-api - Session ID: hk4tbv7mv7oti1bgm4jgvhcsfb
[17-Sep-2025 10:48:17 Europe/Zurich] tarif-api - Session content: {"user_id":2,"user_name":"test_admin","user_role":"admin"}
[17-Sep-2025 10:48:17 Europe/Zurich] 🔍 Utilisateur: ID=2, Role=admin, Auth=OUI
[17-Sep-2025 10:48:17 Europe/Zurich] ✅ tarif-api - Accès autorisé pour utilisateur: 2 (role: admin)
[17-Sep-2025 10:48:17 Europe/Zurich] 📥 tarif-api - GET unités applicables pour client: 2
[17-Sep-2025 10:48:17 Europe/Zurich] Fetching applicable units for client ID: 2 on date: 2025-09-17
[17-Sep-2025 10:48:17 Europe/Zurich] Client ID: 2 isTherapeute: no
[17-Sep-2025 10:48:17 Europe/Zurich] Executing corrected SQL for client units with priority logic
[17-Sep-2025 10:48:17 Europe/Zurich] Params: Array
(
    [0] => 0
    [1] => 0
    [2] => 2
    [3] => 2025-09-17
    [4] => 2025-09-17
    [5] => 2025-09-17
    [6] => 2025-09-17
    [7] => 2025-09-17
    [8] => 2025-09-17
    [9] => 0
)

[17-Sep-2025 10:48:17 Europe/Zurich] Service: Création de site web, Unité: Forfait => Tarif: standard (1.00 CHF)
[17-Sep-2025 10:48:17 Europe/Zurich] Service: Hébergement de site, Unité: Annuel => Tarif: standard (180.00 CHF)
[17-Sep-2025 10:48:17 Europe/Zurich] Service: Location de salle, Unité: Demi-journée => Tarif: standard (120.00 CHF)
[17-Sep-2025 10:48:17 Europe/Zurich] Service: Location de salle, Unité: Heure => Tarif: standard (30.00 CHF)
[17-Sep-2025 10:48:17 Europe/Zurich] Service: Location de salle, Unité: Journée => Tarif: standard (230.00 CHF)
[17-Sep-2025 10:48:17 Europe/Zurich] Service: Location de salle, Unité: Soirée => Tarif: standard (120.00 CHF)
[17-Sep-2025 10:48:17 Europe/Zurich] Service: Location de salle, Unité: Week-end => Tarif: standard (350.00 CHF)
[17-Sep-2025 10:48:17 Europe/Zurich] Service: Utilisation de la cuisine, Unité: Forfait => Tarif: standard (15.00 CHF)
[17-Sep-2025 10:48:17 Europe/Zurich] 🔑 tarif-api.php - Session ID forcé depuis URL: hk4tbv7mv7oti1bgm4jgvhcsfb
[17-Sep-2025 10:48:17 Europe/Zurich] 🔍 Session cross-domain analysis :
[17-Sep-2025 10:48:17 Europe/Zurich] - HTTP_ORIGIN: http://localhost:3000
[17-Sep-2025 10:48:17 Europe/Zurich] - HTTP_HOST: localhost
[17-Sep-2025 10:48:17 Europe/Zurich] - Is cross-domain: YES
[17-Sep-2025 10:48:17 Europe/Zurich] 🏠 Configuration same-domain appliquée
[17-Sep-2025 10:48:17 Europe/Zurich] 🔧 Session cross-domain configurée - ID: hk4tbv7mv7oti1bgm4jgvhcsfb
[17-Sep-2025 10:48:17 Europe/Zurich] 🍪 Cookie params: {"lifetime":1800,"path":"\/","domain":"","secure":true,"httponly":false,"samesite":"None"}
[17-Sep-2025 10:48:17 Europe/Zurich] 🔍 User en session: 2
[17-Sep-2025 10:48:17 Europe/Zurich] 🔧 Setup CORS - Début
[17-Sep-2025 10:48:17 Europe/Zurich] - Mode: DÉVELOPPEMENT
[17-Sep-2025 10:48:17 Europe/Zurich] - Origin reçu: http://localhost:3000
[17-Sep-2025 10:48:17 Europe/Zurich] 🔍 Test d'autorisation pour origin: 'http://localhost:3000'
[17-Sep-2025 10:48:17 Europe/Zurich] 📝 Origins autorisées: ["http:\/\/localhost:3007","http:\/\/localhost:3000","http:\/\/127.0.0.1:3000","http:\/\/localhost:3007","https:\/\/dev-facturation"]
[17-Sep-2025 10:48:17 Europe/Zurich] ✅ Origin autorisé: http://localhost:3000
[17-Sep-2025 10:48:17 Europe/Zurich] 📤 En-têtes CORS envoyés:
[17-Sep-2025 10:48:17 Europe/Zurich] - Methods: GET, POST, PUT, DELETE, OPTIONS
[17-Sep-2025 10:48:17 Europe/Zurich] - Headers: Content-Type, Authorization, X-Requested-With
[17-Sep-2025 10:48:17 Europe/Zurich] - Credentials: true
[17-Sep-2025 10:48:17 Europe/Zurich] tarif-api - Méthode: GET
[17-Sep-2025 10:48:17 Europe/Zurich] tarif-api - URL complète: /fact-back/api/tarif-api.php?PHPSESSID=hk4tbv7mv7oti1bgm4jgvhcsfb&unitesClient=true&client_id=2&_ts=1758098897145
[17-Sep-2025 10:48:17 Europe/Zurich] tarif-api - Session ID: hk4tbv7mv7oti1bgm4jgvhcsfb
[17-Sep-2025 10:48:17 Europe/Zurich] tarif-api - Session content: {"user_id":2,"user_name":"test_admin","user_role":"admin"}
[17-Sep-2025 10:48:17 Europe/Zurich] 🔍 Utilisateur: ID=2, Role=admin, Auth=OUI
[17-Sep-2025 10:48:17 Europe/Zurich] ✅ tarif-api - Accès autorisé pour utilisateur: 2 (role: admin)
[17-Sep-2025 10:48:17 Europe/Zurich] 📥 tarif-api - GET unités applicables pour client: 2
[17-Sep-2025 10:48:17 Europe/Zurich] Fetching applicable units for client ID: 2 on date: 2025-09-17
[17-Sep-2025 10:48:17 Europe/Zurich] Client ID: 2 isTherapeute: no
[17-Sep-2025 10:48:17 Europe/Zurich] Executing corrected SQL for client units with priority logic
[17-Sep-2025 10:48:17 Europe/Zurich] Params: Array
(
    [0] => 0
    [1] => 0
    [2] => 2
    [3] => 2025-09-17
    [4] => 2025-09-17
    [5] => 2025-09-17
    [6] => 2025-09-17
    [7] => 2025-09-17
    [8] => 2025-09-17
    [9] => 0
)

[17-Sep-2025 10:48:17 Europe/Zurich] Service: Création de site web, Unité: Forfait => Tarif: standard (1.00 CHF)
[17-Sep-2025 10:48:17 Europe/Zurich] Service: Hébergement de site, Unité: Annuel => Tarif: standard (180.00 CHF)
[17-Sep-2025 10:48:17 Europe/Zurich] Service: Location de salle, Unité: Demi-journée => Tarif: standard (120.00 CHF)
[17-Sep-2025 10:48:17 Europe/Zurich] Service: Location de salle, Unité: Heure => Tarif: standard (30.00 CHF)
[17-Sep-2025 10:48:17 Europe/Zurich] Service: Location de salle, Unité: Journée => Tarif: standard (230.00 CHF)
[17-Sep-2025 10:48:17 Europe/Zurich] Service: Location de salle, Unité: Soirée => Tarif: standard (120.00 CHF)
[17-Sep-2025 10:48:17 Europe/Zurich] Service: Location de salle, Unité: Week-end => Tarif: standard (350.00 CHF)
[17-Sep-2025 10:48:17 Europe/Zurich] Service: Utilisation de la cuisine, Unité: Forfait => Tarif: standard (15.00 CHF)
[17-Sep-2025 10:48:17 Europe/Zurich] 🔑 tarif-api.php - Session ID forcé depuis URL: hk4tbv7mv7oti1bgm4jgvhcsfb
[17-Sep-2025 10:48:17 Europe/Zurich] 🔍 Session cross-domain analysis :
[17-Sep-2025 10:48:17 Europe/Zurich] - HTTP_ORIGIN: http://localhost:3000
[17-Sep-2025 10:48:17 Europe/Zurich] - HTTP_HOST: localhost
[17-Sep-2025 10:48:17 Europe/Zurich] - Is cross-domain: YES
[17-Sep-2025 10:48:17 Europe/Zurich] 🏠 Configuration same-domain appliquée
[17-Sep-2025 10:48:17 Europe/Zurich] 🔧 Session cross-domain configurée - ID: hk4tbv7mv7oti1bgm4jgvhcsfb
[17-Sep-2025 10:48:17 Europe/Zurich] 🍪 Cookie params: {"lifetime":1800,"path":"\/","domain":"","secure":true,"httponly":false,"samesite":"None"}
[17-Sep-2025 10:48:17 Europe/Zurich] 🔍 User en session: 2
[17-Sep-2025 10:48:17 Europe/Zurich] 🔧 Setup CORS - Début
[17-Sep-2025 10:48:17 Europe/Zurich] - Mode: DÉVELOPPEMENT
[17-Sep-2025 10:48:17 Europe/Zurich] - Origin reçu: http://localhost:3000
[17-Sep-2025 10:48:17 Europe/Zurich] 🔍 Test d'autorisation pour origin: 'http://localhost:3000'
[17-Sep-2025 10:48:17 Europe/Zurich] 📝 Origins autorisées: ["http:\/\/localhost:3007","http:\/\/localhost:3000","http:\/\/127.0.0.1:3000","http:\/\/localhost:3007","https:\/\/dev-facturation"]
[17-Sep-2025 10:48:17 Europe/Zurich] ✅ Origin autorisé: http://localhost:3000
[17-Sep-2025 10:48:17 Europe/Zurich] 📤 En-têtes CORS envoyés:
[17-Sep-2025 10:48:17 Europe/Zurich] - Methods: GET, POST, PUT, DELETE, OPTIONS
[17-Sep-2025 10:48:17 Europe/Zurich] - Headers: Content-Type, Authorization, X-Requested-With
[17-Sep-2025 10:48:17 Europe/Zurich] - Credentials: true
[17-Sep-2025 10:48:17 Europe/Zurich] tarif-api - Méthode: GET
[17-Sep-2025 10:48:17 Europe/Zurich] tarif-api - URL complète: /fact-back/api/tarif-api.php?PHPSESSID=hk4tbv7mv7oti1bgm4jgvhcsfb&unitesClient=true&client_id=2&_ts=1758098897202
[17-Sep-2025 10:48:17 Europe/Zurich] tarif-api - Session ID: hk4tbv7mv7oti1bgm4jgvhcsfb
[17-Sep-2025 10:48:17 Europe/Zurich] tarif-api - Session content: {"user_id":2,"user_name":"test_admin","user_role":"admin"}
[17-Sep-2025 10:48:17 Europe/Zurich] 🔍 Utilisateur: ID=2, Role=admin, Auth=OUI
[17-Sep-2025 10:48:17 Europe/Zurich] ✅ tarif-api - Accès autorisé pour utilisateur: 2 (role: admin)
[17-Sep-2025 10:48:17 Europe/Zurich] 📥 tarif-api - GET unités applicables pour client: 2
[17-Sep-2025 10:48:17 Europe/Zurich] Fetching applicable units for client ID: 2 on date: 2025-09-17
[17-Sep-2025 10:48:17 Europe/Zurich] Client ID: 2 isTherapeute: no
[17-Sep-2025 10:48:17 Europe/Zurich] Executing corrected SQL for client units with priority logic
[17-Sep-2025 10:48:17 Europe/Zurich] Params: Array
(
    [0] => 0
    [1] => 0
    [2] => 2
    [3] => 2025-09-17
    [4] => 2025-09-17
    [5] => 2025-09-17
    [6] => 2025-09-17
    [7] => 2025-09-17
    [8] => 2025-09-17
    [9] => 0
)

[17-Sep-2025 10:48:17 Europe/Zurich] Service: Création de site web, Unité: Forfait => Tarif: standard (1.00 CHF)
[17-Sep-2025 10:48:17 Europe/Zurich] Service: Hébergement de site, Unité: Annuel => Tarif: standard (180.00 CHF)
[17-Sep-2025 10:48:17 Europe/Zurich] Service: Location de salle, Unité: Demi-journée => Tarif: standard (120.00 CHF)
[17-Sep-2025 10:48:17 Europe/Zurich] Service: Location de salle, Unité: Heure => Tarif: standard (30.00 CHF)
[17-Sep-2025 10:48:17 Europe/Zurich] Service: Location de salle, Unité: Journée => Tarif: standard (230.00 CHF)
[17-Sep-2025 10:48:17 Europe/Zurich] Service: Location de salle, Unité: Soirée => Tarif: standard (120.00 CHF)
[17-Sep-2025 10:48:17 Europe/Zurich] Service: Location de salle, Unité: Week-end => Tarif: standard (350.00 CHF)
[17-Sep-2025 10:48:17 Europe/Zurich] Service: Utilisation de la cuisine, Unité: Forfait => Tarif: standard (15.00 CHF)
[17-Sep-2025 10:48:17 Europe/Zurich] 🔑 tarif-api.php - Session ID forcé depuis URL: hk4tbv7mv7oti1bgm4jgvhcsfb
[17-Sep-2025 10:48:17 Europe/Zurich] 🔍 Session cross-domain analysis :
[17-Sep-2025 10:48:17 Europe/Zurich] 🔑 tarif-api.php - Session ID forcé depuis URL: hk4tbv7mv7oti1bgm4jgvhcsfb
[17-Sep-2025 10:48:17 Europe/Zurich] - HTTP_ORIGIN: http://localhost:3000
[17-Sep-2025 10:48:17 Europe/Zurich] 🔑 tarif-api.php - Session ID forcé depuis URL: hk4tbv7mv7oti1bgm4jgvhcsfb
[17-Sep-2025 10:48:17 Europe/Zurich] 🔍 Session cross-domain analysis :
[17-Sep-2025 10:48:17 Europe/Zurich] 🔑 tarif-api.php - Session ID forcé depuis URL: hk4tbv7mv7oti1bgm4jgvhcsfb
[17-Sep-2025 10:48:17 Europe/Zurich] 🔑 tarif-api.php - Session ID forcé depuis URL: hk4tbv7mv7oti1bgm4jgvhcsfb
[17-Sep-2025 10:48:17 Europe/Zurich] 🔑 tarif-api.php - Session ID forcé depuis URL: hk4tbv7mv7oti1bgm4jgvhcsfb
[17-Sep-2025 10:48:17 Europe/Zurich] - HTTP_HOST: localhost
[17-Sep-2025 10:48:17 Europe/Zurich] 🔍 Session cross-domain analysis :
[17-Sep-2025 10:48:17 Europe/Zurich] - HTTP_ORIGIN: http://localhost:3000
[17-Sep-2025 10:48:17 Europe/Zurich] 🔍 Session cross-domain analysis :
[17-Sep-2025 10:48:17 Europe/Zurich] 🔍 Session cross-domain analysis :
[17-Sep-2025 10:48:17 Europe/Zurich] 🔍 Session cross-domain analysis :
[17-Sep-2025 10:48:17 Europe/Zurich] - Is cross-domain: YES
[17-Sep-2025 10:48:17 Europe/Zurich] - HTTP_ORIGIN: http://localhost:3000
[17-Sep-2025 10:48:17 Europe/Zurich] - HTTP_HOST: localhost
[17-Sep-2025 10:48:17 Europe/Zurich] - HTTP_ORIGIN: http://localhost:3000
[17-Sep-2025 10:48:17 Europe/Zurich] - HTTP_ORIGIN: http://localhost:3000
[17-Sep-2025 10:48:17 Europe/Zurich] - HTTP_ORIGIN: http://localhost:3000
[17-Sep-2025 10:48:17 Europe/Zurich] 🏠 Configuration same-domain appliquée
[17-Sep-2025 10:48:17 Europe/Zurich] - HTTP_HOST: localhost
[17-Sep-2025 10:48:17 Europe/Zurich] - Is cross-domain: YES
[17-Sep-2025 10:48:17 Europe/Zurich] - HTTP_HOST: localhost
[17-Sep-2025 10:48:17 Europe/Zurich] - HTTP_HOST: localhost
[17-Sep-2025 10:48:17 Europe/Zurich] - HTTP_HOST: localhost
[17-Sep-2025 10:48:17 Europe/Zurich] - Is cross-domain: YES
[17-Sep-2025 10:48:17 Europe/Zurich] 🏠 Configuration same-domain appliquée
[17-Sep-2025 10:48:17 Europe/Zurich] - Is cross-domain: YES
[17-Sep-2025 10:48:17 Europe/Zurich] 🔧 Session cross-domain configurée - ID: hk4tbv7mv7oti1bgm4jgvhcsfb
[17-Sep-2025 10:48:17 Europe/Zurich] - Is cross-domain: YES
[17-Sep-2025 10:48:17 Europe/Zurich] - Is cross-domain: YES
[17-Sep-2025 10:48:17 Europe/Zurich] 🏠 Configuration same-domain appliquée
[17-Sep-2025 10:48:17 Europe/Zurich] 🏠 Configuration same-domain appliquée
[17-Sep-2025 10:48:17 Europe/Zurich] 🍪 Cookie params: {"lifetime":1800,"path":"\/","domain":"","secure":true,"httponly":false,"samesite":"None"}
[17-Sep-2025 10:48:17 Europe/Zurich] 🏠 Configuration same-domain appliquée
[17-Sep-2025 10:48:17 Europe/Zurich] 🏠 Configuration same-domain appliquée
[17-Sep-2025 10:48:17 Europe/Zurich] 🔍 User en session: 2
[17-Sep-2025 10:48:17 Europe/Zurich] 🔧 Setup CORS - Début
[17-Sep-2025 10:48:17 Europe/Zurich] - Mode: DÉVELOPPEMENT
[17-Sep-2025 10:48:17 Europe/Zurich] - Origin reçu: http://localhost:3000
[17-Sep-2025 10:48:17 Europe/Zurich] 🔍 Test d'autorisation pour origin: 'http://localhost:3000'
[17-Sep-2025 10:48:17 Europe/Zurich] 📝 Origins autorisées: ["http:\/\/localhost:3007","http:\/\/localhost:3000","http:\/\/127.0.0.1:3000","http:\/\/localhost:3007","https:\/\/dev-facturation"]
[17-Sep-2025 10:48:17 Europe/Zurich] ✅ Origin autorisé: http://localhost:3000
[17-Sep-2025 10:48:17 Europe/Zurich] 📤 En-têtes CORS envoyés:
[17-Sep-2025 10:48:17 Europe/Zurich] - Methods: GET, POST, PUT, DELETE, OPTIONS
[17-Sep-2025 10:48:17 Europe/Zurich] - Headers: Content-Type, Authorization, X-Requested-With
[17-Sep-2025 10:48:17 Europe/Zurich] - Credentials: true
[17-Sep-2025 10:48:17 Europe/Zurich] 🔄 Requête OPTIONS (preflight) - Réponse immédiate
[17-Sep-2025 10:48:17 Europe/Zurich] 🔧 Session cross-domain configurée - ID: hk4tbv7mv7oti1bgm4jgvhcsfb
[17-Sep-2025 10:48:17 Europe/Zurich] 🍪 Cookie params: {"lifetime":1800,"path":"\/","domain":"","secure":true,"httponly":false,"samesite":"None"}
[17-Sep-2025 10:48:17 Europe/Zurich] 🔍 User en session: 2
[17-Sep-2025 10:48:17 Europe/Zurich] 🔧 Setup CORS - Début
[17-Sep-2025 10:48:17 Europe/Zurich] - Mode: DÉVELOPPEMENT
[17-Sep-2025 10:48:17 Europe/Zurich] - Origin reçu: http://localhost:3000
[17-Sep-2025 10:48:17 Europe/Zurich] 🔍 Test d'autorisation pour origin: 'http://localhost:3000'
[17-Sep-2025 10:48:17 Europe/Zurich] 📝 Origins autorisées: ["http:\/\/localhost:3007","http:\/\/localhost:3000","http:\/\/127.0.0.1:3000","http:\/\/localhost:3007","https:\/\/dev-facturation"]
[17-Sep-2025 10:48:17 Europe/Zurich] ✅ Origin autorisé: http://localhost:3000
[17-Sep-2025 10:48:17 Europe/Zurich] 📤 En-têtes CORS envoyés:
[17-Sep-2025 10:48:17 Europe/Zurich] - Methods: GET, POST, PUT, DELETE, OPTIONS
[17-Sep-2025 10:48:17 Europe/Zurich] - Headers: Content-Type, Authorization, X-Requested-With
[17-Sep-2025 10:48:17 Europe/Zurich] - Credentials: true
[17-Sep-2025 10:48:17 Europe/Zurich] 🔄 Requête OPTIONS (preflight) - Réponse immédiate
[17-Sep-2025 10:48:17 Europe/Zurich] 🔧 Session cross-domain configurée - ID: hk4tbv7mv7oti1bgm4jgvhcsfb
[17-Sep-2025 10:48:17 Europe/Zurich] 🍪 Cookie params: {"lifetime":1800,"path":"\/","domain":"","secure":true,"httponly":false,"samesite":"None"}
[17-Sep-2025 10:48:17 Europe/Zurich] 🔍 User en session: 2
[17-Sep-2025 10:48:17 Europe/Zurich] 🔧 Setup CORS - Début
[17-Sep-2025 10:48:17 Europe/Zurich] - Mode: DÉVELOPPEMENT
[17-Sep-2025 10:48:17 Europe/Zurich] - Origin reçu: http://localhost:3000
[17-Sep-2025 10:48:17 Europe/Zurich] 🔍 Test d'autorisation pour origin: 'http://localhost:3000'
[17-Sep-2025 10:48:17 Europe/Zurich] 📝 Origins autorisées: ["http:\/\/localhost:3007","http:\/\/localhost:3000","http:\/\/127.0.0.1:3000","http:\/\/localhost:3007","https:\/\/dev-facturation"]
[17-Sep-2025 10:48:17 Europe/Zurich] ✅ Origin autorisé: http://localhost:3000
[17-Sep-2025 10:48:17 Europe/Zurich] 📤 En-têtes CORS envoyés:
[17-Sep-2025 10:48:17 Europe/Zurich] - Methods: GET, POST, PUT, DELETE, OPTIONS
[17-Sep-2025 10:48:17 Europe/Zurich] - Headers: Content-Type, Authorization, X-Requested-With
[17-Sep-2025 10:48:17 Europe/Zurich] - Credentials: true
[17-Sep-2025 10:48:17 Europe/Zurich] 🔄 Requête OPTIONS (preflight) - Réponse immédiate
[17-Sep-2025 10:48:17 Europe/Zurich] 🔧 Session cross-domain configurée - ID: hk4tbv7mv7oti1bgm4jgvhcsfb
[17-Sep-2025 10:48:17 Europe/Zurich] 🍪 Cookie params: {"lifetime":1800,"path":"\/","domain":"","secure":true,"httponly":false,"samesite":"None"}
[17-Sep-2025 10:48:17 Europe/Zurich] 🔍 User en session: 2
[17-Sep-2025 10:48:17 Europe/Zurich] 🔧 Setup CORS - Début
[17-Sep-2025 10:48:17 Europe/Zurich] - Mode: DÉVELOPPEMENT
[17-Sep-2025 10:48:17 Europe/Zurich] - Origin reçu: http://localhost:3000
[17-Sep-2025 10:48:17 Europe/Zurich] 🔍 Test d'autorisation pour origin: 'http://localhost:3000'
[17-Sep-2025 10:48:17 Europe/Zurich] 📝 Origins autorisées: ["http:\/\/localhost:3007","http:\/\/localhost:3000","http:\/\/127.0.0.1:3000","http:\/\/localhost:3007","https:\/\/dev-facturation"]
[17-Sep-2025 10:48:17 Europe/Zurich] ✅ Origin autorisé: http://localhost:3000
[17-Sep-2025 10:48:17 Europe/Zurich] 📤 En-têtes CORS envoyés:
[17-Sep-2025 10:48:17 Europe/Zurich] - Methods: GET, POST, PUT, DELETE, OPTIONS
[17-Sep-2025 10:48:17 Europe/Zurich] - Headers: Content-Type, Authorization, X-Requested-With
[17-Sep-2025 10:48:17 Europe/Zurich] - Credentials: true
[17-Sep-2025 10:48:17 Europe/Zurich] 🔄 Requête OPTIONS (preflight) - Réponse immédiate
[17-Sep-2025 10:48:17 Europe/Zurich] 🔧 Session cross-domain configurée - ID: hk4tbv7mv7oti1bgm4jgvhcsfb
[17-Sep-2025 10:48:17 Europe/Zurich] 🍪 Cookie params: {"lifetime":1800,"path":"\/","domain":"","secure":true,"httponly":false,"samesite":"None"}
[17-Sep-2025 10:48:17 Europe/Zurich] 🔍 User en session: 2
[17-Sep-2025 10:48:17 Europe/Zurich] 🔧 Setup CORS - Début
[17-Sep-2025 10:48:17 Europe/Zurich] - Mode: DÉVELOPPEMENT
[17-Sep-2025 10:48:17 Europe/Zurich] - Origin reçu: http://localhost:3000
[17-Sep-2025 10:48:17 Europe/Zurich] 🔍 Test d'autorisation pour origin: 'http://localhost:3000'
[17-Sep-2025 10:48:17 Europe/Zurich] 📝 Origins autorisées: ["http:\/\/localhost:3007","http:\/\/localhost:3000","http:\/\/127.0.0.1:3000","http:\/\/localhost:3007","https:\/\/dev-facturation"]
[17-Sep-2025 10:48:17 Europe/Zurich] ✅ Origin autorisé: http://localhost:3000
[17-Sep-2025 10:48:17 Europe/Zurich] 📤 En-têtes CORS envoyés:
[17-Sep-2025 10:48:17 Europe/Zurich] - Methods: GET, POST, PUT, DELETE, OPTIONS
[17-Sep-2025 10:48:17 Europe/Zurich] - Headers: Content-Type, Authorization, X-Requested-With
[17-Sep-2025 10:48:17 Europe/Zurich] - Credentials: true
[17-Sep-2025 10:48:17 Europe/Zurich] 🔄 Requête OPTIONS (preflight) - Réponse immédiate
[17-Sep-2025 10:48:17 Europe/Zurich] 🔧 Session cross-domain configurée - ID: hk4tbv7mv7oti1bgm4jgvhcsfb
[17-Sep-2025 10:48:17 Europe/Zurich] 🍪 Cookie params: {"lifetime":1800,"path":"\/","domain":"","secure":true,"httponly":false,"samesite":"None"}
[17-Sep-2025 10:48:17 Europe/Zurich] 🔍 User en session: 2
[17-Sep-2025 10:48:17 Europe/Zurich] 🔧 Setup CORS - Début
[17-Sep-2025 10:48:17 Europe/Zurich] - Mode: DÉVELOPPEMENT
[17-Sep-2025 10:48:17 Europe/Zurich] - Origin reçu: http://localhost:3000
[17-Sep-2025 10:48:17 Europe/Zurich] 🔍 Test d'autorisation pour origin: 'http://localhost:3000'
[17-Sep-2025 10:48:17 Europe/Zurich] 📝 Origins autorisées: ["http:\/\/localhost:3007","http:\/\/localhost:3000","http:\/\/127.0.0.1:3000","http:\/\/localhost:3007","https:\/\/dev-facturation"]
[17-Sep-2025 10:48:17 Europe/Zurich] ✅ Origin autorisé: http://localhost:3000
[17-Sep-2025 10:48:17 Europe/Zurich] 📤 En-têtes CORS envoyés:
[17-Sep-2025 10:48:17 Europe/Zurich] - Methods: GET, POST, PUT, DELETE, OPTIONS
[17-Sep-2025 10:48:17 Europe/Zurich] - Headers: Content-Type, Authorization, X-Requested-With
[17-Sep-2025 10:48:17 Europe/Zurich] - Credentials: true
[17-Sep-2025 10:48:17 Europe/Zurich] 🔄 Requête OPTIONS (preflight) - Réponse immédiate
[17-Sep-2025 10:48:17 Europe/Zurich] 🔑 tarif-api.php - Session ID forcé depuis URL: hk4tbv7mv7oti1bgm4jgvhcsfb
[17-Sep-2025 10:48:17 Europe/Zurich] 🔑 tarif-api.php - Session ID forcé depuis URL: hk4tbv7mv7oti1bgm4jgvhcsfb
[17-Sep-2025 10:48:17 Europe/Zurich] 🔑 tarif-api.php - Session ID forcé depuis URL: hk4tbv7mv7oti1bgm4jgvhcsfb
[17-Sep-2025 10:48:17 Europe/Zurich] 🔍 Session cross-domain analysis :
[17-Sep-2025 10:48:17 Europe/Zurich] 🔍 Session cross-domain analysis :
[17-Sep-2025 10:48:17 Europe/Zurich] 🔑 tarif-api.php - Session ID forcé depuis URL: hk4tbv7mv7oti1bgm4jgvhcsfb
[17-Sep-2025 10:48:17 Europe/Zurich] 🔑 tarif-api.php - Session ID forcé depuis URL: hk4tbv7mv7oti1bgm4jgvhcsfb
[17-Sep-2025 10:48:17 Europe/Zurich] 🔍 Session cross-domain analysis :
[17-Sep-2025 10:48:17 Europe/Zurich] - HTTP_ORIGIN: http://localhost:3000
[17-Sep-2025 10:48:17 Europe/Zurich] 🔑 tarif-api.php - Session ID forcé depuis URL: hk4tbv7mv7oti1bgm4jgvhcsfb
[17-Sep-2025 10:48:17 Europe/Zurich] - HTTP_ORIGIN: http://localhost:3000
[17-Sep-2025 10:48:17 Europe/Zurich] 🔍 Session cross-domain analysis :
[17-Sep-2025 10:48:17 Europe/Zurich] 🔍 Session cross-domain analysis :
[17-Sep-2025 10:48:17 Europe/Zurich] - HTTP_ORIGIN: http://localhost:3000
[17-Sep-2025 10:48:17 Europe/Zurich] - HTTP_HOST: localhost
[17-Sep-2025 10:48:17 Europe/Zurich] 🔍 Session cross-domain analysis :
[17-Sep-2025 10:48:17 Europe/Zurich] - HTTP_HOST: localhost
[17-Sep-2025 10:48:17 Europe/Zurich] - HTTP_ORIGIN: http://localhost:3000
[17-Sep-2025 10:48:17 Europe/Zurich] - HTTP_ORIGIN: http://localhost:3000
[17-Sep-2025 10:48:17 Europe/Zurich] - Is cross-domain: YES
[17-Sep-2025 10:48:17 Europe/Zurich] - HTTP_HOST: localhost
[17-Sep-2025 10:48:17 Europe/Zurich] - HTTP_ORIGIN: http://localhost:3000
[17-Sep-2025 10:48:17 Europe/Zurich] - Is cross-domain: YES
[17-Sep-2025 10:48:17 Europe/Zurich] - HTTP_HOST: localhost
[17-Sep-2025 10:48:17 Europe/Zurich] 🏠 Configuration same-domain appliquée
[17-Sep-2025 10:48:17 Europe/Zurich] - HTTP_HOST: localhost
[17-Sep-2025 10:48:17 Europe/Zurich] - Is cross-domain: YES
[17-Sep-2025 10:48:17 Europe/Zurich] - HTTP_HOST: localhost
[17-Sep-2025 10:48:17 Europe/Zurich] 🏠 Configuration same-domain appliquée
[17-Sep-2025 10:48:17 Europe/Zurich] - Is cross-domain: YES
[17-Sep-2025 10:48:17 Europe/Zurich] - Is cross-domain: YES
[17-Sep-2025 10:48:17 Europe/Zurich] 🏠 Configuration same-domain appliquée
[17-Sep-2025 10:48:17 Europe/Zurich] - Is cross-domain: YES
[17-Sep-2025 10:48:17 Europe/Zurich] 🔧 Session cross-domain configurée - ID: hk4tbv7mv7oti1bgm4jgvhcsfb
[17-Sep-2025 10:48:17 Europe/Zurich] 🏠 Configuration same-domain appliquée
[17-Sep-2025 10:48:17 Europe/Zurich] 🏠 Configuration same-domain appliquée
[17-Sep-2025 10:48:17 Europe/Zurich] 🏠 Configuration same-domain appliquée
[17-Sep-2025 10:48:17 Europe/Zurich] 🍪 Cookie params: {"lifetime":1800,"path":"\/","domain":"","secure":true,"httponly":false,"samesite":"None"}
[17-Sep-2025 10:48:17 Europe/Zurich] 🔍 User en session: 2
[17-Sep-2025 10:48:17 Europe/Zurich] 🔧 Setup CORS - Début
[17-Sep-2025 10:48:17 Europe/Zurich] - Mode: DÉVELOPPEMENT
[17-Sep-2025 10:48:17 Europe/Zurich] - Origin reçu: http://localhost:3000
[17-Sep-2025 10:48:17 Europe/Zurich] 🔍 Test d'autorisation pour origin: 'http://localhost:3000'
[17-Sep-2025 10:48:17 Europe/Zurich] 📝 Origins autorisées: ["http:\/\/localhost:3007","http:\/\/localhost:3000","http:\/\/127.0.0.1:3000","http:\/\/localhost:3007","https:\/\/dev-facturation"]
[17-Sep-2025 10:48:17 Europe/Zurich] ✅ Origin autorisé: http://localhost:3000
[17-Sep-2025 10:48:17 Europe/Zurich] 📤 En-têtes CORS envoyés:
[17-Sep-2025 10:48:17 Europe/Zurich] - Methods: GET, POST, PUT, DELETE, OPTIONS
[17-Sep-2025 10:48:17 Europe/Zurich] - Headers: Content-Type, Authorization, X-Requested-With
[17-Sep-2025 10:48:17 Europe/Zurich] - Credentials: true
[17-Sep-2025 10:48:17 Europe/Zurich] 🔄 Requête OPTIONS (preflight) - Réponse immédiate
[17-Sep-2025 10:48:17 Europe/Zurich] 🔧 Session cross-domain configurée - ID: hk4tbv7mv7oti1bgm4jgvhcsfb
[17-Sep-2025 10:48:17 Europe/Zurich] 🔑 tarif-api.php - Session ID forcé depuis URL: hk4tbv7mv7oti1bgm4jgvhcsfb
[17-Sep-2025 10:48:17 Europe/Zurich] 🍪 Cookie params: {"lifetime":1800,"path":"\/","domain":"","secure":true,"httponly":false,"samesite":"None"}
[17-Sep-2025 10:48:17 Europe/Zurich] 🔍 Session cross-domain analysis :
[17-Sep-2025 10:48:17 Europe/Zurich] 🔍 User en session: 2
[17-Sep-2025 10:48:17 Europe/Zurich] - HTTP_ORIGIN: http://localhost:3000
[17-Sep-2025 10:48:17 Europe/Zurich] 🔧 Setup CORS - Début
[17-Sep-2025 10:48:17 Europe/Zurich] 🔑 tarif-api.php - Session ID forcé depuis URL: hk4tbv7mv7oti1bgm4jgvhcsfb
[17-Sep-2025 10:48:17 Europe/Zurich] - HTTP_HOST: localhost
[17-Sep-2025 10:48:17 Europe/Zurich] - Mode: DÉVELOPPEMENT
[17-Sep-2025 10:48:17 Europe/Zurich] 🔍 Session cross-domain analysis :
[17-Sep-2025 10:48:17 Europe/Zurich] - Is cross-domain: YES
[17-Sep-2025 10:48:17 Europe/Zurich] - Origin reçu: http://localhost:3000
[17-Sep-2025 10:48:17 Europe/Zurich] - HTTP_ORIGIN: http://localhost:3000
[17-Sep-2025 10:48:17 Europe/Zurich] 🏠 Configuration same-domain appliquée
[17-Sep-2025 10:48:17 Europe/Zurich] 🔍 Test d'autorisation pour origin: 'http://localhost:3000'
[17-Sep-2025 10:48:17 Europe/Zurich] - HTTP_HOST: localhost
[17-Sep-2025 10:48:17 Europe/Zurich] 📝 Origins autorisées: ["http:\/\/localhost:3007","http:\/\/localhost:3000","http:\/\/127.0.0.1:3000","http:\/\/localhost:3007","https:\/\/dev-facturation"]
[17-Sep-2025 10:48:17 Europe/Zurich] - Is cross-domain: YES
[17-Sep-2025 10:48:17 Europe/Zurich] ✅ Origin autorisé: http://localhost:3000
[17-Sep-2025 10:48:17 Europe/Zurich] 🏠 Configuration same-domain appliquée
[17-Sep-2025 10:48:17 Europe/Zurich] 📤 En-têtes CORS envoyés:
[17-Sep-2025 10:48:17 Europe/Zurich] 🔑 tarif-api.php - Session ID forcé depuis URL: hk4tbv7mv7oti1bgm4jgvhcsfb
[17-Sep-2025 10:48:17 Europe/Zurich] 🔑 tarif-api.php - Session ID forcé depuis URL: hk4tbv7mv7oti1bgm4jgvhcsfb
[17-Sep-2025 10:48:17 Europe/Zurich] - Methods: GET, POST, PUT, DELETE, OPTIONS
[17-Sep-2025 10:48:17 Europe/Zurich] 🔍 Session cross-domain analysis :
[17-Sep-2025 10:48:17 Europe/Zurich] 🔍 Session cross-domain analysis :
[17-Sep-2025 10:48:17 Europe/Zurich] - Headers: Content-Type, Authorization, X-Requested-With
[17-Sep-2025 10:48:17 Europe/Zurich] - HTTP_ORIGIN: http://localhost:3000
[17-Sep-2025 10:48:17 Europe/Zurich] 🔑 tarif-api.php - Session ID forcé depuis URL: hk4tbv7mv7oti1bgm4jgvhcsfb
[17-Sep-2025 10:48:17 Europe/Zurich] - HTTP_ORIGIN: http://localhost:3000
[17-Sep-2025 10:48:17 Europe/Zurich] - Credentials: true
[17-Sep-2025 10:48:17 Europe/Zurich] 🔑 tarif-api.php - Session ID forcé depuis URL: hk4tbv7mv7oti1bgm4jgvhcsfb
[17-Sep-2025 10:48:17 Europe/Zurich] - HTTP_HOST: localhost
[17-Sep-2025 10:48:17 Europe/Zurich] 🔍 Session cross-domain analysis :
[17-Sep-2025 10:48:18 Europe/Zurich] - HTTP_HOST: localhost
[17-Sep-2025 10:48:18 Europe/Zurich] 🔄 Requête OPTIONS (preflight) - Réponse immédiate
[17-Sep-2025 10:48:18 Europe/Zurich] 🔍 Session cross-domain analysis :
[17-Sep-2025 10:48:18 Europe/Zurich] - HTTP_ORIGIN: http://localhost:3000
[17-Sep-2025 10:48:18 Europe/Zurich] - Is cross-domain: YES
[17-Sep-2025 10:48:18 Europe/Zurich] - Is cross-domain: YES
[17-Sep-2025 10:48:18 Europe/Zurich] - HTTP_ORIGIN: http://localhost:3000
[17-Sep-2025 10:48:18 Europe/Zurich] - HTTP_HOST: localhost
[17-Sep-2025 10:48:18 Europe/Zurich] 🏠 Configuration same-domain appliquée
[17-Sep-2025 10:48:18 Europe/Zurich] 🏠 Configuration same-domain appliquée
[17-Sep-2025 10:48:18 Europe/Zurich] - HTTP_HOST: localhost
[17-Sep-2025 10:48:18 Europe/Zurich] 🔧 Session cross-domain configurée - ID: hk4tbv7mv7oti1bgm4jgvhcsfb
[17-Sep-2025 10:48:18 Europe/Zurich] - Is cross-domain: YES
[17-Sep-2025 10:48:18 Europe/Zurich] - Is cross-domain: YES
[17-Sep-2025 10:48:18 Europe/Zurich] 🍪 Cookie params: {"lifetime":1800,"path":"\/","domain":"","secure":true,"httponly":false,"samesite":"None"}
[17-Sep-2025 10:48:18 Europe/Zurich] 🏠 Configuration same-domain appliquée
[17-Sep-2025 10:48:18 Europe/Zurich] 🏠 Configuration same-domain appliquée
[17-Sep-2025 10:48:18 Europe/Zurich] 🔍 User en session: 2
[17-Sep-2025 10:48:18 Europe/Zurich] 🔧 Setup CORS - Début
[17-Sep-2025 10:48:18 Europe/Zurich] - Mode: DÉVELOPPEMENT
[17-Sep-2025 10:48:18 Europe/Zurich] - Origin reçu: http://localhost:3000
[17-Sep-2025 10:48:18 Europe/Zurich] 🔍 Test d'autorisation pour origin: 'http://localhost:3000'
[17-Sep-2025 10:48:18 Europe/Zurich] 📝 Origins autorisées: ["http:\/\/localhost:3007","http:\/\/localhost:3000","http:\/\/127.0.0.1:3000","http:\/\/localhost:3007","https:\/\/dev-facturation"]
[17-Sep-2025 10:48:18 Europe/Zurich] ✅ Origin autorisé: http://localhost:3000
[17-Sep-2025 10:48:18 Europe/Zurich] 📤 En-têtes CORS envoyés:
[17-Sep-2025 10:48:18 Europe/Zurich] - Methods: GET, POST, PUT, DELETE, OPTIONS
[17-Sep-2025 10:48:18 Europe/Zurich] - Headers: Content-Type, Authorization, X-Requested-With
[17-Sep-2025 10:48:18 Europe/Zurich] - Credentials: true
[17-Sep-2025 10:48:18 Europe/Zurich] 🔄 Requête OPTIONS (preflight) - Réponse immédiate
[17-Sep-2025 10:48:18 Europe/Zurich] 🔧 Session cross-domain configurée - ID: hk4tbv7mv7oti1bgm4jgvhcsfb
[17-Sep-2025 10:48:18 Europe/Zurich] 🍪 Cookie params: {"lifetime":1800,"path":"\/","domain":"","secure":true,"httponly":false,"samesite":"None"}
[17-Sep-2025 10:48:18 Europe/Zurich] 🔍 User en session: 2
[17-Sep-2025 10:48:18 Europe/Zurich] 🔧 Setup CORS - Début
[17-Sep-2025 10:48:18 Europe/Zurich] - Mode: DÉVELOPPEMENT
[17-Sep-2025 10:48:18 Europe/Zurich] - Origin reçu: http://localhost:3000
[17-Sep-2025 10:48:18 Europe/Zurich] 🔍 Test d'autorisation pour origin: 'http://localhost:3000'
[17-Sep-2025 10:48:18 Europe/Zurich] 📝 Origins autorisées: ["http:\/\/localhost:3007","http:\/\/localhost:3000","http:\/\/127.0.0.1:3000","http:\/\/localhost:3007","https:\/\/dev-facturation"]
[17-Sep-2025 10:48:18 Europe/Zurich] ✅ Origin autorisé: http://localhost:3000
[17-Sep-2025 10:48:18 Europe/Zurich] 📤 En-têtes CORS envoyés:
[17-Sep-2025 10:48:18 Europe/Zurich] - Methods: GET, POST, PUT, DELETE, OPTIONS
[17-Sep-2025 10:48:18 Europe/Zurich] - Headers: Content-Type, Authorization, X-Requested-With
[17-Sep-2025 10:48:18 Europe/Zurich] - Credentials: true
[17-Sep-2025 10:48:18 Europe/Zurich] tarif-api - Méthode: GET
[17-Sep-2025 10:48:18 Europe/Zurich] tarif-api - URL complète: /fact-back/api/tarif-api.php?PHPSESSID=hk4tbv7mv7oti1bgm4jgvhcsfb&uniteDefautService=3&_ts=1758098897513
[17-Sep-2025 10:48:18 Europe/Zurich] tarif-api - Session ID: hk4tbv7mv7oti1bgm4jgvhcsfb
[17-Sep-2025 10:48:18 Europe/Zurich] tarif-api - Session content: {"user_id":2,"user_name":"test_admin","user_role":"admin"}
[17-Sep-2025 10:48:18 Europe/Zurich] 🔍 Utilisateur: ID=2, Role=admin, Auth=OUI
[17-Sep-2025 10:48:18 Europe/Zurich] ✅ tarif-api - Accès autorisé pour utilisateur: 2 (role: admin)
[17-Sep-2025 10:48:18 Europe/Zurich] 📥 tarif-api - GET unité par défaut pour service: 3
[17-Sep-2025 10:48:18 Europe/Zurich] 🔧 tarif-api - Resultat GET unité par défaut pour service: {"success":true,"id_unite":7}
[17-Sep-2025 10:48:18 Europe/Zurich] 🔧 Session cross-domain configurée - ID: hk4tbv7mv7oti1bgm4jgvhcsfb
[17-Sep-2025 10:48:18 Europe/Zurich] 🍪 Cookie params: {"lifetime":1800,"path":"\/","domain":"","secure":true,"httponly":false,"samesite":"None"}
[17-Sep-2025 10:48:18 Europe/Zurich] 🔍 User en session: 2
[17-Sep-2025 10:48:18 Europe/Zurich] 🔧 Setup CORS - Début
[17-Sep-2025 10:48:18 Europe/Zurich] - Mode: DÉVELOPPEMENT
[17-Sep-2025 10:48:18 Europe/Zurich] - Origin reçu: http://localhost:3000
[17-Sep-2025 10:48:18 Europe/Zurich] 🔍 Test d'autorisation pour origin: 'http://localhost:3000'
[17-Sep-2025 10:48:18 Europe/Zurich] 📝 Origins autorisées: ["http:\/\/localhost:3007","http:\/\/localhost:3000","http:\/\/127.0.0.1:3000","http:\/\/localhost:3007","https:\/\/dev-facturation"]
[17-Sep-2025 10:48:18 Europe/Zurich] ✅ Origin autorisé: http://localhost:3000
[17-Sep-2025 10:48:18 Europe/Zurich] 📤 En-têtes CORS envoyés:
[17-Sep-2025 10:48:18 Europe/Zurich] - Methods: GET, POST, PUT, DELETE, OPTIONS
[17-Sep-2025 10:48:18 Europe/Zurich] - Headers: Content-Type, Authorization, X-Requested-With
[17-Sep-2025 10:48:18 Europe/Zurich] - Credentials: true
[17-Sep-2025 10:48:18 Europe/Zurich] tarif-api - Méthode: GET
[17-Sep-2025 10:48:18 Europe/Zurich] tarif-api - URL complète: /fact-back/api/tarif-api.php?PHPSESSID=hk4tbv7mv7oti1bgm4jgvhcsfb&uniteDefautService=1&_ts=1758098897514
[17-Sep-2025 10:48:18 Europe/Zurich] tarif-api - Session ID: hk4tbv7mv7oti1bgm4jgvhcsfb
[17-Sep-2025 10:48:18 Europe/Zurich] tarif-api - Session content: {"user_id":2,"user_name":"test_admin","user_role":"admin"}
[17-Sep-2025 10:48:18 Europe/Zurich] 🔍 Utilisateur: ID=2, Role=admin, Auth=OUI
[17-Sep-2025 10:48:18 Europe/Zurich] ✅ tarif-api - Accès autorisé pour utilisateur: 2 (role: admin)
[17-Sep-2025 10:48:18 Europe/Zurich] 📥 tarif-api - GET unité par défaut pour service: 1
[17-Sep-2025 10:48:18 Europe/Zurich] 🔧 tarif-api - Resultat GET unité par défaut pour service: {"success":true,"id_unite":1}
[17-Sep-2025 10:48:18 Europe/Zurich] 🔧 Session cross-domain configurée - ID: hk4tbv7mv7oti1bgm4jgvhcsfb
[17-Sep-2025 10:48:18 Europe/Zurich] 🍪 Cookie params: {"lifetime":1800,"path":"\/","domain":"","secure":true,"httponly":false,"samesite":"None"}
[17-Sep-2025 10:48:18 Europe/Zurich] 🔍 User en session: 2
[17-Sep-2025 10:48:18 Europe/Zurich] 🔧 Setup CORS - Début
[17-Sep-2025 10:48:18 Europe/Zurich] - Mode: DÉVELOPPEMENT
[17-Sep-2025 10:48:18 Europe/Zurich] - Origin reçu: http://localhost:3000
[17-Sep-2025 10:48:18 Europe/Zurich] 🔍 Test d'autorisation pour origin: 'http://localhost:3000'
[17-Sep-2025 10:48:18 Europe/Zurich] 📝 Origins autorisées: ["http:\/\/localhost:3007","http:\/\/localhost:3000","http:\/\/127.0.0.1:3000","http:\/\/localhost:3007","https:\/\/dev-facturation"]
[17-Sep-2025 10:48:18 Europe/Zurich] ✅ Origin autorisé: http://localhost:3000
[17-Sep-2025 10:48:18 Europe/Zurich] 📤 En-têtes CORS envoyés:
[17-Sep-2025 10:48:18 Europe/Zurich] - Methods: GET, POST, PUT, DELETE, OPTIONS
[17-Sep-2025 10:48:18 Europe/Zurich] - Headers: Content-Type, Authorization, X-Requested-With
[17-Sep-2025 10:48:18 Europe/Zurich] - Credentials: true
[17-Sep-2025 10:48:18 Europe/Zurich] tarif-api - Méthode: GET
[17-Sep-2025 10:48:18 Europe/Zurich] tarif-api - URL complète: /fact-back/api/tarif-api.php?PHPSESSID=hk4tbv7mv7oti1bgm4jgvhcsfb&uniteDefautService=2&_ts=1758098897510
[17-Sep-2025 10:48:18 Europe/Zurich] tarif-api - Session ID: hk4tbv7mv7oti1bgm4jgvhcsfb
[17-Sep-2025 10:48:18 Europe/Zurich] tarif-api - Session content: {"user_id":2,"user_name":"test_admin","user_role":"admin"}
[17-Sep-2025 10:48:18 Europe/Zurich] 🔍 Utilisateur: ID=2, Role=admin, Auth=OUI
[17-Sep-2025 10:48:18 Europe/Zurich] ✅ tarif-api - Accès autorisé pour utilisateur: 2 (role: admin)
[17-Sep-2025 10:48:18 Europe/Zurich] 📥 tarif-api - GET unité par défaut pour service: 2
[17-Sep-2025 10:48:18 Europe/Zurich] 🔧 tarif-api - Resultat GET unité par défaut pour service: {"success":true,"id_unite":6}
[17-Sep-2025 10:48:18 Europe/Zurich] 🔧 Session cross-domain configurée - ID: hk4tbv7mv7oti1bgm4jgvhcsfb
[17-Sep-2025 10:48:18 Europe/Zurich] 🍪 Cookie params: {"lifetime":1800,"path":"\/","domain":"","secure":true,"httponly":false,"samesite":"None"}
[17-Sep-2025 10:48:18 Europe/Zurich] 🔍 User en session: 2
[17-Sep-2025 10:48:18 Europe/Zurich] 🔧 Setup CORS - Début
[17-Sep-2025 10:48:18 Europe/Zurich] - Mode: DÉVELOPPEMENT
[17-Sep-2025 10:48:18 Europe/Zurich] - Origin reçu: http://localhost:3000
[17-Sep-2025 10:48:18 Europe/Zurich] 🔍 Test d'autorisation pour origin: 'http://localhost:3000'
[17-Sep-2025 10:48:18 Europe/Zurich] 📝 Origins autorisées: ["http:\/\/localhost:3007","http:\/\/localhost:3000","http:\/\/127.0.0.1:3000","http:\/\/localhost:3007","https:\/\/dev-facturation"]
[17-Sep-2025 10:48:18 Europe/Zurich] ✅ Origin autorisé: http://localhost:3000
[17-Sep-2025 10:48:18 Europe/Zurich] 📤 En-têtes CORS envoyés:
[17-Sep-2025 10:48:18 Europe/Zurich] - Methods: GET, POST, PUT, DELETE, OPTIONS
[17-Sep-2025 10:48:18 Europe/Zurich] - Headers: Content-Type, Authorization, X-Requested-With
[17-Sep-2025 10:48:18 Europe/Zurich] - Credentials: true
[17-Sep-2025 10:48:18 Europe/Zurich] tarif-api - Méthode: GET
[17-Sep-2025 10:48:18 Europe/Zurich] tarif-api - URL complète: /fact-back/api/tarif-api.php?PHPSESSID=hk4tbv7mv7oti1bgm4jgvhcsfb&uniteDefautService=11&_ts=1758098897517
[17-Sep-2025 10:48:18 Europe/Zurich] tarif-api - Session ID: hk4tbv7mv7oti1bgm4jgvhcsfb
[17-Sep-2025 10:48:18 Europe/Zurich] tarif-api - Session content: {"user_id":2,"user_name":"test_admin","user_role":"admin"}
[17-Sep-2025 10:48:18 Europe/Zurich] 🔍 Utilisateur: ID=2, Role=admin, Auth=OUI
[17-Sep-2025 10:48:18 Europe/Zurich] ✅ tarif-api - Accès autorisé pour utilisateur: 2 (role: admin)
[17-Sep-2025 10:48:18 Europe/Zurich] 📥 tarif-api - GET unité par défaut pour service: 11
[17-Sep-2025 10:48:18 Europe/Zurich] 🔧 tarif-api - Resultat GET unité par défaut pour service: {"success":true,"id_unite":null}
[17-Sep-2025 10:48:18 Europe/Zurich] 🔧 Session cross-domain configurée - ID: hk4tbv7mv7oti1bgm4jgvhcsfb
[17-Sep-2025 10:48:18 Europe/Zurich] 🍪 Cookie params: {"lifetime":1800,"path":"\/","domain":"","secure":true,"httponly":false,"samesite":"None"}
[17-Sep-2025 10:48:18 Europe/Zurich] 🔍 User en session: 2
[17-Sep-2025 10:48:18 Europe/Zurich] 🔧 Setup CORS - Début
[17-Sep-2025 10:48:18 Europe/Zurich] - Mode: DÉVELOPPEMENT
[17-Sep-2025 10:48:18 Europe/Zurich] - Origin reçu: http://localhost:3000
[17-Sep-2025 10:48:18 Europe/Zurich] 🔍 Test d'autorisation pour origin: 'http://localhost:3000'
[17-Sep-2025 10:48:18 Europe/Zurich] 📝 Origins autorisées: ["http:\/\/localhost:3007","http:\/\/localhost:3000","http:\/\/127.0.0.1:3000","http:\/\/localhost:3007","https:\/\/dev-facturation"]
[17-Sep-2025 10:48:18 Europe/Zurich] ✅ Origin autorisé: http://localhost:3000
[17-Sep-2025 10:48:18 Europe/Zurich] 📤 En-têtes CORS envoyés:
[17-Sep-2025 10:48:18 Europe/Zurich] - Methods: GET, POST, PUT, DELETE, OPTIONS
[17-Sep-2025 10:48:18 Europe/Zurich] - Headers: Content-Type, Authorization, X-Requested-With
[17-Sep-2025 10:48:18 Europe/Zurich] - Credentials: true
[17-Sep-2025 10:48:18 Europe/Zurich] 🔄 Requête OPTIONS (preflight) - Réponse immédiate
[17-Sep-2025 10:48:18 Europe/Zurich] 🔧 Session cross-domain configurée - ID: hk4tbv7mv7oti1bgm4jgvhcsfb
[17-Sep-2025 10:48:18 Europe/Zurich] 🍪 Cookie params: {"lifetime":1800,"path":"\/","domain":"","secure":true,"httponly":false,"samesite":"None"}
[17-Sep-2025 10:48:18 Europe/Zurich] 🔍 User en session: 2
[17-Sep-2025 10:48:18 Europe/Zurich] 🔧 Setup CORS - Début
[17-Sep-2025 10:48:18 Europe/Zurich] - Mode: DÉVELOPPEMENT
[17-Sep-2025 10:48:18 Europe/Zurich] - Origin reçu: http://localhost:3000
[17-Sep-2025 10:48:18 Europe/Zurich] 🔍 Test d'autorisation pour origin: 'http://localhost:3000'
[17-Sep-2025 10:48:18 Europe/Zurich] 📝 Origins autorisées: ["http:\/\/localhost:3007","http:\/\/localhost:3000","http:\/\/127.0.0.1:3000","http:\/\/localhost:3007","https:\/\/dev-facturation"]
[17-Sep-2025 10:48:18 Europe/Zurich] ✅ Origin autorisé: http://localhost:3000
[17-Sep-2025 10:48:18 Europe/Zurich] 📤 En-têtes CORS envoyés:
[17-Sep-2025 10:48:18 Europe/Zurich] - Methods: GET, POST, PUT, DELETE, OPTIONS
[17-Sep-2025 10:48:18 Europe/Zurich] - Headers: Content-Type, Authorization, X-Requested-With
[17-Sep-2025 10:48:18 Europe/Zurich] - Credentials: true
[17-Sep-2025 10:48:18 Europe/Zurich] 🔄 Requête OPTIONS (preflight) - Réponse immédiate
[17-Sep-2025 10:48:18 Europe/Zurich] 🔧 Session cross-domain configurée - ID: hk4tbv7mv7oti1bgm4jgvhcsfb
[17-Sep-2025 10:48:18 Europe/Zurich] 🍪 Cookie params: {"lifetime":1800,"path":"\/","domain":"","secure":true,"httponly":false,"samesite":"None"}
[17-Sep-2025 10:48:18 Europe/Zurich] 🔍 User en session: 2
[17-Sep-2025 10:48:18 Europe/Zurich] 🔧 Setup CORS - Début
[17-Sep-2025 10:48:18 Europe/Zurich] - Mode: DÉVELOPPEMENT
[17-Sep-2025 10:48:18 Europe/Zurich] - Origin reçu: http://localhost:3000
[17-Sep-2025 10:48:18 Europe/Zurich] 🔍 Test d'autorisation pour origin: 'http://localhost:3000'
[17-Sep-2025 10:48:18 Europe/Zurich] 📝 Origins autorisées: ["http:\/\/localhost:3007","http:\/\/localhost:3000","http:\/\/127.0.0.1:3000","http:\/\/localhost:3007","https:\/\/dev-facturation"]
[17-Sep-2025 10:48:18 Europe/Zurich] ✅ Origin autorisé: http://localhost:3000
[17-Sep-2025 10:48:18 Europe/Zurich] 📤 En-têtes CORS envoyés:
[17-Sep-2025 10:48:18 Europe/Zurich] - Methods: GET, POST, PUT, DELETE, OPTIONS
[17-Sep-2025 10:48:18 Europe/Zurich] - Headers: Content-Type, Authorization, X-Requested-With
[17-Sep-2025 10:48:18 Europe/Zurich] - Credentials: true
[17-Sep-2025 10:48:18 Europe/Zurich] tarif-api - Méthode: GET
[17-Sep-2025 10:48:18 Europe/Zurich] tarif-api - URL complète: /fact-back/api/tarif-api.php?PHPSESSID=hk4tbv7mv7oti1bgm4jgvhcsfb&uniteDefautService=5&_ts=1758098897512
[17-Sep-2025 10:48:18 Europe/Zurich] tarif-api - Session ID: hk4tbv7mv7oti1bgm4jgvhcsfb
[17-Sep-2025 10:48:18 Europe/Zurich] tarif-api - Session content: {"user_id":2,"user_name":"test_admin","user_role":"admin"}
[17-Sep-2025 10:48:18 Europe/Zurich] 🔍 Utilisateur: ID=2, Role=admin, Auth=OUI
[17-Sep-2025 10:48:18 Europe/Zurich] ✅ tarif-api - Accès autorisé pour utilisateur: 2 (role: admin)
[17-Sep-2025 10:48:18 Europe/Zurich] 📥 tarif-api - GET unité par défaut pour service: 5
[17-Sep-2025 10:48:18 Europe/Zurich] 🔧 tarif-api - Resultat GET unité par défaut pour service: {"success":true,"id_unite":17}
[17-Sep-2025 10:48:18 Europe/Zurich] 🔧 Session cross-domain configurée - ID: hk4tbv7mv7oti1bgm4jgvhcsfb
[17-Sep-2025 10:48:18 Europe/Zurich] 🍪 Cookie params: {"lifetime":1800,"path":"\/","domain":"","secure":true,"httponly":false,"samesite":"None"}
[17-Sep-2025 10:48:18 Europe/Zurich] 🔍 User en session: 2
[17-Sep-2025 10:48:18 Europe/Zurich] 🔧 Setup CORS - Début
[17-Sep-2025 10:48:18 Europe/Zurich] - Mode: DÉVELOPPEMENT
[17-Sep-2025 10:48:18 Europe/Zurich] - Origin reçu: http://localhost:3000
[17-Sep-2025 10:48:18 Europe/Zurich] 🔍 Test d'autorisation pour origin: 'http://localhost:3000'
[17-Sep-2025 10:48:18 Europe/Zurich] 📝 Origins autorisées: ["http:\/\/localhost:3007","http:\/\/localhost:3000","http:\/\/127.0.0.1:3000","http:\/\/localhost:3007","https:\/\/dev-facturation"]
[17-Sep-2025 10:48:18 Europe/Zurich] ✅ Origin autorisé: http://localhost:3000
[17-Sep-2025 10:48:18 Europe/Zurich] 📤 En-têtes CORS envoyés:
[17-Sep-2025 10:48:18 Europe/Zurich] - Methods: GET, POST, PUT, DELETE, OPTIONS
[17-Sep-2025 10:48:18 Europe/Zurich] - Headers: Content-Type, Authorization, X-Requested-With
[17-Sep-2025 10:48:18 Europe/Zurich] - Credentials: true
[17-Sep-2025 10:48:18 Europe/Zurich] tarif-api - Méthode: GET
[17-Sep-2025 10:48:18 Europe/Zurich] tarif-api - URL complète: /fact-back/api/tarif-api.php?PHPSESSID=hk4tbv7mv7oti1bgm4jgvhcsfb&uniteDefautService=4&_ts=1758098897516
[17-Sep-2025 10:48:18 Europe/Zurich] tarif-api - Session ID: hk4tbv7mv7oti1bgm4jgvhcsfb
[17-Sep-2025 10:48:18 Europe/Zurich] tarif-api - Session content: {"user_id":2,"user_name":"test_admin","user_role":"admin"}
[17-Sep-2025 10:48:18 Europe/Zurich] 🔍 Utilisateur: ID=2, Role=admin, Auth=OUI
[17-Sep-2025 10:48:18 Europe/Zurich] ✅ tarif-api - Accès autorisé pour utilisateur: 2 (role: admin)
[17-Sep-2025 10:48:18 Europe/Zurich] 📥 tarif-api - GET unité par défaut pour service: 4
[17-Sep-2025 10:48:18 Europe/Zurich] 🔧 tarif-api - Resultat GET unité par défaut pour service: {"success":true,"id_unite":6}
[17-Sep-2025 10:48:18 Europe/Zurich] 🔧 Session cross-domain configurée - ID: hk4tbv7mv7oti1bgm4jgvhcsfb
[17-Sep-2025 10:48:18 Europe/Zurich] 🍪 Cookie params: {"lifetime":1800,"path":"\/","domain":"","secure":true,"httponly":false,"samesite":"None"}
[17-Sep-2025 10:48:18 Europe/Zurich] 🔍 User en session: 2
[17-Sep-2025 10:48:18 Europe/Zurich] 🔧 Setup CORS - Début
[17-Sep-2025 10:48:18 Europe/Zurich] - Mode: DÉVELOPPEMENT
[17-Sep-2025 10:48:18 Europe/Zurich] - Origin reçu: http://localhost:3000
[17-Sep-2025 10:48:18 Europe/Zurich] 🔍 Test d'autorisation pour origin: 'http://localhost:3000'
[17-Sep-2025 10:48:18 Europe/Zurich] 📝 Origins autorisées: ["http:\/\/localhost:3007","http:\/\/localhost:3000","http:\/\/127.0.0.1:3000","http:\/\/localhost:3007","https:\/\/dev-facturation"]
[17-Sep-2025 10:48:18 Europe/Zurich] ✅ Origin autorisé: http://localhost:3000
[17-Sep-2025 10:48:18 Europe/Zurich] 📤 En-têtes CORS envoyés:
[17-Sep-2025 10:48:18 Europe/Zurich] - Methods: GET, POST, PUT, DELETE, OPTIONS
[17-Sep-2025 10:48:18 Europe/Zurich] - Headers: Content-Type, Authorization, X-Requested-With
[17-Sep-2025 10:48:18 Europe/Zurich] - Credentials: true
[17-Sep-2025 10:48:18 Europe/Zurich] 🔄 Requête OPTIONS (preflight) - Réponse immédiate
[17-Sep-2025 10:48:18 Europe/Zurich] 🔑 tarif-api.php - Session ID forcé depuis URL: hk4tbv7mv7oti1bgm4jgvhcsfb
[17-Sep-2025 10:48:18 Europe/Zurich] 🔑 tarif-api.php - Session ID forcé depuis URL: hk4tbv7mv7oti1bgm4jgvhcsfb
[17-Sep-2025 10:48:18 Europe/Zurich] 🔑 tarif-api.php - Session ID forcé depuis URL: hk4tbv7mv7oti1bgm4jgvhcsfb
[17-Sep-2025 10:48:18 Europe/Zurich] 🔍 Session cross-domain analysis :
[17-Sep-2025 10:48:18 Europe/Zurich] 🔍 Session cross-domain analysis :
[17-Sep-2025 10:48:18 Europe/Zurich] 🔍 Session cross-domain analysis :
[17-Sep-2025 10:48:18 Europe/Zurich] - HTTP_ORIGIN: http://localhost:3000
[17-Sep-2025 10:48:18 Europe/Zurich] - HTTP_ORIGIN: http://localhost:3000
[17-Sep-2025 10:48:18 Europe/Zurich] - HTTP_ORIGIN: http://localhost:3000
[17-Sep-2025 10:48:18 Europe/Zurich] - HTTP_HOST: localhost
[17-Sep-2025 10:48:18 Europe/Zurich] - HTTP_HOST: localhost
[17-Sep-2025 10:48:18 Europe/Zurich] - HTTP_HOST: localhost
[17-Sep-2025 10:48:18 Europe/Zurich] - Is cross-domain: YES
[17-Sep-2025 10:48:18 Europe/Zurich] - Is cross-domain: YES
[17-Sep-2025 10:48:18 Europe/Zurich] - Is cross-domain: YES
[17-Sep-2025 10:48:18 Europe/Zurich] 🏠 Configuration same-domain appliquée
[17-Sep-2025 10:48:18 Europe/Zurich] 🏠 Configuration same-domain appliquée
[17-Sep-2025 10:48:18 Europe/Zurich] 🏠 Configuration same-domain appliquée
[17-Sep-2025 10:48:18 Europe/Zurich] 🔧 Session cross-domain configurée - ID: hk4tbv7mv7oti1bgm4jgvhcsfb
[17-Sep-2025 10:48:18 Europe/Zurich] 🍪 Cookie params: {"lifetime":1800,"path":"\/","domain":"","secure":true,"httponly":false,"samesite":"None"}
[17-Sep-2025 10:48:18 Europe/Zurich] 🔍 User en session: 2
[17-Sep-2025 10:48:18 Europe/Zurich] 🔧 Setup CORS - Début
[17-Sep-2025 10:48:18 Europe/Zurich] - Mode: DÉVELOPPEMENT
[17-Sep-2025 10:48:18 Europe/Zurich] - Origin reçu: http://localhost:3000
[17-Sep-2025 10:48:18 Europe/Zurich] 🔍 Test d'autorisation pour origin: 'http://localhost:3000'
[17-Sep-2025 10:48:18 Europe/Zurich] 📝 Origins autorisées: ["http:\/\/localhost:3007","http:\/\/localhost:3000","http:\/\/127.0.0.1:3000","http:\/\/localhost:3007","https:\/\/dev-facturation"]
[17-Sep-2025 10:48:18 Europe/Zurich] ✅ Origin autorisé: http://localhost:3000
[17-Sep-2025 10:48:18 Europe/Zurich] 📤 En-têtes CORS envoyés:
[17-Sep-2025 10:48:18 Europe/Zurich] - Methods: GET, POST, PUT, DELETE, OPTIONS
[17-Sep-2025 10:48:18 Europe/Zurich] - Headers: Content-Type, Authorization, X-Requested-With
[17-Sep-2025 10:48:18 Europe/Zurich] - Credentials: true
[17-Sep-2025 10:48:18 Europe/Zurich] 🔄 Requête OPTIONS (preflight) - Réponse immédiate
[17-Sep-2025 10:48:18 Europe/Zurich] 🔧 Session cross-domain configurée - ID: hk4tbv7mv7oti1bgm4jgvhcsfb
[17-Sep-2025 10:48:18 Europe/Zurich] 🍪 Cookie params: {"lifetime":1800,"path":"\/","domain":"","secure":true,"httponly":false,"samesite":"None"}
[17-Sep-2025 10:48:18 Europe/Zurich] 🔍 User en session: 2
[17-Sep-2025 10:48:18 Europe/Zurich] 🔧 Setup CORS - Début
[17-Sep-2025 10:48:18 Europe/Zurich] - Mode: DÉVELOPPEMENT
[17-Sep-2025 10:48:18 Europe/Zurich] - Origin reçu: http://localhost:3000
[17-Sep-2025 10:48:18 Europe/Zurich] 🔍 Test d'autorisation pour origin: 'http://localhost:3000'
[17-Sep-2025 10:48:18 Europe/Zurich] 📝 Origins autorisées: ["http:\/\/localhost:3007","http:\/\/localhost:3000","http:\/\/127.0.0.1:3000","http:\/\/localhost:3007","https:\/\/dev-facturation"]
[17-Sep-2025 10:48:18 Europe/Zurich] ✅ Origin autorisé: http://localhost:3000
[17-Sep-2025 10:48:18 Europe/Zurich] 📤 En-têtes CORS envoyés:
[17-Sep-2025 10:48:18 Europe/Zurich] - Methods: GET, POST, PUT, DELETE, OPTIONS
[17-Sep-2025 10:48:18 Europe/Zurich] - Headers: Content-Type, Authorization, X-Requested-With
[17-Sep-2025 10:48:18 Europe/Zurich] - Credentials: true
[17-Sep-2025 10:48:18 Europe/Zurich] 🔄 Requête OPTIONS (preflight) - Réponse immédiate
[17-Sep-2025 10:48:18 Europe/Zurich] 🔧 Session cross-domain configurée - ID: hk4tbv7mv7oti1bgm4jgvhcsfb
[17-Sep-2025 10:48:18 Europe/Zurich] 🍪 Cookie params: {"lifetime":1800,"path":"\/","domain":"","secure":true,"httponly":false,"samesite":"None"}
[17-Sep-2025 10:48:18 Europe/Zurich] 🔍 User en session: 2
[17-Sep-2025 10:48:18 Europe/Zurich] 🔧 Setup CORS - Début
[17-Sep-2025 10:48:18 Europe/Zurich] - Mode: DÉVELOPPEMENT
[17-Sep-2025 10:48:18 Europe/Zurich] - Origin reçu: http://localhost:3000
[17-Sep-2025 10:48:18 Europe/Zurich] 🔍 Test d'autorisation pour origin: 'http://localhost:3000'
[17-Sep-2025 10:48:18 Europe/Zurich] 📝 Origins autorisées: ["http:\/\/localhost:3007","http:\/\/localhost:3000","http:\/\/127.0.0.1:3000","http:\/\/localhost:3007","https:\/\/dev-facturation"]
[17-Sep-2025 10:48:18 Europe/Zurich] ✅ Origin autorisé: http://localhost:3000
[17-Sep-2025 10:48:18 Europe/Zurich] 📤 En-têtes CORS envoyés:
[17-Sep-2025 10:48:18 Europe/Zurich] - Methods: GET, POST, PUT, DELETE, OPTIONS
[17-Sep-2025 10:48:18 Europe/Zurich] - Headers: Content-Type, Authorization, X-Requested-With
[17-Sep-2025 10:48:18 Europe/Zurich] - Credentials: true
[17-Sep-2025 10:48:18 Europe/Zurich] 🔄 Requête OPTIONS (preflight) - Réponse immédiate
[17-Sep-2025 10:48:18 Europe/Zurich] 🔑 tarif-api.php - Session ID forcé depuis URL: hk4tbv7mv7oti1bgm4jgvhcsfb
[17-Sep-2025 10:48:18 Europe/Zurich] 🔍 Session cross-domain analysis :
[17-Sep-2025 10:48:18 Europe/Zurich] - HTTP_ORIGIN: http://localhost:3000
[17-Sep-2025 10:48:18 Europe/Zurich] - HTTP_HOST: localhost
[17-Sep-2025 10:48:18 Europe/Zurich] 🔑 tarif-api.php - Session ID forcé depuis URL: hk4tbv7mv7oti1bgm4jgvhcsfb
[17-Sep-2025 10:48:18 Europe/Zurich] - Is cross-domain: YES
[17-Sep-2025 10:48:18 Europe/Zurich] 🔍 Session cross-domain analysis :
[17-Sep-2025 10:48:18 Europe/Zurich] 🏠 Configuration same-domain appliquée
[17-Sep-2025 10:48:18 Europe/Zurich] - HTTP_ORIGIN: http://localhost:3000
[17-Sep-2025 10:48:18 Europe/Zurich] - HTTP_HOST: localhost
[17-Sep-2025 10:48:18 Europe/Zurich] 🔧 Session cross-domain configurée - ID: hk4tbv7mv7oti1bgm4jgvhcsfb
[17-Sep-2025 10:48:18 Europe/Zurich] - Is cross-domain: YES
[17-Sep-2025 10:48:18 Europe/Zurich] 🍪 Cookie params: {"lifetime":1800,"path":"\/","domain":"","secure":true,"httponly":false,"samesite":"None"}
[17-Sep-2025 10:48:18 Europe/Zurich] 🏠 Configuration same-domain appliquée
[17-Sep-2025 10:48:18 Europe/Zurich] 🔍 User en session: 2
[17-Sep-2025 10:48:18 Europe/Zurich] 🔧 Setup CORS - Début
[17-Sep-2025 10:48:18 Europe/Zurich] - Mode: DÉVELOPPEMENT
[17-Sep-2025 10:48:18 Europe/Zurich] - Origin reçu: http://localhost:3000
[17-Sep-2025 10:48:18 Europe/Zurich] 🔍 Test d'autorisation pour origin: 'http://localhost:3000'
[17-Sep-2025 10:48:18 Europe/Zurich] 📝 Origins autorisées: ["http:\/\/localhost:3007","http:\/\/localhost:3000","http:\/\/127.0.0.1:3000","http:\/\/localhost:3007","https:\/\/dev-facturation"]
[17-Sep-2025 10:48:18 Europe/Zurich] ✅ Origin autorisé: http://localhost:3000
[17-Sep-2025 10:48:18 Europe/Zurich] 📤 En-têtes CORS envoyés:
[17-Sep-2025 10:48:18 Europe/Zurich] - Methods: GET, POST, PUT, DELETE, OPTIONS
[17-Sep-2025 10:48:18 Europe/Zurich] - Headers: Content-Type, Authorization, X-Requested-With
[17-Sep-2025 10:48:18 Europe/Zurich] - Credentials: true
[17-Sep-2025 10:48:18 Europe/Zurich] tarif-api - Méthode: GET
[17-Sep-2025 10:48:18 Europe/Zurich] tarif-api - URL complète: /fact-back/api/tarif-api.php?PHPSESSID=hk4tbv7mv7oti1bgm4jgvhcsfb&uniteDefautService=1&_ts=1758098897635
[17-Sep-2025 10:48:18 Europe/Zurich] tarif-api - Session ID: hk4tbv7mv7oti1bgm4jgvhcsfb
[17-Sep-2025 10:48:18 Europe/Zurich] tarif-api - Session content: {"user_id":2,"user_name":"test_admin","user_role":"admin"}
[17-Sep-2025 10:48:18 Europe/Zurich] 🔍 Utilisateur: ID=2, Role=admin, Auth=OUI
[17-Sep-2025 10:48:18 Europe/Zurich] ✅ tarif-api - Accès autorisé pour utilisateur: 2 (role: admin)
[17-Sep-2025 10:48:18 Europe/Zurich] 📥 tarif-api - GET unité par défaut pour service: 1
[17-Sep-2025 10:48:18 Europe/Zurich] 🔧 tarif-api - Resultat GET unité par défaut pour service: {"success":true,"id_unite":1}
[17-Sep-2025 10:48:18 Europe/Zurich] 🔧 Session cross-domain configurée - ID: hk4tbv7mv7oti1bgm4jgvhcsfb
[17-Sep-2025 10:48:18 Europe/Zurich] 🍪 Cookie params: {"lifetime":1800,"path":"\/","domain":"","secure":true,"httponly":false,"samesite":"None"}
[17-Sep-2025 10:48:18 Europe/Zurich] 🔍 User en session: 2
[17-Sep-2025 10:48:18 Europe/Zurich] 🔧 Setup CORS - Début
[17-Sep-2025 10:48:18 Europe/Zurich] - Mode: DÉVELOPPEMENT
[17-Sep-2025 10:48:18 Europe/Zurich] - Origin reçu: http://localhost:3000
[17-Sep-2025 10:48:18 Europe/Zurich] 🔍 Test d'autorisation pour origin: 'http://localhost:3000'
[17-Sep-2025 10:48:18 Europe/Zurich] 📝 Origins autorisées: ["http:\/\/localhost:3007","http:\/\/localhost:3000","http:\/\/127.0.0.1:3000","http:\/\/localhost:3007","https:\/\/dev-facturation"]
[17-Sep-2025 10:48:18 Europe/Zurich] ✅ Origin autorisé: http://localhost:3000
[17-Sep-2025 10:48:18 Europe/Zurich] 📤 En-têtes CORS envoyés:
[17-Sep-2025 10:48:18 Europe/Zurich] - Methods: GET, POST, PUT, DELETE, OPTIONS
[17-Sep-2025 10:48:18 Europe/Zurich] 🔑 tarif-api.php - Session ID forcé depuis URL: hk4tbv7mv7oti1bgm4jgvhcsfb
[17-Sep-2025 10:48:18 Europe/Zurich] - Headers: Content-Type, Authorization, X-Requested-With
[17-Sep-2025 10:48:18 Europe/Zurich] 🔍 Session cross-domain analysis :
[17-Sep-2025 10:48:18 Europe/Zurich] - Credentials: true
[17-Sep-2025 10:48:18 Europe/Zurich] - HTTP_ORIGIN: http://localhost:3000
[17-Sep-2025 10:48:18 Europe/Zurich] - HTTP_HOST: localhost
[17-Sep-2025 10:48:18 Europe/Zurich] - Is cross-domain: YES
[17-Sep-2025 10:48:18 Europe/Zurich] 🏠 Configuration same-domain appliquée
[17-Sep-2025 10:48:18 Europe/Zurich] tarif-api - Méthode: GET
[17-Sep-2025 10:48:18 Europe/Zurich] tarif-api - URL complète: /fact-back/api/tarif-api.php?PHPSESSID=hk4tbv7mv7oti1bgm4jgvhcsfb&uniteDefautService=2&_ts=1758098897631
[17-Sep-2025 10:48:18 Europe/Zurich] tarif-api - Session ID: hk4tbv7mv7oti1bgm4jgvhcsfb
[17-Sep-2025 10:48:18 Europe/Zurich] tarif-api - Session content: {"user_id":2,"user_name":"test_admin","user_role":"admin"}
[17-Sep-2025 10:48:18 Europe/Zurich] 🔍 Utilisateur: ID=2, Role=admin, Auth=OUI
[17-Sep-2025 10:48:18 Europe/Zurich] ✅ tarif-api - Accès autorisé pour utilisateur: 2 (role: admin)
[17-Sep-2025 10:48:18 Europe/Zurich] 📥 tarif-api - GET unité par défaut pour service: 2
[17-Sep-2025 10:48:18 Europe/Zurich] 🔧 tarif-api - Resultat GET unité par défaut pour service: {"success":true,"id_unite":6}
[17-Sep-2025 10:48:18 Europe/Zurich] 🔧 Session cross-domain configurée - ID: hk4tbv7mv7oti1bgm4jgvhcsfb
[17-Sep-2025 10:48:18 Europe/Zurich] 🍪 Cookie params: {"lifetime":1800,"path":"\/","domain":"","secure":true,"httponly":false,"samesite":"None"}
[17-Sep-2025 10:48:18 Europe/Zurich] 🔍 User en session: 2
[17-Sep-2025 10:48:18 Europe/Zurich] 🔧 Setup CORS - Début
[17-Sep-2025 10:48:18 Europe/Zurich] - Mode: DÉVELOPPEMENT
[17-Sep-2025 10:48:18 Europe/Zurich] - Origin reçu: http://localhost:3000
[17-Sep-2025 10:48:18 Europe/Zurich] 🔍 Test d'autorisation pour origin: 'http://localhost:3000'
[17-Sep-2025 10:48:18 Europe/Zurich] 📝 Origins autorisées: ["http:\/\/localhost:3007","http:\/\/localhost:3000","http:\/\/127.0.0.1:3000","http:\/\/localhost:3007","https:\/\/dev-facturation"]
[17-Sep-2025 10:48:18 Europe/Zurich] ✅ Origin autorisé: http://localhost:3000
[17-Sep-2025 10:48:18 Europe/Zurich] 🔑 tarif-api.php - Session ID forcé depuis URL: hk4tbv7mv7oti1bgm4jgvhcsfb
[17-Sep-2025 10:48:18 Europe/Zurich] 🔑 tarif-api.php - Session ID forcé depuis URL: hk4tbv7mv7oti1bgm4jgvhcsfb
[17-Sep-2025 10:48:18 Europe/Zurich] 📤 En-têtes CORS envoyés:
[17-Sep-2025 10:48:18 Europe/Zurich] 🔑 tarif-api.php - Session ID forcé depuis URL: hk4tbv7mv7oti1bgm4jgvhcsfb
[17-Sep-2025 10:48:18 Europe/Zurich] 🔍 Session cross-domain analysis :
[17-Sep-2025 10:48:18 Europe/Zurich] 🔍 Session cross-domain analysis :
[17-Sep-2025 10:48:18 Europe/Zurich] - Methods: GET, POST, PUT, DELETE, OPTIONS
[17-Sep-2025 10:48:18 Europe/Zurich] 🔍 Session cross-domain analysis :
[17-Sep-2025 10:48:18 Europe/Zurich] - HTTP_ORIGIN: http://localhost:3000
[17-Sep-2025 10:48:18 Europe/Zurich] - HTTP_ORIGIN: http://localhost:3000
[17-Sep-2025 10:48:18 Europe/Zurich] - Headers: Content-Type, Authorization, X-Requested-With
[17-Sep-2025 10:48:18 Europe/Zurich] - HTTP_ORIGIN: http://localhost:3000
[17-Sep-2025 10:48:18 Europe/Zurich] - HTTP_HOST: localhost
[17-Sep-2025 10:48:18 Europe/Zurich] - HTTP_HOST: localhost
[17-Sep-2025 10:48:18 Europe/Zurich] - Credentials: true
[17-Sep-2025 10:48:18 Europe/Zurich] - HTTP_HOST: localhost
[17-Sep-2025 10:48:18 Europe/Zurich] - Is cross-domain: YES
[17-Sep-2025 10:48:18 Europe/Zurich] - Is cross-domain: YES
[17-Sep-2025 10:48:18 Europe/Zurich] - Is cross-domain: YES
[17-Sep-2025 10:48:18 Europe/Zurich] 🏠 Configuration same-domain appliquée
[17-Sep-2025 10:48:18 Europe/Zurich] 🏠 Configuration same-domain appliquée
[17-Sep-2025 10:48:18 Europe/Zurich] 🏠 Configuration same-domain appliquée
[17-Sep-2025 10:48:18 Europe/Zurich] tarif-api - Méthode: GET
[17-Sep-2025 10:48:18 Europe/Zurich] tarif-api - URL complète: /fact-back/api/tarif-api.php?PHPSESSID=hk4tbv7mv7oti1bgm4jgvhcsfb&uniteDefautService=5&_ts=1758098897633
[17-Sep-2025 10:48:18 Europe/Zurich] tarif-api - Session ID: hk4tbv7mv7oti1bgm4jgvhcsfb
[17-Sep-2025 10:48:18 Europe/Zurich] tarif-api - Session content: {"user_id":2,"user_name":"test_admin","user_role":"admin"}
[17-Sep-2025 10:48:18 Europe/Zurich] 🔍 Utilisateur: ID=2, Role=admin, Auth=OUI
[17-Sep-2025 10:48:18 Europe/Zurich] ✅ tarif-api - Accès autorisé pour utilisateur: 2 (role: admin)
[17-Sep-2025 10:48:18 Europe/Zurich] 📥 tarif-api - GET unité par défaut pour service: 5
[17-Sep-2025 10:48:18 Europe/Zurich] 🔧 tarif-api - Resultat GET unité par défaut pour service: {"success":true,"id_unite":17}
[17-Sep-2025 10:48:18 Europe/Zurich] 🔧 Session cross-domain configurée - ID: hk4tbv7mv7oti1bgm4jgvhcsfb
[17-Sep-2025 10:48:18 Europe/Zurich] 🍪 Cookie params: {"lifetime":1800,"path":"\/","domain":"","secure":true,"httponly":false,"samesite":"None"}
[17-Sep-2025 10:48:18 Europe/Zurich] 🔍 User en session: 2
[17-Sep-2025 10:48:18 Europe/Zurich] 🔧 Setup CORS - Début
[17-Sep-2025 10:48:18 Europe/Zurich] - Mode: DÉVELOPPEMENT
[17-Sep-2025 10:48:18 Europe/Zurich] - Origin reçu: http://localhost:3000
[17-Sep-2025 10:48:18 Europe/Zurich] 🔍 Test d'autorisation pour origin: 'http://localhost:3000'
[17-Sep-2025 10:48:18 Europe/Zurich] 📝 Origins autorisées: ["http:\/\/localhost:3007","http:\/\/localhost:3000","http:\/\/127.0.0.1:3000","http:\/\/localhost:3007","https:\/\/dev-facturation"]
[17-Sep-2025 10:48:18 Europe/Zurich] ✅ Origin autorisé: http://localhost:3000
[17-Sep-2025 10:48:18 Europe/Zurich] 📤 En-têtes CORS envoyés:
[17-Sep-2025 10:48:18 Europe/Zurich] - Methods: GET, POST, PUT, DELETE, OPTIONS
[17-Sep-2025 10:48:18 Europe/Zurich] - Headers: Content-Type, Authorization, X-Requested-With
[17-Sep-2025 10:48:18 Europe/Zurich] - Credentials: true
[17-Sep-2025 10:48:18 Europe/Zurich] 🔄 Requête OPTIONS (preflight) - Réponse immédiate
[17-Sep-2025 10:48:18 Europe/Zurich] 🔑 tarif-api.php - Session ID forcé depuis URL: hk4tbv7mv7oti1bgm4jgvhcsfb
[17-Sep-2025 10:48:18 Europe/Zurich] 🔍 Session cross-domain analysis :
[17-Sep-2025 10:48:18 Europe/Zurich] 🔧 Session cross-domain configurée - ID: hk4tbv7mv7oti1bgm4jgvhcsfb
[17-Sep-2025 10:48:18 Europe/Zurich] - HTTP_ORIGIN: http://localhost:3000
[17-Sep-2025 10:48:18 Europe/Zurich] 🍪 Cookie params: {"lifetime":1800,"path":"\/","domain":"","secure":true,"httponly":false,"samesite":"None"}
[17-Sep-2025 10:48:18 Europe/Zurich] - HTTP_HOST: localhost
[17-Sep-2025 10:48:18 Europe/Zurich] 🔍 User en session: 2
[17-Sep-2025 10:48:18 Europe/Zurich] - Is cross-domain: YES
[17-Sep-2025 10:48:18 Europe/Zurich] 🔧 Setup CORS - Début
[17-Sep-2025 10:48:18 Europe/Zurich] 🏠 Configuration same-domain appliquée
[17-Sep-2025 10:48:18 Europe/Zurich] - Mode: DÉVELOPPEMENT
[17-Sep-2025 10:48:18 Europe/Zurich] - Origin reçu: http://localhost:3000
[17-Sep-2025 10:48:18 Europe/Zurich] 🔍 Test d'autorisation pour origin: 'http://localhost:3000'
[17-Sep-2025 10:48:18 Europe/Zurich] 📝 Origins autorisées: ["http:\/\/localhost:3007","http:\/\/localhost:3000","http:\/\/127.0.0.1:3000","http:\/\/localhost:3007","https:\/\/dev-facturation"]
[17-Sep-2025 10:48:18 Europe/Zurich] ✅ Origin autorisé: http://localhost:3000
[17-Sep-2025 10:48:18 Europe/Zurich] 📤 En-têtes CORS envoyés:
[17-Sep-2025 10:48:18 Europe/Zurich] - Methods: GET, POST, PUT, DELETE, OPTIONS
[17-Sep-2025 10:48:18 Europe/Zurich] - Headers: Content-Type, Authorization, X-Requested-With
[17-Sep-2025 10:48:18 Europe/Zurich] - Credentials: true
[17-Sep-2025 10:48:18 Europe/Zurich] 🔄 Requête OPTIONS (preflight) - Réponse immédiate
[17-Sep-2025 10:48:18 Europe/Zurich] 🔧 Session cross-domain configurée - ID: hk4tbv7mv7oti1bgm4jgvhcsfb
[17-Sep-2025 10:48:18 Europe/Zurich] 🍪 Cookie params: {"lifetime":1800,"path":"\/","domain":"","secure":true,"httponly":false,"samesite":"None"}
[17-Sep-2025 10:48:18 Europe/Zurich] 🔍 User en session: 2
[17-Sep-2025 10:48:18 Europe/Zurich] 🔧 Setup CORS - Début
[17-Sep-2025 10:48:18 Europe/Zurich] - Mode: DÉVELOPPEMENT
[17-Sep-2025 10:48:18 Europe/Zurich] - Origin reçu: http://localhost:3000
[17-Sep-2025 10:48:18 Europe/Zurich] 🔍 Test d'autorisation pour origin: 'http://localhost:3000'
[17-Sep-2025 10:48:18 Europe/Zurich] 📝 Origins autorisées: ["http:\/\/localhost:3007","http:\/\/localhost:3000","http:\/\/127.0.0.1:3000","http:\/\/localhost:3007","https:\/\/dev-facturation"]
[17-Sep-2025 10:48:18 Europe/Zurich] ✅ Origin autorisé: http://localhost:3000
[17-Sep-2025 10:48:18 Europe/Zurich] 📤 En-têtes CORS envoyés:
[17-Sep-2025 10:48:18 Europe/Zurich] - Methods: GET, POST, PUT, DELETE, OPTIONS
[17-Sep-2025 10:48:18 Europe/Zurich] - Headers: Content-Type, Authorization, X-Requested-With
[17-Sep-2025 10:48:18 Europe/Zurich] - Credentials: true
[17-Sep-2025 10:48:18 Europe/Zurich] 🔑 tarif-api.php - Session ID forcé depuis URL: hk4tbv7mv7oti1bgm4jgvhcsfb
[17-Sep-2025 10:48:18 Europe/Zurich] 🔍 Session cross-domain analysis :
[17-Sep-2025 10:48:18 Europe/Zurich] - HTTP_ORIGIN: http://localhost:3000
[17-Sep-2025 10:48:18 Europe/Zurich] - HTTP_HOST: localhost
[17-Sep-2025 10:48:18 Europe/Zurich] - Is cross-domain: YES
[17-Sep-2025 10:48:18 Europe/Zurich] 🏠 Configuration same-domain appliquée
[17-Sep-2025 10:48:18 Europe/Zurich] 🔑 tarif-api.php - Session ID forcé depuis URL: hk4tbv7mv7oti1bgm4jgvhcsfb
[17-Sep-2025 10:48:18 Europe/Zurich] 🔍 Session cross-domain analysis :
[17-Sep-2025 10:48:18 Europe/Zurich] - HTTP_ORIGIN: http://localhost:3000
[17-Sep-2025 10:48:18 Europe/Zurich] - HTTP_HOST: localhost
[17-Sep-2025 10:48:18 Europe/Zurich] - Is cross-domain: YES
[17-Sep-2025 10:48:18 Europe/Zurich] 🏠 Configuration same-domain appliquée
[17-Sep-2025 10:48:18 Europe/Zurich] tarif-api - Méthode: GET
[17-Sep-2025 10:48:18 Europe/Zurich] tarif-api - URL complète: /fact-back/api/tarif-api.php?PHPSESSID=hk4tbv7mv7oti1bgm4jgvhcsfb&uniteDefautService=3&_ts=1758098897634
[17-Sep-2025 10:48:18 Europe/Zurich] tarif-api - Session ID: hk4tbv7mv7oti1bgm4jgvhcsfb
[17-Sep-2025 10:48:18 Europe/Zurich] tarif-api - Session content: {"user_id":2,"user_name":"test_admin","user_role":"admin"}
[17-Sep-2025 10:48:18 Europe/Zurich] 🔍 Utilisateur: ID=2, Role=admin, Auth=OUI
[17-Sep-2025 10:48:18 Europe/Zurich] ✅ tarif-api - Accès autorisé pour utilisateur: 2 (role: admin)
[17-Sep-2025 10:48:18 Europe/Zurich] 📥 tarif-api - GET unité par défaut pour service: 3
[17-Sep-2025 10:48:18 Europe/Zurich] 🔧 tarif-api - Resultat GET unité par défaut pour service: {"success":true,"id_unite":7}
[17-Sep-2025 10:48:18 Europe/Zurich] 🔧 Session cross-domain configurée - ID: hk4tbv7mv7oti1bgm4jgvhcsfb
[17-Sep-2025 10:48:18 Europe/Zurich] 🍪 Cookie params: {"lifetime":1800,"path":"\/","domain":"","secure":true,"httponly":false,"samesite":"None"}
[17-Sep-2025 10:48:18 Europe/Zurich] 🔍 User en session: 2
[17-Sep-2025 10:48:18 Europe/Zurich] 🔧 Setup CORS - Début
[17-Sep-2025 10:48:18 Europe/Zurich] - Mode: DÉVELOPPEMENT
[17-Sep-2025 10:48:18 Europe/Zurich] - Origin reçu: http://localhost:3000
[17-Sep-2025 10:48:18 Europe/Zurich] 🔍 Test d'autorisation pour origin: 'http://localhost:3000'
[17-Sep-2025 10:48:18 Europe/Zurich] 📝 Origins autorisées: ["http:\/\/localhost:3007","http:\/\/localhost:3000","http:\/\/127.0.0.1:3000","http:\/\/localhost:3007","https:\/\/dev-facturation"]
[17-Sep-2025 10:48:18 Europe/Zurich] ✅ Origin autorisé: http://localhost:3000
[17-Sep-2025 10:48:18 Europe/Zurich] 📤 En-têtes CORS envoyés:
[17-Sep-2025 10:48:18 Europe/Zurich] - Methods: GET, POST, PUT, DELETE, OPTIONS
[17-Sep-2025 10:48:18 Europe/Zurich] - Headers: Content-Type, Authorization, X-Requested-With
[17-Sep-2025 10:48:18 Europe/Zurich] - Credentials: true
[17-Sep-2025 10:48:18 Europe/Zurich] tarif-api - Méthode: GET
[17-Sep-2025 10:48:18 Europe/Zurich] tarif-api - URL complète: /fact-back/api/tarif-api.php?PHPSESSID=hk4tbv7mv7oti1bgm4jgvhcsfb&uniteDefautService=4&_ts=1758098897636
[17-Sep-2025 10:48:18 Europe/Zurich] tarif-api - Session ID: hk4tbv7mv7oti1bgm4jgvhcsfb
[17-Sep-2025 10:48:18 Europe/Zurich] tarif-api - Session content: {"user_id":2,"user_name":"test_admin","user_role":"admin"}
[17-Sep-2025 10:48:18 Europe/Zurich] 🔍 Utilisateur: ID=2, Role=admin, Auth=OUI
[17-Sep-2025 10:48:18 Europe/Zurich] ✅ tarif-api - Accès autorisé pour utilisateur: 2 (role: admin)
[17-Sep-2025 10:48:18 Europe/Zurich] 📥 tarif-api - GET unité par défaut pour service: 4
[17-Sep-2025 10:48:18 Europe/Zurich] 🔧 tarif-api - Resultat GET unité par défaut pour service: {"success":true,"id_unite":6}
[17-Sep-2025 10:48:18 Europe/Zurich] 🔧 Session cross-domain configurée - ID: hk4tbv7mv7oti1bgm4jgvhcsfb
[17-Sep-2025 10:48:18 Europe/Zurich] 🍪 Cookie params: {"lifetime":1800,"path":"\/","domain":"","secure":true,"httponly":false,"samesite":"None"}
[17-Sep-2025 10:48:18 Europe/Zurich] 🔍 User en session: 2
[17-Sep-2025 10:48:18 Europe/Zurich] 🔧 Setup CORS - Début
[17-Sep-2025 10:48:18 Europe/Zurich] - Mode: DÉVELOPPEMENT
[17-Sep-2025 10:48:18 Europe/Zurich] - Origin reçu: http://localhost:3000
[17-Sep-2025 10:48:18 Europe/Zurich] 🔍 Test d'autorisation pour origin: 'http://localhost:3000'
[17-Sep-2025 10:48:18 Europe/Zurich] 📝 Origins autorisées: ["http:\/\/localhost:3007","http:\/\/localhost:3000","http:\/\/127.0.0.1:3000","http:\/\/localhost:3007","https:\/\/dev-facturation"]
[17-Sep-2025 10:48:18 Europe/Zurich] ✅ Origin autorisé: http://localhost:3000
[17-Sep-2025 10:48:18 Europe/Zurich] 📤 En-têtes CORS envoyés:
[17-Sep-2025 10:48:18 Europe/Zurich] - Methods: GET, POST, PUT, DELETE, OPTIONS
[17-Sep-2025 10:48:18 Europe/Zurich] - Headers: Content-Type, Authorization, X-Requested-With
[17-Sep-2025 10:48:18 Europe/Zurich] - Credentials: true
[17-Sep-2025 10:48:18 Europe/Zurich] tarif-api - Méthode: GET
[17-Sep-2025 10:48:18 Europe/Zurich] tarif-api - URL complète: /fact-back/api/tarif-api.php?PHPSESSID=hk4tbv7mv7oti1bgm4jgvhcsfb&uniteDefautService=11&_ts=1758098897638
[17-Sep-2025 10:48:18 Europe/Zurich] tarif-api - Session ID: hk4tbv7mv7oti1bgm4jgvhcsfb
[17-Sep-2025 10:48:18 Europe/Zurich] tarif-api - Session content: {"user_id":2,"user_name":"test_admin","user_role":"admin"}
[17-Sep-2025 10:48:18 Europe/Zurich] 🔍 Utilisateur: ID=2, Role=admin, Auth=OUI
[17-Sep-2025 10:48:18 Europe/Zurich] ✅ tarif-api - Accès autorisé pour utilisateur: 2 (role: admin)
[17-Sep-2025 10:48:18 Europe/Zurich] 📥 tarif-api - GET unité par défaut pour service: 11
[17-Sep-2025 10:48:18 Europe/Zurich] 🔧 tarif-api - Resultat GET unité par défaut pour service: {"success":true,"id_unite":null}
[17-Sep-2025 10:48:18 Europe/Zurich] 🔧 Session cross-domain configurée - ID: hk4tbv7mv7oti1bgm4jgvhcsfb
[17-Sep-2025 10:48:18 Europe/Zurich] 🍪 Cookie params: {"lifetime":1800,"path":"\/","domain":"","secure":true,"httponly":false,"samesite":"None"}
[17-Sep-2025 10:48:18 Europe/Zurich] 🔍 User en session: 2
[17-Sep-2025 10:48:18 Europe/Zurich] 🔧 Setup CORS - Début
[17-Sep-2025 10:48:18 Europe/Zurich] - Mode: DÉVELOPPEMENT
[17-Sep-2025 10:48:18 Europe/Zurich] - Origin reçu: http://localhost:3000
[17-Sep-2025 10:48:18 Europe/Zurich] 🔍 Test d'autorisation pour origin: 'http://localhost:3000'
[17-Sep-2025 10:48:18 Europe/Zurich] 📝 Origins autorisées: ["http:\/\/localhost:3007","http:\/\/localhost:3000","http:\/\/127.0.0.1:3000","http:\/\/localhost:3007","https:\/\/dev-facturation"]
[17-Sep-2025 10:48:18 Europe/Zurich] ✅ Origin autorisé: http://localhost:3000
[17-Sep-2025 10:48:18 Europe/Zurich] 📤 En-têtes CORS envoyés:
[17-Sep-2025 10:48:18 Europe/Zurich] - Methods: GET, POST, PUT, DELETE, OPTIONS
[17-Sep-2025 10:48:18 Europe/Zurich] - Headers: Content-Type, Authorization, X-Requested-With
[17-Sep-2025 10:48:18 Europe/Zurich] - Credentials: true
[17-Sep-2025 10:48:18 Europe/Zurich] 🔄 Requête OPTIONS (preflight) - Réponse immédiate
[17-Sep-2025 10:48:18 Europe/Zurich] 🔑 tarif-api.php - Session ID forcé depuis URL: hk4tbv7mv7oti1bgm4jgvhcsfb
[17-Sep-2025 10:48:18 Europe/Zurich] 🔍 Session cross-domain analysis :
[17-Sep-2025 10:48:18 Europe/Zurich] - HTTP_ORIGIN: http://localhost:3000
[17-Sep-2025 10:48:18 Europe/Zurich] - HTTP_HOST: localhost
[17-Sep-2025 10:48:18 Europe/Zurich] - Is cross-domain: YES
[17-Sep-2025 10:48:18 Europe/Zurich] 🏠 Configuration same-domain appliquée
[17-Sep-2025 10:48:18 Europe/Zurich] 🔧 Session cross-domain configurée - ID: hk4tbv7mv7oti1bgm4jgvhcsfb
[17-Sep-2025 10:48:18 Europe/Zurich] 🍪 Cookie params: {"lifetime":1800,"path":"\/","domain":"","secure":true,"httponly":false,"samesite":"None"}
[17-Sep-2025 10:48:18 Europe/Zurich] 🔍 User en session: 2
[17-Sep-2025 10:48:18 Europe/Zurich] 🔧 Setup CORS - Début
[17-Sep-2025 10:48:18 Europe/Zurich] - Mode: DÉVELOPPEMENT
[17-Sep-2025 10:48:18 Europe/Zurich] - Origin reçu: http://localhost:3000
[17-Sep-2025 10:48:18 Europe/Zurich] 🔍 Test d'autorisation pour origin: 'http://localhost:3000'
[17-Sep-2025 10:48:18 Europe/Zurich] 📝 Origins autorisées: ["http:\/\/localhost:3007","http:\/\/localhost:3000","http:\/\/127.0.0.1:3000","http:\/\/localhost:3007","https:\/\/dev-facturation"]
[17-Sep-2025 10:48:18 Europe/Zurich] ✅ Origin autorisé: http://localhost:3000
[17-Sep-2025 10:48:18 Europe/Zurich] 📤 En-têtes CORS envoyés:
[17-Sep-2025 10:48:18 Europe/Zurich] - Methods: GET, POST, PUT, DELETE, OPTIONS
[17-Sep-2025 10:48:18 Europe/Zurich] - Headers: Content-Type, Authorization, X-Requested-With
[17-Sep-2025 10:48:18 Europe/Zurich] - Credentials: true
[17-Sep-2025 10:48:18 Europe/Zurich] tarif-api - Méthode: GET
[17-Sep-2025 10:48:18 Europe/Zurich] tarif-api - URL complète: /fact-back/api/tarif-api.php?PHPSESSID=hk4tbv7mv7oti1bgm4jgvhcsfb&uniteDefautService=3&_ts=1758098897732
[17-Sep-2025 10:48:18 Europe/Zurich] tarif-api - Session ID: hk4tbv7mv7oti1bgm4jgvhcsfb
[17-Sep-2025 10:48:18 Europe/Zurich] tarif-api - Session content: {"user_id":2,"user_name":"test_admin","user_role":"admin"}
[17-Sep-2025 10:48:18 Europe/Zurich] 🔍 Utilisateur: ID=2, Role=admin, Auth=OUI
[17-Sep-2025 10:48:18 Europe/Zurich] ✅ tarif-api - Accès autorisé pour utilisateur: 2 (role: admin)
[17-Sep-2025 10:48:18 Europe/Zurich] 📥 tarif-api - GET unité par défaut pour service: 3
[17-Sep-2025 10:48:18 Europe/Zurich] 🔧 tarif-api - Resultat GET unité par défaut pour service: {"success":true,"id_unite":7}
[17-Sep-2025 10:48:18 Europe/Zurich] 🔑 tarif-api.php - Session ID forcé depuis URL: hk4tbv7mv7oti1bgm4jgvhcsfb
[17-Sep-2025 10:48:18 Europe/Zurich] 🔑 tarif-api.php - Session ID forcé depuis URL: hk4tbv7mv7oti1bgm4jgvhcsfb
[17-Sep-2025 10:48:18 Europe/Zurich] 🔍 Session cross-domain analysis :
[17-Sep-2025 10:48:18 Europe/Zurich] 🔍 Session cross-domain analysis :
[17-Sep-2025 10:48:18 Europe/Zurich] - HTTP_ORIGIN: http://localhost:3000
[17-Sep-2025 10:48:18 Europe/Zurich] - HTTP_ORIGIN: http://localhost:3000
[17-Sep-2025 10:48:18 Europe/Zurich] - HTTP_HOST: localhost
[17-Sep-2025 10:48:18 Europe/Zurich] - HTTP_HOST: localhost
[17-Sep-2025 10:48:18 Europe/Zurich] - Is cross-domain: YES
[17-Sep-2025 10:48:18 Europe/Zurich] - Is cross-domain: YES
[17-Sep-2025 10:48:18 Europe/Zurich] 🏠 Configuration same-domain appliquée
[17-Sep-2025 10:48:18 Europe/Zurich] 🏠 Configuration same-domain appliquée
[17-Sep-2025 10:48:18 Europe/Zurich] 🔧 Session cross-domain configurée - ID: hk4tbv7mv7oti1bgm4jgvhcsfb
[17-Sep-2025 10:48:18 Europe/Zurich] 🍪 Cookie params: {"lifetime":1800,"path":"\/","domain":"","secure":true,"httponly":false,"samesite":"None"}
[17-Sep-2025 10:48:18 Europe/Zurich] 🔍 User en session: 2
[17-Sep-2025 10:48:18 Europe/Zurich] 🔧 Setup CORS - Début
[17-Sep-2025 10:48:18 Europe/Zurich] - Mode: DÉVELOPPEMENT
[17-Sep-2025 10:48:18 Europe/Zurich] - Origin reçu: http://localhost:3000
[17-Sep-2025 10:48:18 Europe/Zurich] 🔍 Test d'autorisation pour origin: 'http://localhost:3000'
[17-Sep-2025 10:48:18 Europe/Zurich] 📝 Origins autorisées: ["http:\/\/localhost:3007","http:\/\/localhost:3000","http:\/\/127.0.0.1:3000","http:\/\/localhost:3007","https:\/\/dev-facturation"]
[17-Sep-2025 10:48:18 Europe/Zurich] ✅ Origin autorisé: http://localhost:3000
[17-Sep-2025 10:48:18 Europe/Zurich] 📤 En-têtes CORS envoyés:
[17-Sep-2025 10:48:18 Europe/Zurich] - Methods: GET, POST, PUT, DELETE, OPTIONS
[17-Sep-2025 10:48:18 Europe/Zurich] - Headers: Content-Type, Authorization, X-Requested-With
[17-Sep-2025 10:48:18 Europe/Zurich] - Credentials: true
[17-Sep-2025 10:48:18 Europe/Zurich] tarif-api - Méthode: GET
[17-Sep-2025 10:48:18 Europe/Zurich] tarif-api - URL complète: /fact-back/api/tarif-api.php?PHPSESSID=hk4tbv7mv7oti1bgm4jgvhcsfb&uniteDefautService=5&_ts=1758098897731
[17-Sep-2025 10:48:18 Europe/Zurich] tarif-api - Session ID: hk4tbv7mv7oti1bgm4jgvhcsfb
[17-Sep-2025 10:48:18 Europe/Zurich] tarif-api - Session content: {"user_id":2,"user_name":"test_admin","user_role":"admin"}
[17-Sep-2025 10:48:18 Europe/Zurich] 🔍 Utilisateur: ID=2, Role=admin, Auth=OUI
[17-Sep-2025 10:48:18 Europe/Zurich] ✅ tarif-api - Accès autorisé pour utilisateur: 2 (role: admin)
[17-Sep-2025 10:48:18 Europe/Zurich] 📥 tarif-api - GET unité par défaut pour service: 5
[17-Sep-2025 10:48:18 Europe/Zurich] 🔧 tarif-api - Resultat GET unité par défaut pour service: {"success":true,"id_unite":17}
[17-Sep-2025 10:48:18 Europe/Zurich] 🔧 Session cross-domain configurée - ID: hk4tbv7mv7oti1bgm4jgvhcsfb
[17-Sep-2025 10:48:18 Europe/Zurich] 🍪 Cookie params: {"lifetime":1800,"path":"\/","domain":"","secure":true,"httponly":false,"samesite":"None"}
[17-Sep-2025 10:48:18 Europe/Zurich] 🔍 User en session: 2
[17-Sep-2025 10:48:18 Europe/Zurich] 🔧 Setup CORS - Début
[17-Sep-2025 10:48:18 Europe/Zurich] - Mode: DÉVELOPPEMENT
[17-Sep-2025 10:48:18 Europe/Zurich] - Origin reçu: http://localhost:3000
[17-Sep-2025 10:48:18 Europe/Zurich] 🔍 Test d'autorisation pour origin: 'http://localhost:3000'
[17-Sep-2025 10:48:18 Europe/Zurich] 📝 Origins autorisées: ["http:\/\/localhost:3007","http:\/\/localhost:3000","http:\/\/127.0.0.1:3000","http:\/\/localhost:3007","https:\/\/dev-facturation"]
[17-Sep-2025 10:48:18 Europe/Zurich] ✅ Origin autorisé: http://localhost:3000
[17-Sep-2025 10:48:18 Europe/Zurich] 📤 En-têtes CORS envoyés:
[17-Sep-2025 10:48:18 Europe/Zurich] - Methods: GET, POST, PUT, DELETE, OPTIONS
[17-Sep-2025 10:48:18 Europe/Zurich] - Headers: Content-Type, Authorization, X-Requested-With
[17-Sep-2025 10:48:18 Europe/Zurich] - Credentials: true
[17-Sep-2025 10:48:18 Europe/Zurich] tarif-api - Méthode: GET
[17-Sep-2025 10:48:18 Europe/Zurich] tarif-api - URL complète: /fact-back/api/tarif-api.php?PHPSESSID=hk4tbv7mv7oti1bgm4jgvhcsfb&uniteDefautService=2&_ts=1758098897729
[17-Sep-2025 10:48:18 Europe/Zurich] tarif-api - Session ID: hk4tbv7mv7oti1bgm4jgvhcsfb
[17-Sep-2025 10:48:18 Europe/Zurich] tarif-api - Session content: {"user_id":2,"user_name":"test_admin","user_role":"admin"}
[17-Sep-2025 10:48:18 Europe/Zurich] 🔍 Utilisateur: ID=2, Role=admin, Auth=OUI
[17-Sep-2025 10:48:18 Europe/Zurich] ✅ tarif-api - Accès autorisé pour utilisateur: 2 (role: admin)
[17-Sep-2025 10:48:18 Europe/Zurich] 📥 tarif-api - GET unité par défaut pour service: 2
[17-Sep-2025 10:48:18 Europe/Zurich] 🔧 tarif-api - Resultat GET unité par défaut pour service: {"success":true,"id_unite":6}
[17-Sep-2025 10:48:18 Europe/Zurich] 🔑 tarif-api.php - Session ID forcé depuis URL: hk4tbv7mv7oti1bgm4jgvhcsfb
[17-Sep-2025 10:48:18 Europe/Zurich] 🔍 Session cross-domain analysis :
[17-Sep-2025 10:48:18 Europe/Zurich] - HTTP_ORIGIN: http://localhost:3000
[17-Sep-2025 10:48:18 Europe/Zurich] - HTTP_HOST: localhost
[17-Sep-2025 10:48:18 Europe/Zurich] - Is cross-domain: YES
[17-Sep-2025 10:48:18 Europe/Zurich] 🏠 Configuration same-domain appliquée
[17-Sep-2025 10:48:18 Europe/Zurich] 🔑 tarif-api.php - Session ID forcé depuis URL: hk4tbv7mv7oti1bgm4jgvhcsfb
[17-Sep-2025 10:48:18 Europe/Zurich] 🔍 Session cross-domain analysis :
[17-Sep-2025 10:48:18 Europe/Zurich] 🔧 Session cross-domain configurée - ID: hk4tbv7mv7oti1bgm4jgvhcsfb
[17-Sep-2025 10:48:18 Europe/Zurich] - HTTP_ORIGIN: http://localhost:3000
[17-Sep-2025 10:48:18 Europe/Zurich] 🍪 Cookie params: {"lifetime":1800,"path":"\/","domain":"","secure":true,"httponly":false,"samesite":"None"}
[17-Sep-2025 10:48:18 Europe/Zurich] - HTTP_HOST: localhost
[17-Sep-2025 10:48:18 Europe/Zurich] 🔍 User en session: 2
[17-Sep-2025 10:48:18 Europe/Zurich] - Is cross-domain: YES
[17-Sep-2025 10:48:18 Europe/Zurich] 🔧 Setup CORS - Début
[17-Sep-2025 10:48:18 Europe/Zurich] 🏠 Configuration same-domain appliquée
[17-Sep-2025 10:48:18 Europe/Zurich] - Mode: DÉVELOPPEMENT
[17-Sep-2025 10:48:18 Europe/Zurich] - Origin reçu: http://localhost:3000
[17-Sep-2025 10:48:18 Europe/Zurich] 🔍 Test d'autorisation pour origin: 'http://localhost:3000'
[17-Sep-2025 10:48:18 Europe/Zurich] 📝 Origins autorisées: ["http:\/\/localhost:3007","http:\/\/localhost:3000","http:\/\/127.0.0.1:3000","http:\/\/localhost:3007","https:\/\/dev-facturation"]
[17-Sep-2025 10:48:18 Europe/Zurich] ✅ Origin autorisé: http://localhost:3000
[17-Sep-2025 10:48:18 Europe/Zurich] 📤 En-têtes CORS envoyés:
[17-Sep-2025 10:48:18 Europe/Zurich] - Methods: GET, POST, PUT, DELETE, OPTIONS
[17-Sep-2025 10:48:18 Europe/Zurich] - Headers: Content-Type, Authorization, X-Requested-With
[17-Sep-2025 10:48:18 Europe/Zurich] - Credentials: true
[17-Sep-2025 10:48:18 Europe/Zurich] tarif-api - Méthode: GET
[17-Sep-2025 10:48:18 Europe/Zurich] tarif-api - URL complète: /fact-back/api/tarif-api.php?PHPSESSID=hk4tbv7mv7oti1bgm4jgvhcsfb&uniteDefautService=1&_ts=1758098897733
[17-Sep-2025 10:48:18 Europe/Zurich] tarif-api - Session ID: hk4tbv7mv7oti1bgm4jgvhcsfb
[17-Sep-2025 10:48:18 Europe/Zurich] tarif-api - Session content: {"user_id":2,"user_name":"test_admin","user_role":"admin"}
[17-Sep-2025 10:48:18 Europe/Zurich] 🔍 Utilisateur: ID=2, Role=admin, Auth=OUI
[17-Sep-2025 10:48:18 Europe/Zurich] ✅ tarif-api - Accès autorisé pour utilisateur: 2 (role: admin)
[17-Sep-2025 10:48:18 Europe/Zurich] 📥 tarif-api - GET unité par défaut pour service: 1
[17-Sep-2025 10:48:18 Europe/Zurich] 🔧 tarif-api - Resultat GET unité par défaut pour service: {"success":true,"id_unite":1}
[17-Sep-2025 10:48:18 Europe/Zurich] 🔧 Session cross-domain configurée - ID: hk4tbv7mv7oti1bgm4jgvhcsfb
[17-Sep-2025 10:48:18 Europe/Zurich] 🍪 Cookie params: {"lifetime":1800,"path":"\/","domain":"","secure":true,"httponly":false,"samesite":"None"}
[17-Sep-2025 10:48:18 Europe/Zurich] 🔍 User en session: 2
[17-Sep-2025 10:48:18 Europe/Zurich] 🔧 Setup CORS - Début
[17-Sep-2025 10:48:18 Europe/Zurich] - Mode: DÉVELOPPEMENT
[17-Sep-2025 10:48:18 Europe/Zurich] - Origin reçu: http://localhost:3000
[17-Sep-2025 10:48:18 Europe/Zurich] 🔍 Test d'autorisation pour origin: 'http://localhost:3000'
[17-Sep-2025 10:48:18 Europe/Zurich] 📝 Origins autorisées: ["http:\/\/localhost:3007","http:\/\/localhost:3000","http:\/\/127.0.0.1:3000","http:\/\/localhost:3007","https:\/\/dev-facturation"]
[17-Sep-2025 10:48:18 Europe/Zurich] ✅ Origin autorisé: http://localhost:3000
[17-Sep-2025 10:48:18 Europe/Zurich] 📤 En-têtes CORS envoyés:
[17-Sep-2025 10:48:18 Europe/Zurich] - Methods: GET, POST, PUT, DELETE, OPTIONS
[17-Sep-2025 10:48:18 Europe/Zurich] 🔑 tarif-api.php - Session ID forcé depuis URL: hk4tbv7mv7oti1bgm4jgvhcsfb
[17-Sep-2025 10:48:18 Europe/Zurich] - Headers: Content-Type, Authorization, X-Requested-With
[17-Sep-2025 10:48:18 Europe/Zurich] 🔍 Session cross-domain analysis :
[17-Sep-2025 10:48:18 Europe/Zurich] - Credentials: true
[17-Sep-2025 10:48:18 Europe/Zurich] - HTTP_ORIGIN: http://localhost:3000
[17-Sep-2025 10:48:18 Europe/Zurich] - HTTP_HOST: localhost
[17-Sep-2025 10:48:18 Europe/Zurich] - Is cross-domain: YES
[17-Sep-2025 10:48:18 Europe/Zurich] 🏠 Configuration same-domain appliquée
[17-Sep-2025 10:48:18 Europe/Zurich] tarif-api - Méthode: GET
[17-Sep-2025 10:48:18 Europe/Zurich] tarif-api - URL complète: /fact-back/api/tarif-api.php?PHPSESSID=hk4tbv7mv7oti1bgm4jgvhcsfb&uniteDefautService=4&_ts=1758098897735
[17-Sep-2025 10:48:18 Europe/Zurich] tarif-api - Session ID: hk4tbv7mv7oti1bgm4jgvhcsfb
[17-Sep-2025 10:48:18 Europe/Zurich] tarif-api - Session content: {"user_id":2,"user_name":"test_admin","user_role":"admin"}
[17-Sep-2025 10:48:18 Europe/Zurich] 🔍 Utilisateur: ID=2, Role=admin, Auth=OUI
[17-Sep-2025 10:48:18 Europe/Zurich] ✅ tarif-api - Accès autorisé pour utilisateur: 2 (role: admin)
[17-Sep-2025 10:48:18 Europe/Zurich] 📥 tarif-api - GET unité par défaut pour service: 4
[17-Sep-2025 10:48:18 Europe/Zurich] 🔧 tarif-api - Resultat GET unité par défaut pour service: {"success":true,"id_unite":6}
[17-Sep-2025 10:48:18 Europe/Zurich] 🔧 Session cross-domain configurée - ID: hk4tbv7mv7oti1bgm4jgvhcsfb
[17-Sep-2025 10:48:18 Europe/Zurich] 🍪 Cookie params: {"lifetime":1800,"path":"\/","domain":"","secure":true,"httponly":false,"samesite":"None"}
[17-Sep-2025 10:48:18 Europe/Zurich] 🔍 User en session: 2
[17-Sep-2025 10:48:18 Europe/Zurich] 🔧 Setup CORS - Début
[17-Sep-2025 10:48:18 Europe/Zurich] - Mode: DÉVELOPPEMENT
[17-Sep-2025 10:48:18 Europe/Zurich] - Origin reçu: http://localhost:3000
[17-Sep-2025 10:48:18 Europe/Zurich] 🔍 Test d'autorisation pour origin: 'http://localhost:3000'
[17-Sep-2025 10:48:18 Europe/Zurich] 📝 Origins autorisées: ["http:\/\/localhost:3007","http:\/\/localhost:3000","http:\/\/127.0.0.1:3000","http:\/\/localhost:3007","https:\/\/dev-facturation"]
[17-Sep-2025 10:48:18 Europe/Zurich] ✅ Origin autorisé: http://localhost:3000
[17-Sep-2025 10:48:18 Europe/Zurich] 📤 En-têtes CORS envoyés:
[17-Sep-2025 10:48:18 Europe/Zurich] - Methods: GET, POST, PUT, DELETE, OPTIONS
[17-Sep-2025 10:48:18 Europe/Zurich] - Headers: Content-Type, Authorization, X-Requested-With
[17-Sep-2025 10:48:18 Europe/Zurich] - Credentials: true
[17-Sep-2025 10:48:18 Europe/Zurich] tarif-api - Méthode: GET
[17-Sep-2025 10:48:18 Europe/Zurich] tarif-api - URL complète: /fact-back/api/tarif-api.php?PHPSESSID=hk4tbv7mv7oti1bgm4jgvhcsfb&uniteDefautService=11&_ts=1758098897737
[17-Sep-2025 10:48:18 Europe/Zurich] tarif-api - Session ID: hk4tbv7mv7oti1bgm4jgvhcsfb
[17-Sep-2025 10:48:18 Europe/Zurich] tarif-api - Session content: {"user_id":2,"user_name":"test_admin","user_role":"admin"}
[17-Sep-2025 10:48:18 Europe/Zurich] 🔍 Utilisateur: ID=2, Role=admin, Auth=OUI
[17-Sep-2025 10:48:18 Europe/Zurich] ✅ tarif-api - Accès autorisé pour utilisateur: 2 (role: admin)
[17-Sep-2025 10:48:18 Europe/Zurich] 📥 tarif-api - GET unité par défaut pour service: 11
[17-Sep-2025 10:48:18 Europe/Zurich] 🔧 tarif-api - Resultat GET unité par défaut pour service: {"success":true,"id_unite":null}
[17-Sep-2025 10:48:33 Europe/Zurich] 🔑 auth-api.php - Session ID forcé depuis URL: hk4tbv7mv7oti1bgm4jgvhcsfb
[17-Sep-2025 10:48:33 Europe/Zurich] 🔍 Session cross-domain analysis :
[17-Sep-2025 10:48:33 Europe/Zurich] - HTTP_ORIGIN: http://localhost:3000
[17-Sep-2025 10:48:33 Europe/Zurich] - HTTP_HOST: localhost
[17-Sep-2025 10:48:33 Europe/Zurich] - Is cross-domain: YES
[17-Sep-2025 10:48:33 Europe/Zurich] 🏠 Configuration same-domain appliquée
[17-Sep-2025 10:48:33 Europe/Zurich] 🔧 Session cross-domain configurée - ID: hk4tbv7mv7oti1bgm4jgvhcsfb
[17-Sep-2025 10:48:33 Europe/Zurich] 🍪 Cookie params: {"lifetime":1800,"path":"\/","domain":"","secure":true,"httponly":false,"samesite":"None"}
[17-Sep-2025 10:48:33 Europe/Zurich] 🔍 User en session: 2
[17-Sep-2025 10:48:33 Europe/Zurich] 🔧 Setup CORS - Début
[17-Sep-2025 10:48:33 Europe/Zurich] - Mode: DÉVELOPPEMENT
[17-Sep-2025 10:48:33 Europe/Zurich] - Origin reçu: http://localhost:3000
[17-Sep-2025 10:48:33 Europe/Zurich] 🔍 Test d'autorisation pour origin: 'http://localhost:3000'
[17-Sep-2025 10:48:33 Europe/Zurich] 📝 Origins autorisées: ["http:\/\/localhost:3007","http:\/\/localhost:3000","http:\/\/127.0.0.1:3000","http:\/\/localhost:3007","https:\/\/dev-facturation"]
[17-Sep-2025 10:48:33 Europe/Zurich] ✅ Origin autorisé: http://localhost:3000
[17-Sep-2025 10:48:33 Europe/Zurich] 📤 En-têtes CORS envoyés:
[17-Sep-2025 10:48:33 Europe/Zurich] - Methods: GET, POST, PUT, DELETE, OPTIONS
[17-Sep-2025 10:48:33 Europe/Zurich] - Headers: Content-Type, Authorization, X-Requested-With
[17-Sep-2025 10:48:33 Europe/Zurich] - Credentials: true
[17-Sep-2025 10:48:33 Europe/Zurich] 🔄 Requête OPTIONS (preflight) - Réponse immédiate
[17-Sep-2025 10:48:33 Europe/Zurich] 🔑 auth-api.php - Session ID forcé depuis URL: hk4tbv7mv7oti1bgm4jgvhcsfb
[17-Sep-2025 10:48:33 Europe/Zurich] 🔍 Session cross-domain analysis :
[17-Sep-2025 10:48:33 Europe/Zurich] - HTTP_ORIGIN: http://localhost:3000
[17-Sep-2025 10:48:33 Europe/Zurich] - HTTP_HOST: localhost
[17-Sep-2025 10:48:33 Europe/Zurich] - Is cross-domain: YES
[17-Sep-2025 10:48:33 Europe/Zurich] 🏠 Configuration same-domain appliquée
[17-Sep-2025 10:48:33 Europe/Zurich] 🔧 Session cross-domain configurée - ID: hk4tbv7mv7oti1bgm4jgvhcsfb
[17-Sep-2025 10:48:33 Europe/Zurich] 🍪 Cookie params: {"lifetime":1800,"path":"\/","domain":"","secure":true,"httponly":false,"samesite":"None"}
[17-Sep-2025 10:48:33 Europe/Zurich] 🔍 User en session: 2
[17-Sep-2025 10:48:33 Europe/Zurich] 🔧 Setup CORS - Début
[17-Sep-2025 10:48:33 Europe/Zurich] - Mode: DÉVELOPPEMENT
[17-Sep-2025 10:48:33 Europe/Zurich] - Origin reçu: http://localhost:3000
[17-Sep-2025 10:48:33 Europe/Zurich] 🔍 Test d'autorisation pour origin: 'http://localhost:3000'
[17-Sep-2025 10:48:33 Europe/Zurich] 📝 Origins autorisées: ["http:\/\/localhost:3007","http:\/\/localhost:3000","http:\/\/127.0.0.1:3000","http:\/\/localhost:3007","https:\/\/dev-facturation"]
[17-Sep-2025 10:48:33 Europe/Zurich] ✅ Origin autorisé: http://localhost:3000
[17-Sep-2025 10:48:33 Europe/Zurich] 📤 En-têtes CORS envoyés:
[17-Sep-2025 10:48:33 Europe/Zurich] - Methods: GET, POST, PUT, DELETE, OPTIONS
[17-Sep-2025 10:48:33 Europe/Zurich] - Headers: Content-Type, Authorization, X-Requested-With
[17-Sep-2025 10:48:33 Europe/Zurich] - Credentials: true
[17-Sep-2025 10:48:33 Europe/Zurich] auth-api - Chargement de la configuration
[17-Sep-2025 10:48:33 Europe/Zurich] auth-api - Configuration: {"app_name":"Centre La Grange","debug_mode":true,"version":"1.5.0","session_lifetime":1800,"database":{"host":"localhost","name":"factlagrange","user":"root","pass":"vo6ZQHsCp6%q883R"},"react":{"host":"localhost","port":"3007","url":"http:\/\/localhost:3007","build_dir":"build"},"cors":{"origin":"http:\/\/127.0.0.1:3007,http:\/\/localhost:3007","methods":"GET, POST, PUT, DELETE, OPTIONS","headers":"Content-Type, Authorization, X-Requested-With","credentials":"true"},"logs":{"dir":"C:\\wamp64\\www\\fact-back\\logs","enabled":true,"level":"debug"}}
[17-Sep-2025 10:48:33 Europe/Zurich] auth-api - Méthode: DELETE
[17-Sep-2025 10:48:33 Europe/Zurich] auth-api - URL complète: /fact-back/api/auth-api.php?PHPSESSID=hk4tbv7mv7oti1bgm4jgvhcsfb&logout=1
[17-Sep-2025 10:48:33 Europe/Zurich] auth-api - Origin: http://localhost:3000
[17-Sep-2025 10:48:33 Europe/Zurich] auth-api - Paramètres GET: {"PHPSESSID":"hk4tbv7mv7oti1bgm4jgvhcsfb","logout":"1"}
[17-Sep-2025 10:48:33 Europe/Zurich] auth-api - Session ID: hk4tbv7mv7oti1bgm4jgvhcsfb
[17-Sep-2025 10:48:33 Europe/Zurich] auth-api - Session status: 2
[17-Sep-2025 10:48:33 Europe/Zurich] auth-api - Session content: {"user_id":2,"user_name":"test_admin","user_role":"admin"}
[17-Sep-2025 10:48:33 Europe/Zurich] 🔍 auth-api - Session initialisée par bootstrap.php
[17-Sep-2025 10:48:33 Europe/Zurich] auth-api - Action: , Method: DELETE
[17-Sep-2025 10:48:33 Europe/Zurich] auth-api - Flags: login=, logout=1, check=, users=, admin=
[17-Sep-2025 10:48:33 Europe/Zurich] auth-api - Session trouvée - User ID: 2, Role: admin
[17-Sep-2025 10:48:40 Europe/Zurich] 🔑 auth-api.php - Session ID forcé depuis URL: hk4tbv7mv7oti1bgm4jgvhcsfb
[17-Sep-2025 10:48:40 Europe/Zurich] 🔍 Session cross-domain analysis :
[17-Sep-2025 10:48:40 Europe/Zurich] - HTTP_ORIGIN: http://localhost:3000
[17-Sep-2025 10:48:40 Europe/Zurich] - HTTP_HOST: localhost
[17-Sep-2025 10:48:40 Europe/Zurich] - Is cross-domain: YES
[17-Sep-2025 10:48:40 Europe/Zurich] 🏠 Configuration same-domain appliquée
[17-Sep-2025 10:48:40 Europe/Zurich] 🔧 Session cross-domain configurée - ID: 5qc87vnn932hcmbctkqim7na1m
[17-Sep-2025 10:48:40 Europe/Zurich] 🍪 Cookie params: {"lifetime":1800,"path":"\/","domain":"","secure":true,"httponly":false,"samesite":"None"}
[17-Sep-2025 10:48:40 Europe/Zurich] 🔍 User en session: NON CONNECTÉ
[17-Sep-2025 10:48:40 Europe/Zurich] 🔧 Setup CORS - Début
[17-Sep-2025 10:48:40 Europe/Zurich] - Mode: DÉVELOPPEMENT
[17-Sep-2025 10:48:40 Europe/Zurich] - Origin reçu: http://localhost:3000
[17-Sep-2025 10:48:40 Europe/Zurich] 🔍 Test d'autorisation pour origin: 'http://localhost:3000'
[17-Sep-2025 10:48:40 Europe/Zurich] 📝 Origins autorisées: ["http:\/\/localhost:3007","http:\/\/localhost:3000","http:\/\/127.0.0.1:3000","http:\/\/localhost:3007","https:\/\/dev-facturation"]
[17-Sep-2025 10:48:40 Europe/Zurich] ✅ Origin autorisé: http://localhost:3000
[17-Sep-2025 10:48:40 Europe/Zurich] 📤 En-têtes CORS envoyés:
[17-Sep-2025 10:48:40 Europe/Zurich] - Methods: GET, POST, PUT, DELETE, OPTIONS
[17-Sep-2025 10:48:40 Europe/Zurich] - Headers: Content-Type, Authorization, X-Requested-With
[17-Sep-2025 10:48:40 Europe/Zurich] - Credentials: true
[17-Sep-2025 10:48:40 Europe/Zurich] 🔄 Requête OPTIONS (preflight) - Réponse immédiate
[17-Sep-2025 10:48:40 Europe/Zurich] 🔑 auth-api.php - Session ID forcé depuis URL: hk4tbv7mv7oti1bgm4jgvhcsfb
[17-Sep-2025 10:48:40 Europe/Zurich] 🔍 Session cross-domain analysis :
[17-Sep-2025 10:48:40 Europe/Zurich] - HTTP_ORIGIN: http://localhost:3000
[17-Sep-2025 10:48:40 Europe/Zurich] - HTTP_HOST: localhost
[17-Sep-2025 10:48:40 Europe/Zurich] - Is cross-domain: YES
[17-Sep-2025 10:48:40 Europe/Zurich] 🏠 Configuration same-domain appliquée
[17-Sep-2025 10:48:40 Europe/Zurich] 🔧 Session cross-domain configurée - ID: mb012fsotitcougm1324tp1nnm
[17-Sep-2025 10:48:40 Europe/Zurich] 🍪 Cookie params: {"lifetime":1800,"path":"\/","domain":"","secure":true,"httponly":false,"samesite":"None"}
[17-Sep-2025 10:48:40 Europe/Zurich] 🔍 User en session: NON CONNECTÉ
[17-Sep-2025 10:48:40 Europe/Zurich] 🔧 Setup CORS - Début
[17-Sep-2025 10:48:40 Europe/Zurich] - Mode: DÉVELOPPEMENT
[17-Sep-2025 10:48:40 Europe/Zurich] - Origin reçu: http://localhost:3000
[17-Sep-2025 10:48:40 Europe/Zurich] 🔍 Test d'autorisation pour origin: 'http://localhost:3000'
[17-Sep-2025 10:48:40 Europe/Zurich] 📝 Origins autorisées: ["http:\/\/localhost:3007","http:\/\/localhost:3000","http:\/\/127.0.0.1:3000","http:\/\/localhost:3007","https:\/\/dev-facturation"]
[17-Sep-2025 10:48:40 Europe/Zurich] ✅ Origin autorisé: http://localhost:3000
[17-Sep-2025 10:48:40 Europe/Zurich] 📤 En-têtes CORS envoyés:
[17-Sep-2025 10:48:40 Europe/Zurich] - Methods: GET, POST, PUT, DELETE, OPTIONS
[17-Sep-2025 10:48:40 Europe/Zurich] - Headers: Content-Type, Authorization, X-Requested-With
[17-Sep-2025 10:48:40 Europe/Zurich] - Credentials: true
[17-Sep-2025 10:48:40 Europe/Zurich] auth-api - Chargement de la configuration
[17-Sep-2025 10:48:40 Europe/Zurich] auth-api - Configuration: {"app_name":"Centre La Grange","debug_mode":true,"version":"1.5.0","session_lifetime":1800,"database":{"host":"localhost","name":"factlagrange","user":"root","pass":"vo6ZQHsCp6%q883R"},"react":{"host":"localhost","port":"3007","url":"http:\/\/localhost:3007","build_dir":"build"},"cors":{"origin":"http:\/\/127.0.0.1:3007,http:\/\/localhost:3007","methods":"GET, POST, PUT, DELETE, OPTIONS","headers":"Content-Type, Authorization, X-Requested-With","credentials":"true"},"logs":{"dir":"C:\\wamp64\\www\\fact-back\\logs","enabled":true,"level":"debug"}}
[17-Sep-2025 10:48:40 Europe/Zurich] auth-api - Méthode: POST
[17-Sep-2025 10:48:40 Europe/Zurich] auth-api - URL complète: /fact-back/api/auth-api.php?PHPSESSID=hk4tbv7mv7oti1bgm4jgvhcsfb&login=1
[17-Sep-2025 10:48:40 Europe/Zurich] auth-api - Origin: http://localhost:3000
[17-Sep-2025 10:48:40 Europe/Zurich] auth-api - Paramètres GET: {"PHPSESSID":"hk4tbv7mv7oti1bgm4jgvhcsfb","login":"1"}
[17-Sep-2025 10:48:40 Europe/Zurich] auth-api - Session ID: mb012fsotitcougm1324tp1nnm
[17-Sep-2025 10:48:40 Europe/Zurich] auth-api - Session status: 2
[17-Sep-2025 10:48:40 Europe/Zurich] auth-api - Session content: []
[17-Sep-2025 10:48:40 Europe/Zurich] 🔍 auth-api - Session initialisée par bootstrap.php
[17-Sep-2025 10:48:40 Europe/Zurich] auth-api - Action: , Method: POST
[17-Sep-2025 10:48:40 Europe/Zurich] auth-api - Flags: login=1, logout=, check=, users=, admin=
[17-Sep-2025 10:48:40 Europe/Zurich] ✅ ActivityLogsControleur::validateAndTruncateLogData - Validation des données de log
[17-Sep-2025 10:48:40 Europe/Zurich] ✅ Données reçues: Array
(
    [user_id] => 2
    [user_name] => test_admin
    [action_type] => auth_login
    [description] => Connexion de l'utilisateur test_admin
    [severity] => info
    [ip_address] => ::1
    [user_agent] => Mozilla/5.0 (Windows NT 10.0; Win64; x64) AppleWebKit/537.36 (KHTML, like Gecko) Chrome/140.0.0.0 Safari/537.36
)

[17-Sep-2025 10:48:40 Europe/Zurich] ✅ ActivityLogsControleur::insertLog - Log inséré: auth_login
[17-Sep-2025 10:48:40 Europe/Zurich] auth-api - Connexion réussie pour: test_admin
[17-Sep-2025 10:48:41 Europe/Zurich] 🔑 auth-api.php - Session ID forcé depuis URL: mb012fsotitcougm1324tp1nnm
[17-Sep-2025 10:48:41 Europe/Zurich] 🔍 Session cross-domain analysis :
[17-Sep-2025 10:48:41 Europe/Zurich] - HTTP_ORIGIN: http://localhost:3000
[17-Sep-2025 10:48:41 Europe/Zurich] - HTTP_HOST: localhost
[17-Sep-2025 10:48:41 Europe/Zurich] - Is cross-domain: YES
[17-Sep-2025 10:48:41 Europe/Zurich] 🏠 Configuration same-domain appliquée
[17-Sep-2025 10:48:41 Europe/Zurich] 🔧 Session cross-domain configurée - ID: mb012fsotitcougm1324tp1nnm
[17-Sep-2025 10:48:41 Europe/Zurich] 🍪 Cookie params: {"lifetime":1800,"path":"\/","domain":"","secure":true,"httponly":false,"samesite":"None"}
[17-Sep-2025 10:48:41 Europe/Zurich] 🔍 User en session: 2
[17-Sep-2025 10:48:41 Europe/Zurich] 🔧 Setup CORS - Début
[17-Sep-2025 10:48:41 Europe/Zurich] - Mode: DÉVELOPPEMENT
[17-Sep-2025 10:48:41 Europe/Zurich] - Origin reçu: http://localhost:3000
[17-Sep-2025 10:48:41 Europe/Zurich] 🔍 Test d'autorisation pour origin: 'http://localhost:3000'
[17-Sep-2025 10:48:41 Europe/Zurich] 📝 Origins autorisées: ["http:\/\/localhost:3007","http:\/\/localhost:3000","http:\/\/127.0.0.1:3000","http:\/\/localhost:3007","https:\/\/dev-facturation"]
[17-Sep-2025 10:48:41 Europe/Zurich] ✅ Origin autorisé: http://localhost:3000
[17-Sep-2025 10:48:41 Europe/Zurich] 📤 En-têtes CORS envoyés:
[17-Sep-2025 10:48:41 Europe/Zurich] - Methods: GET, POST, PUT, DELETE, OPTIONS
[17-Sep-2025 10:48:41 Europe/Zurich] - Headers: Content-Type, Authorization, X-Requested-With
[17-Sep-2025 10:48:41 Europe/Zurich] - Credentials: true
[17-Sep-2025 10:48:41 Europe/Zurich] 🔄 Requête OPTIONS (preflight) - Réponse immédiate
[17-Sep-2025 10:48:41 Europe/Zurich] 🔑 auth-api.php - Session ID forcé depuis URL: mb012fsotitcougm1324tp1nnm
[17-Sep-2025 10:48:41 Europe/Zurich] 🔍 Session cross-domain analysis :
[17-Sep-2025 10:48:41 Europe/Zurich] - HTTP_ORIGIN: http://localhost:3000
[17-Sep-2025 10:48:41 Europe/Zurich] - HTTP_HOST: localhost
[17-Sep-2025 10:48:41 Europe/Zurich] - Is cross-domain: YES
[17-Sep-2025 10:48:41 Europe/Zurich] 🏠 Configuration same-domain appliquée
[17-Sep-2025 10:48:41 Europe/Zurich] 🔧 Session cross-domain configurée - ID: mb012fsotitcougm1324tp1nnm
[17-Sep-2025 10:48:41 Europe/Zurich] 🍪 Cookie params: {"lifetime":1800,"path":"\/","domain":"","secure":true,"httponly":false,"samesite":"None"}
[17-Sep-2025 10:48:41 Europe/Zurich] 🔍 User en session: 2
[17-Sep-2025 10:48:41 Europe/Zurich] 🔧 Setup CORS - Début
[17-Sep-2025 10:48:41 Europe/Zurich] - Mode: DÉVELOPPEMENT
[17-Sep-2025 10:48:41 Europe/Zurich] - Origin reçu: http://localhost:3000
[17-Sep-2025 10:48:41 Europe/Zurich] 🔍 Test d'autorisation pour origin: 'http://localhost:3000'
[17-Sep-2025 10:48:41 Europe/Zurich] 📝 Origins autorisées: ["http:\/\/localhost:3007","http:\/\/localhost:3000","http:\/\/127.0.0.1:3000","http:\/\/localhost:3007","https:\/\/dev-facturation"]
[17-Sep-2025 10:48:41 Europe/Zurich] ✅ Origin autorisé: http://localhost:3000
[17-Sep-2025 10:48:41 Europe/Zurich] 📤 En-têtes CORS envoyés:
[17-Sep-2025 10:48:41 Europe/Zurich] - Methods: GET, POST, PUT, DELETE, OPTIONS
[17-Sep-2025 10:48:41 Europe/Zurich] - Headers: Content-Type, Authorization, X-Requested-With
[17-Sep-2025 10:48:41 Europe/Zurich] - Credentials: true
[17-Sep-2025 10:48:41 Europe/Zurich] auth-api - Chargement de la configuration
[17-Sep-2025 10:48:41 Europe/Zurich] auth-api - Configuration: {"app_name":"Centre La Grange","debug_mode":true,"version":"1.5.0","session_lifetime":1800,"database":{"host":"localhost","name":"factlagrange","user":"root","pass":"vo6ZQHsCp6%q883R"},"react":{"host":"localhost","port":"3007","url":"http:\/\/localhost:3007","build_dir":"build"},"cors":{"origin":"http:\/\/127.0.0.1:3007,http:\/\/localhost:3007","methods":"GET, POST, PUT, DELETE, OPTIONS","headers":"Content-Type, Authorization, X-Requested-With","credentials":"true"},"logs":{"dir":"C:\\wamp64\\www\\fact-back\\logs","enabled":true,"level":"debug"}}
[17-Sep-2025 10:48:41 Europe/Zurich] auth-api - Méthode: GET
[17-Sep-2025 10:48:41 Europe/Zurich] auth-api - URL complète: /fact-back/api/auth-api.php?PHPSESSID=mb012fsotitcougm1324tp1nnm&check_session=1&_ts=1758098920821
[17-Sep-2025 10:48:41 Europe/Zurich] auth-api - Origin: http://localhost:3000
[17-Sep-2025 10:48:41 Europe/Zurich] auth-api - Paramètres GET: {"PHPSESSID":"mb012fsotitcougm1324tp1nnm","check_session":"1","_ts":"1758098920821"}
[17-Sep-2025 10:48:41 Europe/Zurich] auth-api - Session ID: mb012fsotitcougm1324tp1nnm
[17-Sep-2025 10:48:41 Europe/Zurich] auth-api - Session status: 2
[17-Sep-2025 10:48:41 Europe/Zurich] auth-api - Session content: {"user_id":2,"user_name":"test_admin","user_role":"admin"}
[17-Sep-2025 10:48:41 Europe/Zurich] 🔍 auth-api - Session initialisée par bootstrap.php
[17-Sep-2025 10:48:41 Europe/Zurich] auth-api - Action: , Method: GET
[17-Sep-2025 10:48:41 Europe/Zurich] auth-api - Flags: login=, logout=, check=1, users=, admin=
[17-Sep-2025 10:48:41 Europe/Zurich] auth-api - Session trouvée - User ID: 2, Role: admin
[17-Sep-2025 10:48:41 Europe/Zurich] 🔑 facture-api.php - Session ID forcé depuis URL: mb012fsotitcougm1324tp1nnm
[17-Sep-2025 10:48:41 Europe/Zurich] 🔍 Session cross-domain analysis :
[17-Sep-2025 10:48:41 Europe/Zurich] - HTTP_ORIGIN: http://localhost:3000
[17-Sep-2025 10:48:41 Europe/Zurich] - HTTP_HOST: localhost
[17-Sep-2025 10:48:41 Europe/Zurich] - Is cross-domain: YES
[17-Sep-2025 10:48:41 Europe/Zurich] 🏠 Configuration same-domain appliquée
[17-Sep-2025 10:48:41 Europe/Zurich] 🔧 Session cross-domain configurée - ID: mb012fsotitcougm1324tp1nnm
[17-Sep-2025 10:48:41 Europe/Zurich] 🍪 Cookie params: {"lifetime":1800,"path":"\/","domain":"","secure":true,"httponly":false,"samesite":"None"}
[17-Sep-2025 10:48:41 Europe/Zurich] 🔍 User en session: 2
[17-Sep-2025 10:48:41 Europe/Zurich] 🔧 Setup CORS - Début
[17-Sep-2025 10:48:41 Europe/Zurich] - Mode: DÉVELOPPEMENT
[17-Sep-2025 10:48:41 Europe/Zurich] - Origin reçu: http://localhost:3000
[17-Sep-2025 10:48:41 Europe/Zurich] 🔍 Test d'autorisation pour origin: 'http://localhost:3000'
[17-Sep-2025 10:48:41 Europe/Zurich] 📝 Origins autorisées: ["http:\/\/localhost:3007","http:\/\/localhost:3000","http:\/\/127.0.0.1:3000","http:\/\/localhost:3007","https:\/\/dev-facturation"]
[17-Sep-2025 10:48:41 Europe/Zurich] ✅ Origin autorisé: http://localhost:3000
[17-Sep-2025 10:48:41 Europe/Zurich] 📤 En-têtes CORS envoyés:
[17-Sep-2025 10:48:41 Europe/Zurich] - Methods: GET, POST, PUT, DELETE, OPTIONS
[17-Sep-2025 10:48:41 Europe/Zurich] - Headers: Content-Type, Authorization, X-Requested-With
[17-Sep-2025 10:48:41 Europe/Zurich] - Credentials: true
[17-Sep-2025 10:48:41 Europe/Zurich] 🔄 Requête OPTIONS (preflight) - Réponse immédiate
[17-Sep-2025 10:48:41 Europe/Zurich] 🔑 facture-api.php - Session ID forcé depuis URL: mb012fsotitcougm1324tp1nnm
[17-Sep-2025 10:48:41 Europe/Zurich] 🔍 Session cross-domain analysis :
[17-Sep-2025 10:48:41 Europe/Zurich] - HTTP_ORIGIN: http://localhost:3000
[17-Sep-2025 10:48:41 Europe/Zurich] - HTTP_HOST: localhost
[17-Sep-2025 10:48:41 Europe/Zurich] - Is cross-domain: YES
[17-Sep-2025 10:48:41 Europe/Zurich] 🏠 Configuration same-domain appliquée
[17-Sep-2025 10:48:41 Europe/Zurich] 🔧 Session cross-domain configurée - ID: mb012fsotitcougm1324tp1nnm
[17-Sep-2025 10:48:41 Europe/Zurich] 🍪 Cookie params: {"lifetime":1800,"path":"\/","domain":"","secure":true,"httponly":false,"samesite":"None"}
[17-Sep-2025 10:48:41 Europe/Zurich] 🔍 User en session: 2
[17-Sep-2025 10:48:41 Europe/Zurich] 🔧 Setup CORS - Début
[17-Sep-2025 10:48:41 Europe/Zurich] 🔑 parametre-api.php - Session ID forcé depuis URL: mb012fsotitcougm1324tp1nnm
[17-Sep-2025 10:48:41 Europe/Zurich] - Mode: DÉVELOPPEMENT
[17-Sep-2025 10:48:41 Europe/Zurich] 🔑 client-api.php - Session ID forcé depuis URL: mb012fsotitcougm1324tp1nnm
[17-Sep-2025 10:48:41 Europe/Zurich] 🔑 client-api.php - Session ID forcé depuis URL: mb012fsotitcougm1324tp1nnm
[17-Sep-2025 10:48:41 Europe/Zurich] 🔑 client-api.php - Session ID forcé depuis URL: mb012fsotitcougm1324tp1nnm
[17-Sep-2025 10:48:41 Europe/Zurich] 🔍 Session cross-domain analysis :
[17-Sep-2025 10:48:41 Europe/Zurich] - Origin reçu: http://localhost:3000
[17-Sep-2025 10:48:41 Europe/Zurich] 🔍 Session cross-domain analysis :
[17-Sep-2025 10:48:41 Europe/Zurich] 🔍 Session cross-domain analysis :
[17-Sep-2025 10:48:41 Europe/Zurich] 🔍 Session cross-domain analysis :
[17-Sep-2025 10:48:41 Europe/Zurich] - HTTP_ORIGIN: http://localhost:3000
[17-Sep-2025 10:48:41 Europe/Zurich] 🔍 Test d'autorisation pour origin: 'http://localhost:3000'
[17-Sep-2025 10:48:41 Europe/Zurich] - HTTP_ORIGIN: http://localhost:3000
[17-Sep-2025 10:48:41 Europe/Zurich] - HTTP_ORIGIN: http://localhost:3000
[17-Sep-2025 10:48:41 Europe/Zurich] - HTTP_ORIGIN: http://localhost:3000
[17-Sep-2025 10:48:41 Europe/Zurich] - HTTP_HOST: localhost
[17-Sep-2025 10:48:41 Europe/Zurich] 📝 Origins autorisées: ["http:\/\/localhost:3007","http:\/\/localhost:3000","http:\/\/127.0.0.1:3000","http:\/\/localhost:3007","https:\/\/dev-facturation"]
[17-Sep-2025 10:48:41 Europe/Zurich] - HTTP_HOST: localhost
[17-Sep-2025 10:48:41 Europe/Zurich] - HTTP_HOST: localhost
[17-Sep-2025 10:48:41 Europe/Zurich] - HTTP_HOST: localhost
[17-Sep-2025 10:48:41 Europe/Zurich] - Is cross-domain: YES
[17-Sep-2025 10:48:41 Europe/Zurich] ✅ Origin autorisé: http://localhost:3000
[17-Sep-2025 10:48:41 Europe/Zurich] - Is cross-domain: YES
[17-Sep-2025 10:48:41 Europe/Zurich] - Is cross-domain: YES
[17-Sep-2025 10:48:41 Europe/Zurich] - Is cross-domain: YES
[17-Sep-2025 10:48:41 Europe/Zurich] 🏠 Configuration same-domain appliquée
[17-Sep-2025 10:48:41 Europe/Zurich] 📤 En-têtes CORS envoyés:
[17-Sep-2025 10:48:41 Europe/Zurich] 🏠 Configuration same-domain appliquée
[17-Sep-2025 10:48:41 Europe/Zurich] 🏠 Configuration same-domain appliquée
[17-Sep-2025 10:48:41 Europe/Zurich] 🏠 Configuration same-domain appliquée
[17-Sep-2025 10:48:41 Europe/Zurich] - Methods: GET, POST, PUT, DELETE, OPTIONS
[17-Sep-2025 10:48:41 Europe/Zurich] - Headers: Content-Type, Authorization, X-Requested-With
[17-Sep-2025 10:48:41 Europe/Zurich] - Credentials: true
[17-Sep-2025 10:48:41 Europe/Zurich] 🔄 Requête OPTIONS (preflight) - Réponse immédiate
[17-Sep-2025 10:48:41 Europe/Zurich] 🔧 Session cross-domain configurée - ID: mb012fsotitcougm1324tp1nnm
[17-Sep-2025 10:48:41 Europe/Zurich] 🍪 Cookie params: {"lifetime":1800,"path":"\/","domain":"","secure":true,"httponly":false,"samesite":"None"}
[17-Sep-2025 10:48:41 Europe/Zurich] 🔍 User en session: 2
[17-Sep-2025 10:48:41 Europe/Zurich] 🔧 Setup CORS - Début
[17-Sep-2025 10:48:41 Europe/Zurich] - Mode: DÉVELOPPEMENT
[17-Sep-2025 10:48:41 Europe/Zurich] - Origin reçu: http://localhost:3000
[17-Sep-2025 10:48:41 Europe/Zurich] 🔍 Test d'autorisation pour origin: 'http://localhost:3000'
[17-Sep-2025 10:48:41 Europe/Zurich] 📝 Origins autorisées: ["http:\/\/localhost:3007","http:\/\/localhost:3000","http:\/\/127.0.0.1:3000","http:\/\/localhost:3007","https:\/\/dev-facturation"]
[17-Sep-2025 10:48:41 Europe/Zurich] ✅ Origin autorisé: http://localhost:3000
[17-Sep-2025 10:48:41 Europe/Zurich] 📤 En-têtes CORS envoyés:
[17-Sep-2025 10:48:41 Europe/Zurich] - Methods: GET, POST, PUT, DELETE, OPTIONS
[17-Sep-2025 10:48:41 Europe/Zurich] - Headers: Content-Type, Authorization, X-Requested-With
[17-Sep-2025 10:48:41 Europe/Zurich] - Credentials: true
[17-Sep-2025 10:48:41 Europe/Zurich] 🔄 Requête OPTIONS (preflight) - Réponse immédiate
[17-Sep-2025 10:48:41 Europe/Zurich] 🔧 Session cross-domain configurée - ID: mb012fsotitcougm1324tp1nnm
[17-Sep-2025 10:48:41 Europe/Zurich] 🍪 Cookie params: {"lifetime":1800,"path":"\/","domain":"","secure":true,"httponly":false,"samesite":"None"}
[17-Sep-2025 10:48:41 Europe/Zurich] 🔍 User en session: 2
[17-Sep-2025 10:48:41 Europe/Zurich] 🔧 Setup CORS - Début
[17-Sep-2025 10:48:41 Europe/Zurich] - Mode: DÉVELOPPEMENT
[17-Sep-2025 10:48:41 Europe/Zurich] - Origin reçu: http://localhost:3000
[17-Sep-2025 10:48:41 Europe/Zurich] 🔍 Test d'autorisation pour origin: 'http://localhost:3000'
[17-Sep-2025 10:48:41 Europe/Zurich] 📝 Origins autorisées: ["http:\/\/localhost:3007","http:\/\/localhost:3000","http:\/\/127.0.0.1:3000","http:\/\/localhost:3007","https:\/\/dev-facturation"]
[17-Sep-2025 10:48:41 Europe/Zurich] ✅ Origin autorisé: http://localhost:3000
[17-Sep-2025 10:48:41 Europe/Zurich] 📤 En-têtes CORS envoyés:
[17-Sep-2025 10:48:41 Europe/Zurich] - Methods: GET, POST, PUT, DELETE, OPTIONS
[17-Sep-2025 10:48:41 Europe/Zurich] - Headers: Content-Type, Authorization, X-Requested-With
[17-Sep-2025 10:48:41 Europe/Zurich] - Credentials: true
[17-Sep-2025 10:48:41 Europe/Zurich] 🔄 Requête OPTIONS (preflight) - Réponse immédiate
[17-Sep-2025 10:48:41 Europe/Zurich] 🔧 Session cross-domain configurée - ID: mb012fsotitcougm1324tp1nnm
[17-Sep-2025 10:48:41 Europe/Zurich] 🍪 Cookie params: {"lifetime":1800,"path":"\/","domain":"","secure":true,"httponly":false,"samesite":"None"}
[17-Sep-2025 10:48:41 Europe/Zurich] 🔍 User en session: 2
[17-Sep-2025 10:48:41 Europe/Zurich] 🔧 Setup CORS - Début
[17-Sep-2025 10:48:41 Europe/Zurich] - Mode: DÉVELOPPEMENT
[17-Sep-2025 10:48:41 Europe/Zurich] - Origin reçu: http://localhost:3000
[17-Sep-2025 10:48:41 Europe/Zurich] 🔍 Test d'autorisation pour origin: 'http://localhost:3000'
[17-Sep-2025 10:48:41 Europe/Zurich] 📝 Origins autorisées: ["http:\/\/localhost:3007","http:\/\/localhost:3000","http:\/\/127.0.0.1:3000","http:\/\/localhost:3007","https:\/\/dev-facturation"]
[17-Sep-2025 10:48:41 Europe/Zurich] ✅ Origin autorisé: http://localhost:3000
[17-Sep-2025 10:48:41 Europe/Zurich] 📤 En-têtes CORS envoyés:
[17-Sep-2025 10:48:41 Europe/Zurich] - Methods: GET, POST, PUT, DELETE, OPTIONS
[17-Sep-2025 10:48:41 Europe/Zurich] - Headers: Content-Type, Authorization, X-Requested-With
[17-Sep-2025 10:48:41 Europe/Zurich] - Credentials: true
[17-Sep-2025 10:48:41 Europe/Zurich] 🔄 Requête OPTIONS (preflight) - Réponse immédiate
[17-Sep-2025 10:48:41 Europe/Zurich] 🔧 Session cross-domain configurée - ID: mb012fsotitcougm1324tp1nnm
[17-Sep-2025 10:48:41 Europe/Zurich] 🍪 Cookie params: {"lifetime":1800,"path":"\/","domain":"","secure":true,"httponly":false,"samesite":"None"}
[17-Sep-2025 10:48:41 Europe/Zurich] 🔍 User en session: 2
[17-Sep-2025 10:48:41 Europe/Zurich] 🔧 Setup CORS - Début
[17-Sep-2025 10:48:41 Europe/Zurich] - Mode: DÉVELOPPEMENT
[17-Sep-2025 10:48:41 Europe/Zurich] - Origin reçu: http://localhost:3000
[17-Sep-2025 10:48:41 Europe/Zurich] 🔍 Test d'autorisation pour origin: 'http://localhost:3000'
[17-Sep-2025 10:48:41 Europe/Zurich] 📝 Origins autorisées: ["http:\/\/localhost:3007","http:\/\/localhost:3000","http:\/\/127.0.0.1:3000","http:\/\/localhost:3007","https:\/\/dev-facturation"]
[17-Sep-2025 10:48:41 Europe/Zurich] ✅ Origin autorisé: http://localhost:3000
[17-Sep-2025 10:48:41 Europe/Zurich] 📤 En-têtes CORS envoyés:
[17-Sep-2025 10:48:41 Europe/Zurich] - Methods: GET, POST, PUT, DELETE, OPTIONS
[17-Sep-2025 10:48:41 Europe/Zurich] - Headers: Content-Type, Authorization, X-Requested-With
[17-Sep-2025 10:48:41 Europe/Zurich] - Credentials: true
[17-Sep-2025 10:48:41 Europe/Zurich] 🔄 Requête OPTIONS (preflight) - Réponse immédiate
[17-Sep-2025 10:48:41 Europe/Zurich] 🔑 facture-api.php - Session ID forcé depuis URL: mb012fsotitcougm1324tp1nnm
[17-Sep-2025 10:48:41 Europe/Zurich] 🔑 parametre-api.php - Session ID forcé depuis URL: mb012fsotitcougm1324tp1nnm
[17-Sep-2025 10:48:41 Europe/Zurich] 🔍 Session cross-domain analysis :
[17-Sep-2025 10:48:41 Europe/Zurich] 🔍 Session cross-domain analysis :
[17-Sep-2025 10:48:41 Europe/Zurich] - HTTP_ORIGIN: http://localhost:3000
[17-Sep-2025 10:48:41 Europe/Zurich] - HTTP_ORIGIN: http://localhost:3000
[17-Sep-2025 10:48:41 Europe/Zurich] - HTTP_HOST: localhost
[17-Sep-2025 10:48:41 Europe/Zurich] - HTTP_HOST: localhost
[17-Sep-2025 10:48:41 Europe/Zurich] - Is cross-domain: YES
[17-Sep-2025 10:48:41 Europe/Zurich] - Is cross-domain: YES
[17-Sep-2025 10:48:41 Europe/Zurich] 🏠 Configuration same-domain appliquée
[17-Sep-2025 10:48:41 Europe/Zurich] 🏠 Configuration same-domain appliquée
[17-Sep-2025 10:48:41 Europe/Zurich] 🔧 Session cross-domain configurée - ID: mb012fsotitcougm1324tp1nnm
[17-Sep-2025 10:48:41 Europe/Zurich] 🍪 Cookie params: {"lifetime":1800,"path":"\/","domain":"","secure":true,"httponly":false,"samesite":"None"}
[17-Sep-2025 10:48:41 Europe/Zurich] 🔍 User en session: 2
[17-Sep-2025 10:48:41 Europe/Zurich] 🔧 Setup CORS - Début
[17-Sep-2025 10:48:41 Europe/Zurich] - Mode: DÉVELOPPEMENT
[17-Sep-2025 10:48:41 Europe/Zurich] - Origin reçu: http://localhost:3000
[17-Sep-2025 10:48:41 Europe/Zurich] 🔍 Test d'autorisation pour origin: 'http://localhost:3000'
[17-Sep-2025 10:48:41 Europe/Zurich] 📝 Origins autorisées: ["http:\/\/localhost:3007","http:\/\/localhost:3000","http:\/\/127.0.0.1:3000","http:\/\/localhost:3007","https:\/\/dev-facturation"]
[17-Sep-2025 10:48:41 Europe/Zurich] ✅ Origin autorisé: http://localhost:3000
[17-Sep-2025 10:48:41 Europe/Zurich] 📤 En-têtes CORS envoyés:
[17-Sep-2025 10:48:41 Europe/Zurich] - Methods: GET, POST, PUT, DELETE, OPTIONS
[17-Sep-2025 10:48:41 Europe/Zurich] - Headers: Content-Type, Authorization, X-Requested-With
[17-Sep-2025 10:48:41 Europe/Zurich] - Credentials: true
[17-Sep-2025 10:48:41 Europe/Zurich] facture-api - Chargement de la configuration
[17-Sep-2025 10:48:41 Europe/Zurich] facture-api - Méthode: GET
[17-Sep-2025 10:48:41 Europe/Zurich] facture-api - URL complète: /fact-back/api/facture-api.php?PHPSESSID=mb012fsotitcougm1324tp1nnm&annee=2025&_ts=1758098921520
[17-Sep-2025 10:48:41 Europe/Zurich] facture-api - Origin: http://localhost:3000
[17-Sep-2025 10:48:41 Europe/Zurich] facture-api - Paramètres GET: {"PHPSESSID":"mb012fsotitcougm1324tp1nnm","annee":"2025","_ts":"1758098921520"}
[17-Sep-2025 10:48:41 Europe/Zurich] facture-api - Session ID: mb012fsotitcougm1324tp1nnm
[17-Sep-2025 10:48:41 Europe/Zurich] facture-api - Session status: 2
[17-Sep-2025 10:48:41 Europe/Zurich] facture-api - Session content: {"user_id":2,"user_name":"test_admin","user_role":"admin"}
[17-Sep-2025 10:48:41 Europe/Zurich] 🔍 facture-api - Session initialisée par bootstrap.php
[17-Sep-2025 10:48:41 Europe/Zurich] facture-api - Session trouvée - User ID: 2, Role: admin
[17-Sep-2025 10:48:41 Europe/Zurich] ✅ facture-api - Accès autorisé pour utilisateur: 2 (role: admin)
[17-Sep-2025 10:48:41 Europe/Zurich] facture-api - Méthode: GET
[17-Sep-2025 10:48:41 Europe/Zurich] facture-api - Paramètres GET: {"PHPSESSID":"mb012fsotitcougm1324tp1nnm","annee":"2025","_ts":"1758098921520"}
[17-Sep-2025 10:48:41 Europe/Zurich] facture-api - GET - Paramètres: {"PHPSESSID":"mb012fsotitcougm1324tp1nnm","annee":"2025","_ts":"1758098921520"} (user: 2)
[17-Sep-2025 10:48:41 Europe/Zurich] facture-api - GET liste factures avec options: {"annee":2025,"page":1,"limit":50} (user: 2)
[17-Sep-2025 10:48:41 Europe/Zurich] facture-api - Résultat liste factures: {"success":true,"factures":[{"id_facture":75,"numero_facture":"063.2025","date_facture":"2025-09-16","montant_total":"5010.00","id_client":5,"date_edition":"2025-09-16 11:41:34","factfilename":null,"date_envoi":null,"date_paiement":null,"date_dernier_paiement":null,"montant_paye":"0.00","montant_paye_total":"0.00","montant_restant":"0.00","nb_paiements":0,"date_annulation":null,"etat":"En attente","ristourne":"0.00","nom":"C\u00e9sar","prenom":"Jules","email":"jules.cesar@rome.com"},{"id_facture":71,"numero_facture":"059.2025","date_facture":"2025-09-14","montant_total":"5010.00","id_client":5,"date_edition":"2025-09-16 11:39:39","factfilename":"facture_059.2025_Jules_Cesar_20250916_113939.pdf","date_envoi":null,"date_paiement":null,"date_dernier_paiement":null,"montant_paye":"0.00","montant_paye_total":"0.00","montant_restant":"0.00","nb_paiements":0,"date_annulation":null,"etat":"\u00c9dit\u00e9e","ristourne":"0.00","nom":"C\u00e9sar","prenom":"Jules","email":"jules.cesar@rome.com"},{"id_facture":72,"numero_facture":"060.2025","date_facture":"2025-09-14","montant_total":"510.00","id_client":5,"date_edition":"2025-09-14 13:04:14","factfilename":"facture_060.2025_Jules_Cesar_20250914_130413.pdf","date_envoi":null,"date_paiement":null,"date_dernier_paiement":null,"montant_paye":"0.00","montant_paye_total":"0.00","montant_restant":"0.00","nb_paiements":0,"date_annulation":"2025-09-14","etat":"Annul\u00e9e","ristourne":"0.00","nom":"C\u00e9sar","prenom":"Jules","email":"jules.cesar@rome.com"},{"id_facture":74,"numero_facture":"062.2025","date_facture":"2025-09-14","montant_total":"1830.00","id_client":5,"date_edition":"2025-09-14 10:56:50","factfilename":"facture_062.2025_Jules_Cesar_20250914_105649.pdf","date_envoi":null,"date_paiement":null,"date_dernier_paiement":null,"montant_paye":"0.00","montant_paye_total":"0.00","montant_restant":"0.00","nb_paiements":0,"date_annulation":null,"etat":"\u00c9dit\u00e9e","ristourne":"0.00","nom":"C\u00e9sar","prenom":"Jules","email":"jules.cesar@rome.com"},{"id_facture":69,"numero_facture":"057.2025","date_facture":"2025-09-14","montant_total":"510.00","id_client":5,"date_edition":"2025-09-14 02:18:40","factfilename":null,"date_envoi":null,"date_paiement":null,"date_dernier_paiement":null,"montant_paye":"0.00","montant_paye_total":"0.00","montant_restant":"0.00","nb_paiements":0,"date_annulation":null,"etat":"En attente","ristourne":"0.00","nom":"C\u00e9sar","prenom":"Jules","email":"jules.cesar@rome.com"},{"id_facture":70,"numero_facture":"058.2025","date_facture":"2025-09-14","montant_total":"510.00","id_client":5,"date_edition":"2025-09-14 02:22:20","factfilename":null,"date_envoi":null,"date_paiement":null,"date_dernier_paiement":null,"montant_paye":"0.00","montant_paye_total":"0.00","montant_restant":"0.00","nb_paiements":0,"date_annulation":null,"etat":"En attente","ristourne":"0.00","nom":"C\u00e9sar","prenom":"Jules","email":"jules.cesar@rome.com"},{"id_facture":60,"numero_facture":"050.2025","date_facture":"2025-08-08","montant_total":"90.00","id_client":5,"date_edition":"2025-08-08 09:26:14","factfilename":null,"date_envoi":null,"date_paiement":null,"date_dernier_paiement":null,"montant_paye":"0.00","montant_paye_total":"0.00","montant_restant":"0.00","nb_paiements":0,"date_annulation":null,"etat":"En attente","ristourne":"0.00","nom":"C\u00e9sar","prenom":"Jules","email":"jules.cesar@rome.com"},{"id_facture":63,"numero_facture":"053.2025","date_facture":"2025-08-08","montant_total":"30.00","id_client":15,"date_edition":"2025-09-12 07:56:55","factfilename":"facture_053.2025_Eleonore_Dubois_20250912_075655.pdf","date_envoi":null,"date_paiement":null,"date_dernier_paiement":null,"montant_paye":"0.00","montant_paye_total":"0.00","montant_restant":"0.00","nb_paiements":0,"date_annulation":null,"etat":"\u00c9dit\u00e9e","ristourne":"0.00","nom":"Dubois","prenom":"\u00c9l\u00e9onore","email":"eleonore.dubois@example.ch"},{"id_facture":64,"numero_facture":"054.2025","date_facture":"2025-08-08","montant_total":"210.00","id_client":15,"date_edition":"2025-09-13 18:48:31","factfilename":"facture_054.2025_Eleonore_Dubois_20250913_184831.pdf","date_envoi":null,"date_paiement":null,"date_dernier_paiement":null,"montant_paye":"0.00","montant_paye_total":"0.00","montant_restant":"0.00","nb_paiements":0,"date_annulation":null,"etat":"\u00c9dit\u00e9e","ristourne":"0.00","nom":"Dubois","prenom":"\u00c9l\u00e9onore","email":"eleonore.dubois@example.ch"},{"id_facture":65,"numero_facture":"055.2025","date_facture":"2025-08-08","montant_total":"120.00","id_client":15,"date_edition":"2025-09-08 08:10:41","factfilename":"facture_055.2025_Eleonore_Dubois_20250908_081041.pdf","date_envoi":"2025-08-08","date_paiement":null,"date_dernier_paiement":null,"montant_paye":"120.00","montant_paye_total":"0.00","montant_restant":"120.00","nb_paiements":0,"date_annulation":null,"etat":"Envoy\u00e9e","ristourne":"0.00","nom":"Dubois","prenom":"\u00c9l\u00e9onore","email":"eleonore.dubois@example.ch"},{"id_facture":66,"numero_facture":"056.2025","date_facture":"2025-08-05","montant_total":"510.00","id_client":5,"date_edition":"2025-09-13 18:48:51","factfilename":"facture_056.2025_Jules_Cesar_20250913_184851.pdf","date_envoi":null,"date_paiement":null,"date_dernier_paiement":null,"montant_paye":"0.00","montant_paye_total":"0.00","montant_restant":"0.00","nb_paiements":0,"date_annulation":null,"etat":"\u00c9dit\u00e9e","ristourne":"0.00","nom":"C\u00e9sar","prenom":"Jules","email":"jules.cesar@rome.com"},{"id_facture":57,"numero_facture":"047.2025","date_facture":"2025-07-29","montant_total":"90.00","id_client":5,"date_edition":"2025-07-29 11:48:16","factfilename":null,"date_envoi":null,"date_paiement":null,"date_dernier_paiement":null,"montant_paye":"0.00","montant_paye_total":"0.00","montant_restant":"0.00","nb_paiements":0,"date_annulation":null,"etat":"En attente","ristourne":"0.00","nom":"C\u00e9sar","prenom":"Jules","email":"jules.cesar@rome.com"},{"id_facture":55,"numero_facture":"045.2025","date_facture":"2025-07-29","montant_total":"60.00","id_client":5,"date_edition":"2025-07-29 09:13:41","factfilename":"facture_045.2025_Jules_Cesar_20250729_091341.pdf","date_envoi":"2025-07-29","date_paiement":null,"date_dernier_paiement":"2025-07-29 09:14:58","montant_paye":"20.00","montant_paye_total":"20.00","montant_restant":"40.00","nb_paiements":1,"date_annulation":"2025-08-08","etat":"Annul\u00e9e","ristourne":"0.00","nom":"C\u00e9sar","prenom":"Jules","email":"jules.cesar@rome.com"},{"id_facture":56,"numero_facture":"046.2025","date_facture":"2025-07-29","montant_total":"60.00","id_client":5,"date_edition":"2025-07-29 11:25:33","factfilename":"facture_046.2025_Jules_Cesar_20250729_112533.pdf","date_envoi":"2025-07-29","date_paiement":null,"date_dernier_paiement":"2025-07-30 00:00:00","montant_paye":"8.00","montant_paye_total":"41.00","montant_restant":"19.00","nb_paiements":6,"date_annulation":null,"etat":"Partiellement pay\u00e9e","ristourne":"0.00","nom":"C\u00e9sar","prenom":"Jules","email":"jules.cesar@rome.com"},{"id_facture":54,"numero_facture":"044.2025","date_facture":"2025-07-25","montant_total":"30.00","id_client":5,"date_edition":"2025-07-29 09:11:51","factfilename":"facture_044.2025_Jules_Cesar_20250729_091151.pdf","date_envoi":"2025-07-25","date_paiement":null,"date_dernier_paiement":"2025-07-25 00:00:00","montant_paye":"15.00","montant_paye_total":"15.00","montant_restant":"15.00","nb_paiements":1,"date_annulation":null,"etat":"Partiellement pay\u00e9e","ristourne":"0.00","nom":"C\u00e9sar","prenom":"Jules","email":"jules.cesar@rome.com"},{"id_facture":51,"numero_facture":"041.2025","date_facture":"2025-07-24","montant_total":"30.00","id_client":5,"date_edition":"2025-07-24 16:39:56","factfilename":"facture_041.2025_Jules_Cesar_20250724_163956.pdf","date_envoi":"2025-07-24","date_paiement":"2025-07-25 00:00:00","date_dernier_paiement":"2025-07-25 00:00:00","montant_paye":"30.00","montant_paye_total":"30.00","montant_restant":"0.00","nb_paiements":1,"date_annulation":null,"etat":"Pay\u00e9e","ristourne":"0.00","nom":"C\u00e9sar","prenom":"Jules","email":"jules.cesar@rome.com"},{"id_facture":52,"numero_facture":"042.2025","date_facture":"2025-07-24","montant_total":"30.00","id_client":5,"date_edition":"2025-07-25 07:53:12","factfilename":"facture_042.2025_Jules_Cesar_20250725_075312.pdf","date_envoi":"2025-07-24","date_paiement":null,"date_dernier_paiement":"2025-07-25 08:24:37","montant_paye":"5.00","montant_paye_total":"30.00","montant_restant":"0.00","nb_paiements":3,"date_annulation":null,"etat":"Pay\u00e9e","ristourne":"0.00","nom":"C\u00e9sar","prenom":"Jules","email":"jules.cesar@rome.com"},{"id_facture":53,"numero_facture":"043.2025","date_facture":"2025-07-24","montant_total":"30.00","id_client":5,"date_edition":"2025-09-08 10:43:57","factfilename":"facture_043.2025_Jules_Cesar_20250908_104356.pdf","date_envoi":"2025-07-24","date_paiement":null,"date_dernier_paiement":"2025-07-25 14:24:49","montant_paye":"10.00","montant_paye_total":"10.00","montant_restant":"20.00","nb_paiements":1,"date_annulation":"2025-08-08","etat":"Annul\u00e9e","ristourne":"0.00","nom":"C\u00e9sar","prenom":"Jules","email":"jules.cesar@rome.com"},{"id_facture":50,"numero_facture":"040.2025","date_facture":"2025-07-24","montant_total":"30.00","id_client":5,"date_edition":"2025-07-24 16:44:52","factfilename":"facture_040.2025_Jules_Cesar_20250724_164452.pdf","date_envoi":"2025-07-24","date_paiement":"2025-07-25 00:00:00","date_dernier_paiement":"2025-07-25 00:00:00","montant_paye":"30.00","montant_paye_total":"30.00","montant_restant":"0.00","nb_paiements":1,"date_annulation":null,"etat":"Pay\u00e9e","ristourne":"0.00","nom":"C\u00e9sar","prenom":"Jules","email":"jules.cesar@rome.com"},{"id_facture":49,"numero_facture":"039.2025","date_facture":"2025-07-22","montant_total":"0.00","id_client":2,"date_edition":"2025-07-25 06:11:47","factfilename":"facture_039.2025_Gilles_Dubey_20250725_061147.pdf","date_envoi":"2025-07-22","date_paiement":null,"date_dernier_paiement":null,"montant_paye":"0.00","montant_paye_total":"0.00","montant_restant":"0.00","nb_paiements":0,"date_annulation":null,"etat":"Envoy\u00e9e","ristourne":"0.00","nom":"Dubey","prenom":"Gilles","email":"gilles.dubey@ik.me"},{"id_facture":47,"numero_facture":"036.2025","date_facture":"2025-07-22","montant_total":"30.00","id_client":5,"date_edition":"2025-07-22 16:24:56","factfilename":"facture_036.2025_Jules_Cesar_20250722_162456.pdf","date_envoi":"2025-07-22","date_paiement":"2025-07-25 00:00:00","date_dernier_paiement":"2025-07-25 00:00:00","montant_paye":"30.00","montant_paye_total":"30.00","montant_restant":"0.00","nb_paiements":1,"date_annulation":null,"etat":"Pay\u00e9e","ristourne":"0.00","nom":"C\u00e9sar","prenom":"Jules","email":"jules.cesar@rome.com"},{"id_facture":48,"numero_facture":"038.2025","date_facture":"2025-07-22","montant_total":"30.00","id_client":5,"date_edition":"2025-07-22 15:09:05","factfilename":"facture_038.2025_Jules_Cesar_20250722_150905.pdf","date_envoi":null,"date_paiement":null,"date_dernier_paiement":null,"montant_paye":"0.00","montant_paye_total":"0.00","montant_restant":"30.00","nb_paiements":0,"date_annulation":"2025-07-22","etat":"Annul\u00e9e","ristourne":"0.00","nom":"C\u00e9sar","prenom":"Jules","email":"jules.cesar@rome.com"},{"id_facture":46,"numero_facture":"011.2025","date_facture":"2025-07-21","montant_total":"1860.00","id_client":5,"date_edition":"2025-09-08 10:44:57","factfilename":"facture_011.2025_Jules_Cesar_20250908_104457.pdf","date_envoi":"2025-07-23","date_paiement":null,"date_dernier_paiement":null,"montant_paye":"0.00","montant_paye_total":"0.00","montant_restant":"1860.00","nb_paiements":0,"date_annulation":null,"etat":"Envoy\u00e9e","ristourne":"0.00","nom":"C\u00e9sar","prenom":"Jules","email":"jules.cesar@rome.com"},{"id_facture":44,"numero_facture":"009.2025","date_facture":"2025-07-14","montant_total":"788.00","id_client":2,"date_edition":"2025-07-23 07:22:45","factfilename":"facture_009.2025_Gilles_Dubey_20250723_072245.pdf","date_envoi":"2025-07-23","date_paiement":null,"date_dernier_paiement":null,"montant_paye":null,"montant_paye_total":"0.00","montant_restant":"786.00","nb_paiements":0,"date_annulation":null,"etat":"Envoy\u00e9e","ristourne":"2.00","nom":"Dubey","prenom":"Gilles","email":"gilles.dubey@ik.me"},{"id_facture":43,"numero_facture":"008.2025","date_facture":"2025-07-13","montant_total":"3570.00","id_client":5,"date_edition":"2025-09-08 10:44:30","factfilename":"facture_008.2025_Jules_Cesar_20250908_104430.pdf","date_envoi":"2025-07-23","date_paiement":null,"date_dernier_paiement":null,"montant_paye":"0.00","montant_paye_total":"0.00","montant_restant":"3570.00","nb_paiements":0,"date_annulation":null,"etat":"Envoy\u00e9e","ristourne":"0.00","nom":"C\u00e9sar","prenom":"Jules","email":"jules.cesar@rome.com"},{"id_facture":42,"numero_facture":"007.2025","date_facture":"2025-07-12","montant_total":"3570.00","id_client":5,"date_edition":"2025-07-13 12:04:18","factfilename":"facture_007.2025_Jules_Cesar_20250713_120417.pdf","date_envoi":"2025-07-22","date_paiement":null,"date_dernier_paiement":null,"montant_paye":"0.00","montant_paye_total":"0.00","montant_restant":"3570.00","nb_paiements":0,"date_annulation":null,"etat":"Envoy\u00e9e","ristourne":"0.00","nom":"C\u00e9sar","prenom":"Jules","email":"jules.cesar@rome.com"},{"id_facture":41,"numero_facture":"006.2025","date_facture":"2025-07-09","montant_total":"720.00","id_client":5,"date_edition":"2025-07-09 09:20:52","factfilename":"facture_006.2025_Jules_Cesar_20250709_092051.pdf","date_envoi":"2025-07-09","date_paiement":null,"date_dernier_paiement":null,"montant_paye":"0.00","montant_paye_total":"0.00","montant_restant":"720.00","nb_paiements":0,"date_annulation":null,"etat":"Envoy\u00e9e","ristourne":"0.00","nom":"C\u00e9sar","prenom":"Jules","email":"jules.cesar@rome.com"},{"id_facture":40,"numero_facture":"005.2025","date_facture":"2025-06-30","montant_total":"180.00","id_client":9,"date_edition":"2025-06-26 22:30:04","factfilename":"facture_005.2025_Suzanne_Corminboeuf_20250626_223004.pdf","date_envoi":null,"date_paiement":null,"date_dernier_paiement":null,"montant_paye":"0.00","montant_paye_total":"0.00","montant_restant":"180.00","nb_paiements":0,"date_annulation":null,"etat":"\u00c9dit\u00e9e","ristourne":"0.00","nom":"Corminboeuf","prenom":"Suzanne","email":"suzanne.corminboeuf@gmail.com"},{"id_facture":39,"numero_facture":"004.2025","date_facture":"2025-06-26","montant_total":"270.00","id_client":8,"date_edition":"2025-06-26 22:20:29","factfilename":"facture_004.2025_Sandrine_Bouquet_20250626_222029.pdf","date_envoi":null,"date_paiement":null,"date_dernier_paiement":null,"montant_paye":"0.00","montant_paye_total":"0.00","montant_restant":"270.00","nb_paiements":0,"date_annulation":null,"etat":"\u00c9dit\u00e9e","ristourne":"0.00","nom":"Bouquet","prenom":"Sandrine","email":"sandrine@pilatitude.ch"},{"id_facture":38,"numero_facture":"003.2025","date_facture":"2025-06-26","montant_total":"1579.00","id_client":1,"date_edition":"2025-07-13 12:03:33","factfilename":"facture_003.2025_Michele_Spirig_20250713_120333.pdf","date_envoi":"2025-06-26","date_paiement":null,"date_dernier_paiement":null,"montant_paye":"0.00","montant_paye_total":"0.00","montant_restant":"1579.00","nb_paiements":0,"date_annulation":null,"etat":"\u00c9dit\u00e9e","ristourne":"0.50","nom":"Spirig","prenom":"Mich\u00e8le","email":"info@feeduyoga.ch"},{"id_facture":36,"numero_facture":"036.2025","date_facture":"2025-06-25","montant_total":"30.00","id_client":5,"date_edition":"2025-07-13 12:03:54","factfilename":"facture_036.2025_Jules_Cesar_20250713_120354.pdf","date_envoi":"2025-06-30","date_paiement":"2025-07-01 00:00:00","date_dernier_paiement":"2025-07-01 00:00:00","montant_paye":"30.00","montant_paye_total":"30.00","montant_restant":"0.00","nb_paiements":1,"date_annulation":null,"etat":"Pay\u00e9e","ristourne":"0.00","nom":"C\u00e9sar","prenom":"Jules","email":"jules.cesar@rome.com"},{"id_facture":37,"numero_facture":"037.2025","date_facture":"2025-06-25","montant_total":"30.00","id_client":5,"date_edition":"2025-07-22 08:03:17","factfilename":"facture_037.2025_Jules_Cesar_20250722_080317.pdf","date_envoi":"2025-06-25","date_paiement":"2025-06-25 00:00:00","date_dernier_paiement":"2025-06-25 00:00:00","montant_paye":"30.00","montant_paye_total":"30.00","montant_restant":"0.00","nb_paiements":1,"date_annulation":null,"etat":"Pay\u00e9e","ristourne":"0.00","nom":"C\u00e9sar","prenom":"Jules","email":"jules.cesar@rome.com"},{"id_facture":35,"numero_facture":"035.2025","date_facture":"2025-05-22","montant_total":"470.00","id_client":5,"date_edition":"2025-07-21 08:10:08","factfilename":"facture_035.2025_Jules_Cesar_20250721_081008.pdf","date_envoi":"2025-07-21","date_paiement":"2025-07-21 00:00:00","date_dernier_paiement":"2025-07-21 00:00:00","montant_paye":"470.00","montant_paye_total":"470.00","montant_restant":"0.00","nb_paiements":1,"date_annulation":null,"etat":"Pay\u00e9e","ristourne":"0.00","nom":"C\u00e9sar","prenom":"Jules","email":"jules.cesar@rome.com"},{"id_facture":34,"numero_facture":"034.2025","date_facture":"2025-05-21","montant_total":"378.00","id_client":5,"date_edition":"2025-05-22 19:18:44","factfilename":"facture_034.2025_Jules_C\u00e9sar_20250522_191843.pdf","date_envoi":"2025-06-04","date_paiement":"2025-07-07 00:00:00","date_dernier_paiement":"2025-07-07 00:00:00","montant_paye":"378.00","montant_paye_total":"378.00","montant_restant":"0.00","nb_paiements":1,"date_annulation":null,"etat":"Pay\u00e9e","ristourne":"2.00","nom":"C\u00e9sar","prenom":"Jules","email":"jules.cesar@rome.com"},{"id_facture":33,"numero_facture":"033.2025","date_facture":"2025-05-19","montant_total":"180.00","id_client":7,"date_edition":"2025-07-21 16:13:03","factfilename":"facture_033.2025_Hans_Muller_20250721_161303.pdf","date_envoi":"2025-05-22","date_paiement":"2025-05-22 00:00:00","date_dernier_paiement":"2025-05-22 00:00:00","montant_paye":"180.00","montant_paye_total":"180.00","montant_restant":"0.00","nb_paiements":1,"date_annulation":null,"etat":"Pay\u00e9e","ristourne":"0.00","nom":"M\u00fcller","prenom":"Hans","email":"hans.mueller@example.ch"},{"id_facture":30,"numero_facture":"030.2025","date_facture":"2025-05-19","montant_total":"50.00","id_client":1,"date_edition":"2025-05-30 09:49:15","factfilename":"facture_030.2025_Mich\u00e8le_Spirig_20250530_094915.pdf","date_envoi":"2025-05-19","date_paiement":"2025-05-19 00:00:00","date_dernier_paiement":"2025-05-19 00:00:00","montant_paye":"50.00","montant_paye_total":"50.00","montant_restant":"0.00","nb_paiements":1,"date_annulation":null,"etat":"Pay\u00e9e","ristourne":"4.00","nom":"Spirig","prenom":"Mich\u00e8le","email":"info@feeduyoga.ch"},{"id_facture":31,"numero_facture":"031.2025","date_facture":"2025-05-19","montant_total":"120.00","id_client":7,"date_edition":"2025-05-30 10:38:50","factfilename":"facture_031.2025_Hans_M\u00fcller_20250530_103850.pdf","date_envoi":"2025-06-04","date_paiement":"2025-07-07 00:00:00","date_dernier_paiement":"2025-07-07 00:00:00","montant_paye":"120.00","montant_paye_total":"120.00","montant_restant":"0.00","nb_paiements":1,"date_annulation":null,"etat":"Pay\u00e9e","ristourne":"0.00","nom":"M\u00fcller","prenom":"Hans","email":"hans.mueller@example.ch"},{"id_facture":28,"numero_facture":"028.2025","date_facture":"2025-05-16","montant_total":"4270.00","id_client":2,"date_edition":"2025-09-13 18:49:13","factfilename":"facture_028.2025_Gilles_Dubey_20250913_184912.pdf","date_envoi":"2025-06-04","date_paiement":"2025-07-07 00:00:00","date_dernier_paiement":"2025-07-07 00:00:00","montant_paye":"4270.00","montant_paye_total":"4270.00","montant_restant":"0.00","nb_paiements":1,"date_annulation":null,"etat":"Pay\u00e9e","ristourne":"3.50","nom":"Dubey","prenom":"Gilles","email":"gilles.dubey@ik.me"},{"id_facture":27,"numero_facture":"027.2025","date_facture":"2025-05-15","montant_total":"1.00","id_client":5,"date_edition":"2025-05-24 09:41:03","factfilename":"facture_027.2025_Jules_C\u00e9sar_20250524_094102.pdf","date_envoi":"2025-06-04","date_paiement":"2025-07-07 00:00:00","date_dernier_paiement":"2025-07-07 00:00:00","montant_paye":"1.00","montant_paye_total":"1.00","montant_restant":"0.00","nb_paiements":1,"date_annulation":null,"etat":"Pay\u00e9e","ristourne":"0.00","nom":"C\u00e9sar","prenom":"Jules","email":"jules.cesar@rome.com"},{"id_facture":26,"numero_facture":"026.2025","date_facture":"2025-05-13","montant_total":"700.00","id_client":2,"date_edition":"2025-05-13 17:09:23","factfilename":"facture_026.2025_Gilles_Dubey_20250513_170923.pdf","date_envoi":"2025-05-13","date_paiement":"2025-05-13 00:00:00","date_dernier_paiement":"2025-05-13 00:00:00","montant_paye":"700.00","montant_paye_total":"700.00","montant_restant":"0.00","nb_paiements":1,"date_annulation":null,"etat":"Pay\u00e9e","ristourne":"0.00","nom":"Dubey","prenom":"Gilles","email":"gilles.dubey@ik.me"},{"id_facture":24,"numero_facture":"024.2025","date_facture":"2025-04-29","montant_total":"60.00","id_client":5,"date_edition":"2025-09-13 18:49:36","factfilename":"facture_024.2025_Jules_Cesar_20250913_184936.pdf","date_envoi":"2025-07-07","date_paiement":null,"date_dernier_paiement":null,"montant_paye":"0.00","montant_paye_total":"0.00","montant_restant":"60.00","nb_paiements":0,"date_annulation":"2025-07-14","etat":"Annul\u00e9e","ristourne":"0.00","nom":"C\u00e9sar","prenom":"Jules","email":"jules.cesar@rome.com"},{"id_facture":25,"numero_facture":"025.2025","date_facture":"2025-04-29","montant_total":"1860.00","id_client":5,"date_edition":"2025-05-24 10:07:46","factfilename":"facture_025.2025_Jules_C\u00e9sar_20250524_100746.pdf","date_envoi":"2025-07-07","date_paiement":null,"date_dernier_paiement":null,"montant_paye":"0.00","montant_paye_total":"0.00","montant_restant":"1860.00","nb_paiements":0,"date_annulation":"2025-07-21","etat":"Annul\u00e9e","ristourne":"0.00","nom":"C\u00e9sar","prenom":"Jules","email":"jules.cesar@rome.com"},{"id_facture":23,"numero_facture":"023.2025","date_facture":"2025-04-29","montant_total":"10.00","id_client":2,"date_edition":"2025-07-25 05:52:38","factfilename":"facture_023.2025_Gilles_Dubey_20250725_055238.pdf","date_envoi":"2025-07-25","date_paiement":null,"date_dernier_paiement":null,"montant_paye":"0.00","montant_paye_total":"0.00","montant_restant":"10.00","nb_paiements":0,"date_annulation":null,"etat":"Envoy\u00e9e","ristourne":"2.00","nom":"Dubey","prenom":"Gilles","email":"gilles.dubey@ik.me"},{"id_facture":19,"numero_facture":"019.2025","date_facture":"2025-04-28","montant_total":"75.00","id_client":4,"date_edition":"2025-05-11 20:48:10","factfilename":"facture_019.2025_Victor_Hugo_20250511_204810.pdf","date_envoi":"2025-07-09","date_paiement":null,"date_dernier_paiement":null,"montant_paye":"0.00","montant_paye_total":"0.00","montant_restant":"75.00","nb_paiements":0,"date_annulation":null,"etat":"Envoy\u00e9e","ristourne":"0.00","nom":"Hugo","prenom":"Victor","email":"victor.hugo@miserables.com"},{"id_facture":21,"numero_facture":"021.2025","date_facture":"2025-04-28","montant_total":"200.00","id_client":1,"date_edition":"2025-05-30 09:23:39","factfilename":"facture_021.2025_Mich\u00e8le_Spirig_20250530_092339.pdf","date_envoi":"2025-06-04","date_paiement":"2025-06-06 00:00:00","date_dernier_paiement":"2025-06-06 00:00:00","montant_paye":"200.00","montant_paye_total":"200.00","montant_restant":"0.00","nb_paiements":1,"date_annulation":null,"etat":"Pay\u00e9e","ristourne":"2.50","nom":"Spirig","prenom":"Mich\u00e8le","email":"info@feeduyoga.ch"},{"id_facture":20,"numero_facture":"020.2025","date_facture":"2025-04-28","montant_total":"25.00","id_client":3,"date_edition":"2025-05-30 09:57:27","factfilename":"facture_020.2025_Lady_Gaga_20250530_095727.pdf","date_envoi":"2025-07-07","date_paiement":"2025-07-14 00:00:00","date_dernier_paiement":"2025-07-14 00:00:00","montant_paye":"25.00","montant_paye_total":"25.00","montant_restant":"0.00","nb_paiements":1,"date_annulation":null,"etat":"Pay\u00e9e","ristourne":"0.00","nom":"Gaga","prenom":"Lady","email":"lady.gaga@ladygaga.com"},{"id_facture":18,"numero_facture":"018.2025","date_facture":"2025-04-27","montant_total":"125.00","id_client":3,"date_edition":"2025-04-28 06:08:56","factfilename":"facture_018.2025_Lady_Gaga_20250428_060856.pdf","date_envoi":"2025-06-04","date_paiement":null,"date_dernier_paiement":null,"montant_paye":"0.00","montant_paye_total":"0.00","montant_restant":"125.00","nb_paiements":0,"date_annulation":"2025-07-09","etat":"Annul\u00e9e","ristourne":"0.00","nom":"Gaga","prenom":"Lady","email":"lady.gaga@ladygaga.com"},{"id_facture":16,"numero_facture":"016.2025","date_facture":"2025-04-25","montant_total":"120.00","id_client":5,"date_edition":"2025-04-25 12:32:16","factfilename":"facture_016.2025_Jules_C\u00e9sar_20250425_123216.pdf","date_envoi":"2025-07-09","date_paiement":null,"date_dernier_paiement":null,"montant_paye":"0.00","montant_paye_total":"0.00","montant_restant":"120.00","nb_paiements":0,"date_annulation":null,"etat":"Envoy\u00e9e","ristourne":"0.00","nom":"C\u00e9sar","prenom":"Jules","email":"jules.cesar@rome.com"},{"id_facture":14,"numero_facture":"014.2025","date_facture":"2025-04-25","montant_total":"30.00","id_client":2,"date_edition":"2025-04-25 07:46:19","factfilename":null,"date_envoi":null,"date_paiement":null,"date_dernier_paiement":null,"montant_paye":"0.00","montant_paye_total":"0.00","montant_restant":"30.00","nb_paiements":0,"date_annulation":null,"etat":"En attente","ristourne":"0.00","nom":"Dubey","prenom":"Gilles","email":"gilles.dubey@ik.me"},{"id_facture":17,"numero_facture":"017.2025","date_facture":"2025-04-25","montant_total":"788.00","id_client":2,"date_edition":"2025-04-28 06:51:44","factfilename":"facture_017.2025_Gilles_Dubey_20250428_065144.pdf","date_envoi":"2025-07-09","date_paiement":null,"date_dernier_paiement":null,"montant_paye":"0.00","montant_paye_total":"0.00","montant_restant":"788.00","nb_paiements":0,"date_annulation":null,"etat":"Envoy\u00e9e","ristourne":"2.00","nom":"Dubey","prenom":"Gilles","email":"gilles.dubey@ik.me"},{"id_facture":13,"numero_facture":"013.2025","date_facture":"2025-04-23","montant_total":"3330.00","id_client":2,"date_edition":"2025-04-27 00:11:40","factfilename":"facture_013.2025_Gilles_Dubey_20250427_001140.pdf","date_envoi":null,"date_paiement":null,"date_dernier_paiement":null,"montant_paye":"0.00","montant_paye_total":"0.00","montant_restant":"3330.00","nb_paiements":0,"date_annulation":null,"etat":"Envoy\u00e9e","ristourne":"6.40","nom":"Dubey","prenom":"Gilles","email":"gilles.dubey@ik.me"},{"id_facture":10,"numero_facture":"010.2025","date_facture":"2025-04-22","montant_total":"390.00","id_client":2,"date_edition":"2025-04-22 15:03:49","factfilename":"facture_010.2025_Gilles_Dubey_20250422_150349.pdf","date_envoi":null,"date_paiement":"2025-04-22 00:00:00","date_dernier_paiement":"2025-04-22 00:00:00","montant_paye":"390.00","montant_paye_total":"390.00","montant_restant":"0.00","nb_paiements":1,"date_annulation":null,"etat":"Pay\u00e9e","ristourne":"2.00","nom":"Dubey","prenom":"Gilles","email":"gilles.dubey@ik.me"},{"id_facture":11,"numero_facture":"011.2025","date_facture":"2025-04-22","montant_total":"50.00","id_client":2,"date_edition":"2025-04-25 06:27:26","factfilename":"facture_011.2025_Gilles_Dubey_20250425_062726.pdf","date_envoi":null,"date_paiement":"2025-04-25 00:00:00","date_dernier_paiement":"2025-04-25 00:00:00","montant_paye":"50.00","montant_paye_total":"50.00","montant_restant":"0.00","nb_paiements":1,"date_annulation":null,"etat":"Pay\u00e9e","ristourne":"4.00","nom":"Dubey","prenom":"Gilles","email":"gilles.dubey@ik.me"},{"id_facture":12,"numero_facture":"012.2025","date_facture":"2025-04-22","montant_total":"10.00","id_client":2,"date_edition":"2025-04-23 06:38:19","factfilename":"facture_012.2025_Gilles_Dubey_20250423_063819.pdf","date_envoi":null,"date_paiement":"2025-04-23 00:00:00","date_dernier_paiement":"2025-04-23 00:00:00","montant_paye":"10.00","montant_paye_total":"10.00","montant_restant":"0.00","nb_paiements":1,"date_annulation":null,"etat":"Pay\u00e9e","ristourne":"0.00","nom":"Dubey","prenom":"Gilles","email":"gilles.dubey@ik.me"},{"id_facture":7,"numero_facture":"007.2025","date_facture":"2025-04-18","montant_total":"120.00","id_client":2,"date_edition":"2025-04-23 04:55:24","factfilename":"facture_007.2025_Gilles_Dubey_20250423_045524.pdf","date_envoi":"2025-07-09","date_paiement":null,"date_dernier_paiement":null,"montant_paye":"0.00","montant_paye_total":"0.00","montant_restant":"120.00","nb_paiements":0,"date_annulation":null,"etat":"Envoy\u00e9e","ristourne":"2.25","nom":"Dubey","prenom":"Gilles","email":"gilles.dubey@ik.me"},{"id_facture":3,"numero_facture":"003.2025","date_facture":"2025-04-18","montant_total":"150.00","id_client":2,"date_edition":"2025-07-22 21:51:31","factfilename":"facture_003.2025_Gilles_Dubey_20250722_215130.pdf","date_envoi":"2025-07-22","date_paiement":null,"date_dernier_paiement":null,"montant_paye":"100.00","montant_paye_total":"0.00","montant_restant":"150.00","nb_paiements":0,"date_annulation":null,"etat":"Envoy\u00e9e","ristourne":"0.00","nom":"Dubey","prenom":"Gilles","email":"gilles.dubey@ik.me"},{"id_facture":9,"numero_facture":"009.2025","date_facture":"2025-04-18","montant_total":"20.00","id_client":2,"date_edition":"2025-05-19 19:13:56","factfilename":"facture_009.2025_Gilles_Dubey_20250519_191356.pdf","date_envoi":null,"date_paiement":null,"date_dernier_paiement":null,"montant_paye":"0.00","montant_paye_total":"0.00","montant_restant":"20.00","nb_paiements":0,"date_annulation":"2025-04-22","etat":"Annul\u00e9e","ristourne":"4.50","nom":"Dubey","prenom":"Gilles","email":"gilles.dubey@ik.me"},{"id_facture":4,"numero_facture":"004.2025","date_facture":"2025-04-18","montant_total":"31.50","id_client":2,"date_edition":"2025-06-04 19:48:36","factfilename":"facture_004.2025_Gilles_Dubey_20250604_194836.pdf","date_envoi":"2025-07-09","date_paiement":null,"date_dernier_paiement":null,"montant_paye":"0.00","montant_paye_total":"0.00","montant_restant":"31.50","nb_paiements":0,"date_annulation":null,"etat":"Envoy\u00e9e","ristourne":"0.00","nom":"Dubey","prenom":"Gilles","email":"gilles.dubey@ik.me"},{"id_facture":5,"numero_facture":"005.2025","date_facture":"2025-04-18","montant_total":"32.05","id_client":2,"date_edition":"2025-06-04 01:31:01","factfilename":"facture_005.2025_Gilles_Dubey_20250604_013101.pdf","date_envoi":"2025-07-09","date_paiement":null,"date_dernier_paiement":null,"montant_paye":"0.00","montant_paye_total":"0.00","montant_restant":"32.05","nb_paiements":0,"date_annulation":null,"etat":"Envoy\u00e9e","ristourne":"0.00","nom":"Dubey","prenom":"Gilles","email":"gilles.dubey@ik.me"},{"id_facture":6,"numero_facture":"006.2025","date_facture":"2025-04-18","montant_total":"235.55","id_client":2,"date_edition":"2025-05-30 11:09:21","factfilename":"facture_006.2025_Gilles_Dubey_20250530_110921.pdf","date_envoi":"2025-07-09","date_paiement":null,"date_dernier_paiement":null,"montant_paye":"0.00","montant_paye_total":"0.00","montant_restant":"235.55","nb_paiements":0,"date_annulation":null,"etat":"Envoy\u00e9e","ristourne":"0.00","nom":"Dubey","prenom":"Gilles","email":"gilles.dubey@ik.me"},{"id_facture":2,"numero_facture":"002.2025","date_facture":"2025-04-15","montant_total":"30.00","id_client":2,"date_edition":"2025-04-22 13:22:28","factfilename":"facture_002.2025_Gilles_Dubey_20250422_132228.pdf","date_envoi":"2025-07-07","date_paiement":null,"date_dernier_paiement":null,"montant_paye":"0.00","montant_paye_total":"0.00","montant_restant":"30.00","nb_paiements":0,"date_annulation":null,"etat":"Envoy\u00e9e","ristourne":"0.00","nom":"Dubey","prenom":"Gilles","email":"gilles.dubey@ik.me"},{"id_facture":1,"numero_facture":"001.2025","date_facture":"2025-04-15","montant_total":"1390.50","id_client":1,"date_edition":"2025-04-28 06:13:48","factfilename":"facture_001.2025_Mich\u00e8le_Spirig_20250428_061348.pdf","date_envoi":null,"date_paiement":null,"date_dernier_paiement":null,"montant_paye":"0.00","montant_paye_total":"0.00","montant_restant":"1390.50","nb_paiements":0,"date_annulation":null,"etat":"Envoy\u00e9e","ristourne":"0.00","nom":"Spirig","prenom":"Mich\u00e8le","email":"info@feeduyoga.ch"},{"id_facture":8,"numero_facture":"008.2025","date_facture":"2025-03-01","montant_total":"120.00","id_client":2,"date_edition":"2025-04-22 04:59:49","factfilename":"facture_008.2025_Gilles_Dubey_20250422_045949.pdf","date_envoi":null,"date_paiement":"2025-07-01 00:00:00","date_dernier_paiement":"2025-07-01 00:00:00","montant_paye":"120.00","montant_paye_total":"120.00","montant_restant":"0.00","nb_paiements":1,"date_annulation":null,"etat":"Pay\u00e9e","ristourne":"1.00","nom":"Dubey","prenom":"Gilles","email":"gilles.dubey@ik.me"}]}
[17-Sep-2025 10:48:41 Europe/Zurich] facture-api - Résultat liste factures (nombre): 63
[17-Sep-2025 10:48:41 Europe/Zurich] 🔧 Session cross-domain configurée - ID: mb012fsotitcougm1324tp1nnm
[17-Sep-2025 10:48:41 Europe/Zurich] 🍪 Cookie params: {"lifetime":1800,"path":"\/","domain":"","secure":true,"httponly":false,"samesite":"None"}
[17-Sep-2025 10:48:41 Europe/Zurich] 🔍 User en session: 2
[17-Sep-2025 10:48:41 Europe/Zurich] 🔧 Setup CORS - Début
[17-Sep-2025 10:48:41 Europe/Zurich] - Mode: DÉVELOPPEMENT
[17-Sep-2025 10:48:41 Europe/Zurich] - Origin reçu: http://localhost:3000
[17-Sep-2025 10:48:41 Europe/Zurich] 🔍 Test d'autorisation pour origin: 'http://localhost:3000'
[17-Sep-2025 10:48:41 Europe/Zurich] 📝 Origins autorisées: ["http:\/\/localhost:3007","http:\/\/localhost:3000","http:\/\/127.0.0.1:3000","http:\/\/localhost:3007","https:\/\/dev-facturation"]
[17-Sep-2025 10:48:41 Europe/Zurich] ✅ Origin autorisé: http://localhost:3000
[17-Sep-2025 10:48:41 Europe/Zurich] 📤 En-têtes CORS envoyés:
[17-Sep-2025 10:48:41 Europe/Zurich] - Methods: GET, POST, PUT, DELETE, OPTIONS
[17-Sep-2025 10:48:41 Europe/Zurich] - Headers: Content-Type, Authorization, X-Requested-With
[17-Sep-2025 10:48:41 Europe/Zurich] - Credentials: true
[17-Sep-2025 10:48:41 Europe/Zurich] 🔄 Requête OPTIONS (preflight) - Réponse immédiate
[17-Sep-2025 10:48:41 Europe/Zurich] 🔑 client-api.php - Session ID forcé depuis URL: mb012fsotitcougm1324tp1nnm
[17-Sep-2025 10:48:41 Europe/Zurich] 🔍 Session cross-domain analysis :
[17-Sep-2025 10:48:41 Europe/Zurich] - HTTP_ORIGIN: http://localhost:3000
[17-Sep-2025 10:48:41 Europe/Zurich] - HTTP_HOST: localhost
[17-Sep-2025 10:48:41 Europe/Zurich] - Is cross-domain: YES
[17-Sep-2025 10:48:41 Europe/Zurich] 🏠 Configuration same-domain appliquée
[17-Sep-2025 10:48:41 Europe/Zurich] 🔧 Session cross-domain configurée - ID: mb012fsotitcougm1324tp1nnm
[17-Sep-2025 10:48:41 Europe/Zurich] 🍪 Cookie params: {"lifetime":1800,"path":"\/","domain":"","secure":true,"httponly":false,"samesite":"None"}
[17-Sep-2025 10:48:41 Europe/Zurich] 🔍 User en session: 2
[17-Sep-2025 10:48:41 Europe/Zurich] 🔧 Setup CORS - Début
[17-Sep-2025 10:48:41 Europe/Zurich] - Mode: DÉVELOPPEMENT
[17-Sep-2025 10:48:41 Europe/Zurich] - Origin reçu: http://localhost:3000
[17-Sep-2025 10:48:41 Europe/Zurich] 🔍 Test d'autorisation pour origin: 'http://localhost:3000'
[17-Sep-2025 10:48:41 Europe/Zurich] 📝 Origins autorisées: ["http:\/\/localhost:3007","http:\/\/localhost:3000","http:\/\/127.0.0.1:3000","http:\/\/localhost:3007","https:\/\/dev-facturation"]
[17-Sep-2025 10:48:41 Europe/Zurich] ✅ Origin autorisé: http://localhost:3000
[17-Sep-2025 10:48:41 Europe/Zurich] 📤 En-têtes CORS envoyés:
[17-Sep-2025 10:48:41 Europe/Zurich] - Methods: GET, POST, PUT, DELETE, OPTIONS
[17-Sep-2025 10:48:41 Europe/Zurich] - Headers: Content-Type, Authorization, X-Requested-With
[17-Sep-2025 10:48:41 Europe/Zurich] - Credentials: true
[17-Sep-2025 10:48:41 Europe/Zurich] 🔄 Requête OPTIONS (preflight) - Réponse immédiate
[17-Sep-2025 10:48:42 Europe/Zurich] 🔑 client-api.php - Session ID forcé depuis URL: mb012fsotitcougm1324tp1nnm
[17-Sep-2025 10:48:42 Europe/Zurich] 🔑 facture-api.php - Session ID forcé depuis URL: mb012fsotitcougm1324tp1nnm
[17-Sep-2025 10:48:42 Europe/Zurich] 🔍 Session cross-domain analysis :
[17-Sep-2025 10:48:42 Europe/Zurich] 🔍 Session cross-domain analysis :
[17-Sep-2025 10:48:42 Europe/Zurich] - HTTP_ORIGIN: http://localhost:3000
[17-Sep-2025 10:48:42 Europe/Zurich] - HTTP_ORIGIN: http://localhost:3000
[17-Sep-2025 10:48:42 Europe/Zurich] - HTTP_HOST: localhost
[17-Sep-2025 10:48:42 Europe/Zurich] - HTTP_HOST: localhost
[17-Sep-2025 10:48:42 Europe/Zurich] - Is cross-domain: YES
[17-Sep-2025 10:48:42 Europe/Zurich] - Is cross-domain: YES
[17-Sep-2025 10:48:42 Europe/Zurich] 🏠 Configuration same-domain appliquée
[17-Sep-2025 10:48:42 Europe/Zurich] 🔑 parametre-api.php - Session ID forcé depuis URL: mb012fsotitcougm1324tp1nnm
[17-Sep-2025 10:48:42 Europe/Zurich] 🏠 Configuration same-domain appliquée
[17-Sep-2025 10:48:42 Europe/Zurich] 🔍 Session cross-domain analysis :
[17-Sep-2025 10:48:42 Europe/Zurich] 🔧 Session cross-domain configurée - ID: mb012fsotitcougm1324tp1nnm
[17-Sep-2025 10:48:42 Europe/Zurich] - HTTP_ORIGIN: http://localhost:3000
[17-Sep-2025 10:48:42 Europe/Zurich] 🍪 Cookie params: {"lifetime":1800,"path":"\/","domain":"","secure":true,"httponly":false,"samesite":"None"}
[17-Sep-2025 10:48:42 Europe/Zurich] - HTTP_HOST: localhost
[17-Sep-2025 10:48:42 Europe/Zurich] - Is cross-domain: YES
[17-Sep-2025 10:48:42 Europe/Zurich] 🔍 User en session: 2
[17-Sep-2025 10:48:42 Europe/Zurich] 🏠 Configuration same-domain appliquée
[17-Sep-2025 10:48:42 Europe/Zurich] 🔧 Setup CORS - Début
[17-Sep-2025 10:48:42 Europe/Zurich] - Mode: DÉVELOPPEMENT
[17-Sep-2025 10:48:42 Europe/Zurich] - Origin reçu: http://localhost:3000
[17-Sep-2025 10:48:42 Europe/Zurich] 🔍 Test d'autorisation pour origin: 'http://localhost:3000'
[17-Sep-2025 10:48:42 Europe/Zurich] 📝 Origins autorisées: ["http:\/\/localhost:3007","http:\/\/localhost:3000","http:\/\/127.0.0.1:3000","http:\/\/localhost:3007","https:\/\/dev-facturation"]
[17-Sep-2025 10:48:42 Europe/Zurich] ✅ Origin autorisé: http://localhost:3000
[17-Sep-2025 10:48:42 Europe/Zurich] 📤 En-têtes CORS envoyés:
[17-Sep-2025 10:48:42 Europe/Zurich] - Methods: GET, POST, PUT, DELETE, OPTIONS
[17-Sep-2025 10:48:42 Europe/Zurich] - Headers: Content-Type, Authorization, X-Requested-With
[17-Sep-2025 10:48:42 Europe/Zurich] - Credentials: true
[17-Sep-2025 10:48:42 Europe/Zurich] client-api - Chargement de la configuration
[17-Sep-2025 10:48:42 Europe/Zurich] client-api - Méthode: GET
[17-Sep-2025 10:48:42 Europe/Zurich] client-api - URL complète: /fact-back/api/client-api.php?PHPSESSID=mb012fsotitcougm1324tp1nnm&_ts=1758098921522
[17-Sep-2025 10:48:42 Europe/Zurich] client-api - Origin: http://localhost:3000
[17-Sep-2025 10:48:42 Europe/Zurich] client-api - Paramètres GET: {"PHPSESSID":"mb012fsotitcougm1324tp1nnm","_ts":"1758098921522"}
[17-Sep-2025 10:48:42 Europe/Zurich] client-api - Session ID: mb012fsotitcougm1324tp1nnm
[17-Sep-2025 10:48:42 Europe/Zurich] client-api - Session status: 2
[17-Sep-2025 10:48:42 Europe/Zurich] client-api - Session content: {"user_id":2,"user_name":"test_admin","user_role":"admin"}
[17-Sep-2025 10:48:42 Europe/Zurich] 🔍 client-api - Session initialisée par bootstrap.php
[17-Sep-2025 10:48:42 Europe/Zurich] client-api - Session trouvée - User ID: 2, Role: admin
[17-Sep-2025 10:48:42 Europe/Zurich] client-api - Session keys: ["user_id","user_name","user_role"]
[17-Sep-2025 10:48:42 Europe/Zurich] client-api - Cookies reçues: {"PHPSESSID":"mb012fsotitcougm1324tp1nnm"}
[17-Sep-2025 10:48:42 Europe/Zurich] client-api - Méthode: GET
[17-Sep-2025 10:48:42 Europe/Zurich] client-api - Paramètres GET: {"PHPSESSID":"mb012fsotitcougm1324tp1nnm","_ts":"1758098921522"}
[17-Sep-2025 10:48:42 Europe/Zurich] ✅ client-api - Accès autorisé pour utilisateur: 2 (role: admin)
[17-Sep-2025 10:48:42 Europe/Zurich] client-api - Méthode: GET
[17-Sep-2025 10:48:42 Europe/Zurich] client-api - Paramètres GET: {"PHPSESSID":"mb012fsotitcougm1324tp1nnm","_ts":"1758098921522"}
[17-Sep-2025 10:48:42 Europe/Zurich] client-api - Traitement GET pour client
[17-Sep-2025 10:48:42 Europe/Zurich] client-api - Paramètres GET: {"PHPSESSID":"mb012fsotitcougm1324tp1nnm","_ts":"1758098921522"}
[17-Sep-2025 10:48:42 Europe/Zurich] client-api - GET ID: Aucun ID fourni
[17-Sep-2025 10:48:42 Europe/Zurich] 🔑 client-api.php - Session ID forcé depuis URL: mb012fsotitcougm1324tp1nnm
[17-Sep-2025 10:48:42 Europe/Zurich] 🔑 client-api.php - Session ID forcé depuis URL: mb012fsotitcougm1324tp1nnm
[17-Sep-2025 10:48:42 Europe/Zurich] client-api - GET checkFactures: Aucun paramètre checkFactures
[17-Sep-2025 10:48:42 Europe/Zurich] 🔍 Session cross-domain analysis :
[17-Sep-2025 10:48:42 Europe/Zurich] 🔍 Session cross-domain analysis :
[17-Sep-2025 10:48:42 Europe/Zurich] - HTTP_ORIGIN: http://localhost:3000
[17-Sep-2025 10:48:42 Europe/Zurich] client-api - Récupération liste clients (page: 1, limit: 50) pour user: 2
[17-Sep-2025 10:48:42 Europe/Zurich] - HTTP_ORIGIN: http://localhost:3000
[17-Sep-2025 10:48:42 Europe/Zurich] - HTTP_HOST: localhost
[17-Sep-2025 10:48:42 Europe/Zurich] - HTTP_HOST: localhost
[17-Sep-2025 10:48:42 Europe/Zurich] - Is cross-domain: YES
[17-Sep-2025 10:48:42 Europe/Zurich] - Is cross-domain: YES
[17-Sep-2025 10:48:42 Europe/Zurich] 🏠 Configuration same-domain appliquée
[17-Sep-2025 10:48:42 Europe/Zurich] 🔧 Session cross-domain configurée - ID: mb012fsotitcougm1324tp1nnm
[17-Sep-2025 10:48:42 Europe/Zurich] 🏠 Configuration same-domain appliquée
[17-Sep-2025 10:48:42 Europe/Zurich] 🍪 Cookie params: {"lifetime":1800,"path":"\/","domain":"","secure":true,"httponly":false,"samesite":"None"}
[17-Sep-2025 10:48:42 Europe/Zurich] 🔍 User en session: 2
[17-Sep-2025 10:48:42 Europe/Zurich] 🔧 Setup CORS - Début
[17-Sep-2025 10:48:42 Europe/Zurich] - Mode: DÉVELOPPEMENT
[17-Sep-2025 10:48:42 Europe/Zurich] - Origin reçu: http://localhost:3000
[17-Sep-2025 10:48:42 Europe/Zurich] 🔍 Test d'autorisation pour origin: 'http://localhost:3000'
[17-Sep-2025 10:48:42 Europe/Zurich] 📝 Origins autorisées: ["http:\/\/localhost:3007","http:\/\/localhost:3000","http:\/\/127.0.0.1:3000","http:\/\/localhost:3007","https:\/\/dev-facturation"]
[17-Sep-2025 10:48:42 Europe/Zurich] ✅ Origin autorisé: http://localhost:3000
[17-Sep-2025 10:48:42 Europe/Zurich] 📤 En-têtes CORS envoyés:
[17-Sep-2025 10:48:42 Europe/Zurich] - Methods: GET, POST, PUT, DELETE, OPTIONS
[17-Sep-2025 10:48:42 Europe/Zurich] - Headers: Content-Type, Authorization, X-Requested-With
[17-Sep-2025 10:48:42 Europe/Zurich] - Credentials: true
[17-Sep-2025 10:48:42 Europe/Zurich] facture-api - Chargement de la configuration
[17-Sep-2025 10:48:42 Europe/Zurich] facture-api - Méthode: GET
[17-Sep-2025 10:48:42 Europe/Zurich] facture-api - URL complète: /fact-back/api/facture-api.php?PHPSESSID=mb012fsotitcougm1324tp1nnm&annee=2025&_ts=1758098921523
[17-Sep-2025 10:48:42 Europe/Zurich] facture-api - Origin: http://localhost:3000
[17-Sep-2025 10:48:42 Europe/Zurich] facture-api - Paramètres GET: {"PHPSESSID":"mb012fsotitcougm1324tp1nnm","annee":"2025","_ts":"1758098921523"}
[17-Sep-2025 10:48:42 Europe/Zurich] facture-api - Session ID: mb012fsotitcougm1324tp1nnm
[17-Sep-2025 10:48:42 Europe/Zurich] facture-api - Session status: 2
[17-Sep-2025 10:48:42 Europe/Zurich] facture-api - Session content: {"user_id":2,"user_name":"test_admin","user_role":"admin"}
[17-Sep-2025 10:48:42 Europe/Zurich] 🔍 facture-api - Session initialisée par bootstrap.php
[17-Sep-2025 10:48:42 Europe/Zurich] facture-api - Session trouvée - User ID: 2, Role: admin
[17-Sep-2025 10:48:42 Europe/Zurich] ✅ facture-api - Accès autorisé pour utilisateur: 2 (role: admin)
[17-Sep-2025 10:48:42 Europe/Zurich] facture-api - Méthode: GET
[17-Sep-2025 10:48:42 Europe/Zurich] facture-api - Paramètres GET: {"PHPSESSID":"mb012fsotitcougm1324tp1nnm","annee":"2025","_ts":"1758098921523"}
[17-Sep-2025 10:48:42 Europe/Zurich] facture-api - GET - Paramètres: {"PHPSESSID":"mb012fsotitcougm1324tp1nnm","annee":"2025","_ts":"1758098921523"} (user: 2)
[17-Sep-2025 10:48:42 Europe/Zurich] facture-api - GET liste factures avec options: {"annee":2025,"page":1,"limit":50} (user: 2)
[17-Sep-2025 10:48:42 Europe/Zurich] facture-api - Résultat liste factures: {"success":true,"factures":[{"id_facture":75,"numero_facture":"063.2025","date_facture":"2025-09-16","montant_total":"5010.00","id_client":5,"date_edition":"2025-09-16 11:41:34","factfilename":null,"date_envoi":null,"date_paiement":null,"date_dernier_paiement":null,"montant_paye":"0.00","montant_paye_total":"0.00","montant_restant":"0.00","nb_paiements":0,"date_annulation":null,"etat":"En attente","ristourne":"0.00","nom":"C\u00e9sar","prenom":"Jules","email":"jules.cesar@rome.com"},{"id_facture":71,"numero_facture":"059.2025","date_facture":"2025-09-14","montant_total":"5010.00","id_client":5,"date_edition":"2025-09-16 11:39:39","factfilename":"facture_059.2025_Jules_Cesar_20250916_113939.pdf","date_envoi":null,"date_paiement":null,"date_dernier_paiement":null,"montant_paye":"0.00","montant_paye_total":"0.00","montant_restant":"0.00","nb_paiements":0,"date_annulation":null,"etat":"\u00c9dit\u00e9e","ristourne":"0.00","nom":"C\u00e9sar","prenom":"Jules","email":"jules.cesar@rome.com"},{"id_facture":72,"numero_facture":"060.2025","date_facture":"2025-09-14","montant_total":"510.00","id_client":5,"date_edition":"2025-09-14 13:04:14","factfilename":"facture_060.2025_Jules_Cesar_20250914_130413.pdf","date_envoi":null,"date_paiement":null,"date_dernier_paiement":null,"montant_paye":"0.00","montant_paye_total":"0.00","montant_restant":"0.00","nb_paiements":0,"date_annulation":"2025-09-14","etat":"Annul\u00e9e","ristourne":"0.00","nom":"C\u00e9sar","prenom":"Jules","email":"jules.cesar@rome.com"},{"id_facture":74,"numero_facture":"062.2025","date_facture":"2025-09-14","montant_total":"1830.00","id_client":5,"date_edition":"2025-09-14 10:56:50","factfilename":"facture_062.2025_Jules_Cesar_20250914_105649.pdf","date_envoi":null,"date_paiement":null,"date_dernier_paiement":null,"montant_paye":"0.00","montant_paye_total":"0.00","montant_restant":"0.00","nb_paiements":0,"date_annulation":null,"etat":"\u00c9dit\u00e9e","ristourne":"0.00","nom":"C\u00e9sar","prenom":"Jules","email":"jules.cesar@rome.com"},{"id_facture":69,"numero_facture":"057.2025","date_facture":"2025-09-14","montant_total":"510.00","id_client":5,"date_edition":"2025-09-14 02:18:40","factfilename":null,"date_envoi":null,"date_paiement":null,"date_dernier_paiement":null,"montant_paye":"0.00","montant_paye_total":"0.00","montant_restant":"0.00","nb_paiements":0,"date_annulation":null,"etat":"En attente","ristourne":"0.00","nom":"C\u00e9sar","prenom":"Jules","email":"jules.cesar@rome.com"},{"id_facture":70,"numero_facture":"058.2025","date_facture":"2025-09-14","montant_total":"510.00","id_client":5,"date_edition":"2025-09-14 02:22:20","factfilename":null,"date_envoi":null,"date_paiement":null,"date_dernier_paiement":null,"montant_paye":"0.00","montant_paye_total":"0.00","montant_restant":"0.00","nb_paiements":0,"date_annulation":null,"etat":"En attente","ristourne":"0.00","nom":"C\u00e9sar","prenom":"Jules","email":"jules.cesar@rome.com"},{"id_facture":60,"numero_facture":"050.2025","date_facture":"2025-08-08","montant_total":"90.00","id_client":5,"date_edition":"2025-08-08 09:26:14","factfilename":null,"date_envoi":null,"date_paiement":null,"date_dernier_paiement":null,"montant_paye":"0.00","montant_paye_total":"0.00","montant_restant":"0.00","nb_paiements":0,"date_annulation":null,"etat":"En attente","ristourne":"0.00","nom":"C\u00e9sar","prenom":"Jules","email":"jules.cesar@rome.com"},{"id_facture":63,"numero_facture":"053.2025","date_facture":"2025-08-08","montant_total":"30.00","id_client":15,"date_edition":"2025-09-12 07:56:55","factfilename":"facture_053.2025_Eleonore_Dubois_20250912_075655.pdf","date_envoi":null,"date_paiement":null,"date_dernier_paiement":null,"montant_paye":"0.00","montant_paye_total":"0.00","montant_restant":"0.00","nb_paiements":0,"date_annulation":null,"etat":"\u00c9dit\u00e9e","ristourne":"0.00","nom":"Dubois","prenom":"\u00c9l\u00e9onore","email":"eleonore.dubois@example.ch"},{"id_facture":64,"numero_facture":"054.2025","date_facture":"2025-08-08","montant_total":"210.00","id_client":15,"date_edition":"2025-09-13 18:48:31","factfilename":"facture_054.2025_Eleonore_Dubois_20250913_184831.pdf","date_envoi":null,"date_paiement":null,"date_dernier_paiement":null,"montant_paye":"0.00","montant_paye_total":"0.00","montant_restant":"0.00","nb_paiements":0,"date_annulation":null,"etat":"\u00c9dit\u00e9e","ristourne":"0.00","nom":"Dubois","prenom":"\u00c9l\u00e9onore","email":"eleonore.dubois@example.ch"},{"id_facture":65,"numero_facture":"055.2025","date_facture":"2025-08-08","montant_total":"120.00","id_client":15,"date_edition":"2025-09-08 08:10:41","factfilename":"facture_055.2025_Eleonore_Dubois_20250908_081041.pdf","date_envoi":"2025-08-08","date_paiement":null,"date_dernier_paiement":null,"montant_paye":"120.00","montant_paye_total":"0.00","montant_restant":"120.00","nb_paiements":0,"date_annulation":null,"etat":"Envoy\u00e9e","ristourne":"0.00","nom":"Dubois","prenom":"\u00c9l\u00e9onore","email":"eleonore.dubois@example.ch"},{"id_facture":66,"numero_facture":"056.2025","date_facture":"2025-08-05","montant_total":"510.00","id_client":5,"date_edition":"2025-09-13 18:48:51","factfilename":"facture_056.2025_Jules_Cesar_20250913_184851.pdf","date_envoi":null,"date_paiement":null,"date_dernier_paiement":null,"montant_paye":"0.00","montant_paye_total":"0.00","montant_restant":"0.00","nb_paiements":0,"date_annulation":null,"etat":"\u00c9dit\u00e9e","ristourne":"0.00","nom":"C\u00e9sar","prenom":"Jules","email":"jules.cesar@rome.com"},{"id_facture":57,"numero_facture":"047.2025","date_facture":"2025-07-29","montant_total":"90.00","id_client":5,"date_edition":"2025-07-29 11:48:16","factfilename":null,"date_envoi":null,"date_paiement":null,"date_dernier_paiement":null,"montant_paye":"0.00","montant_paye_total":"0.00","montant_restant":"0.00","nb_paiements":0,"date_annulation":null,"etat":"En attente","ristourne":"0.00","nom":"C\u00e9sar","prenom":"Jules","email":"jules.cesar@rome.com"},{"id_facture":55,"numero_facture":"045.2025","date_facture":"2025-07-29","montant_total":"60.00","id_client":5,"date_edition":"2025-07-29 09:13:41","factfilename":"facture_045.2025_Jules_Cesar_20250729_091341.pdf","date_envoi":"2025-07-29","date_paiement":null,"date_dernier_paiement":"2025-07-29 09:14:58","montant_paye":"20.00","montant_paye_total":"20.00","montant_restant":"40.00","nb_paiements":1,"date_annulation":"2025-08-08","etat":"Annul\u00e9e","ristourne":"0.00","nom":"C\u00e9sar","prenom":"Jules","email":"jules.cesar@rome.com"},{"id_facture":56,"numero_facture":"046.2025","date_facture":"2025-07-29","montant_total":"60.00","id_client":5,"date_edition":"2025-07-29 11:25:33","factfilename":"facture_046.2025_Jules_Cesar_20250729_112533.pdf","date_envoi":"2025-07-29","date_paiement":null,"date_dernier_paiement":"2025-07-30 00:00:00","montant_paye":"8.00","montant_paye_total":"41.00","montant_restant":"19.00","nb_paiements":6,"date_annulation":null,"etat":"Partiellement pay\u00e9e","ristourne":"0.00","nom":"C\u00e9sar","prenom":"Jules","email":"jules.cesar@rome.com"},{"id_facture":54,"numero_facture":"044.2025","date_facture":"2025-07-25","montant_total":"30.00","id_client":5,"date_edition":"2025-07-29 09:11:51","factfilename":"facture_044.2025_Jules_Cesar_20250729_091151.pdf","date_envoi":"2025-07-25","date_paiement":null,"date_dernier_paiement":"2025-07-25 00:00:00","montant_paye":"15.00","montant_paye_total":"15.00","montant_restant":"15.00","nb_paiements":1,"date_annulation":null,"etat":"Partiellement pay\u00e9e","ristourne":"0.00","nom":"C\u00e9sar","prenom":"Jules","email":"jules.cesar@rome.com"},{"id_facture":51,"numero_facture":"041.2025","date_facture":"2025-07-24","montant_total":"30.00","id_client":5,"date_edition":"2025-07-24 16:39:56","factfilename":"facture_041.2025_Jules_Cesar_20250724_163956.pdf","date_envoi":"2025-07-24","date_paiement":"2025-07-25 00:00:00","date_dernier_paiement":"2025-07-25 00:00:00","montant_paye":"30.00","montant_paye_total":"30.00","montant_restant":"0.00","nb_paiements":1,"date_annulation":null,"etat":"Pay\u00e9e","ristourne":"0.00","nom":"C\u00e9sar","prenom":"Jules","email":"jules.cesar@rome.com"},{"id_facture":52,"numero_facture":"042.2025","date_facture":"2025-07-24","montant_total":"30.00","id_client":5,"date_edition":"2025-07-25 07:53:12","factfilename":"facture_042.2025_Jules_Cesar_20250725_075312.pdf","date_envoi":"2025-07-24","date_paiement":null,"date_dernier_paiement":"2025-07-25 08:24:37","montant_paye":"5.00","montant_paye_total":"30.00","montant_restant":"0.00","nb_paiements":3,"date_annulation":null,"etat":"Pay\u00e9e","ristourne":"0.00","nom":"C\u00e9sar","prenom":"Jules","email":"jules.cesar@rome.com"},{"id_facture":53,"numero_facture":"043.2025","date_facture":"2025-07-24","montant_total":"30.00","id_client":5,"date_edition":"2025-09-08 10:43:57","factfilename":"facture_043.2025_Jules_Cesar_20250908_104356.pdf","date_envoi":"2025-07-24","date_paiement":null,"date_dernier_paiement":"2025-07-25 14:24:49","montant_paye":"10.00","montant_paye_total":"10.00","montant_restant":"20.00","nb_paiements":1,"date_annulation":"2025-08-08","etat":"Annul\u00e9e","ristourne":"0.00","nom":"C\u00e9sar","prenom":"Jules","email":"jules.cesar@rome.com"},{"id_facture":50,"numero_facture":"040.2025","date_facture":"2025-07-24","montant_total":"30.00","id_client":5,"date_edition":"2025-07-24 16:44:52","factfilename":"facture_040.2025_Jules_Cesar_20250724_164452.pdf","date_envoi":"2025-07-24","date_paiement":"2025-07-25 00:00:00","date_dernier_paiement":"2025-07-25 00:00:00","montant_paye":"30.00","montant_paye_total":"30.00","montant_restant":"0.00","nb_paiements":1,"date_annulation":null,"etat":"Pay\u00e9e","ristourne":"0.00","nom":"C\u00e9sar","prenom":"Jules","email":"jules.cesar@rome.com"},{"id_facture":49,"numero_facture":"039.2025","date_facture":"2025-07-22","montant_total":"0.00","id_client":2,"date_edition":"2025-07-25 06:11:47","factfilename":"facture_039.2025_Gilles_Dubey_20250725_061147.pdf","date_envoi":"2025-07-22","date_paiement":null,"date_dernier_paiement":null,"montant_paye":"0.00","montant_paye_total":"0.00","montant_restant":"0.00","nb_paiements":0,"date_annulation":null,"etat":"Envoy\u00e9e","ristourne":"0.00","nom":"Dubey","prenom":"Gilles","email":"gilles.dubey@ik.me"},{"id_facture":47,"numero_facture":"036.2025","date_facture":"2025-07-22","montant_total":"30.00","id_client":5,"date_edition":"2025-07-22 16:24:56","factfilename":"facture_036.2025_Jules_Cesar_20250722_162456.pdf","date_envoi":"2025-07-22","date_paiement":"2025-07-25 00:00:00","date_dernier_paiement":"2025-07-25 00:00:00","montant_paye":"30.00","montant_paye_total":"30.00","montant_restant":"0.00","nb_paiements":1,"date_annulation":null,"etat":"Pay\u00e9e","ristourne":"0.00","nom":"C\u00e9sar","prenom":"Jules","email":"jules.cesar@rome.com"},{"id_facture":48,"numero_facture":"038.2025","date_facture":"2025-07-22","montant_total":"30.00","id_client":5,"date_edition":"2025-07-22 15:09:05","factfilename":"facture_038.2025_Jules_Cesar_20250722_150905.pdf","date_envoi":null,"date_paiement":null,"date_dernier_paiement":null,"montant_paye":"0.00","montant_paye_total":"0.00","montant_restant":"30.00","nb_paiements":0,"date_annulation":"2025-07-22","etat":"Annul\u00e9e","ristourne":"0.00","nom":"C\u00e9sar","prenom":"Jules","email":"jules.cesar@rome.com"},{"id_facture":46,"numero_facture":"011.2025","date_facture":"2025-07-21","montant_total":"1860.00","id_client":5,"date_edition":"2025-09-08 10:44:57","factfilename":"facture_011.2025_Jules_Cesar_20250908_104457.pdf","date_envoi":"2025-07-23","date_paiement":null,"date_dernier_paiement":null,"montant_paye":"0.00","montant_paye_total":"0.00","montant_restant":"1860.00","nb_paiements":0,"date_annulation":null,"etat":"Envoy\u00e9e","ristourne":"0.00","nom":"C\u00e9sar","prenom":"Jules","email":"jules.cesar@rome.com"},{"id_facture":44,"numero_facture":"009.2025","date_facture":"2025-07-14","montant_total":"788.00","id_client":2,"date_edition":"2025-07-23 07:22:45","factfilename":"facture_009.2025_Gilles_Dubey_20250723_072245.pdf","date_envoi":"2025-07-23","date_paiement":null,"date_dernier_paiement":null,"montant_paye":null,"montant_paye_total":"0.00","montant_restant":"786.00","nb_paiements":0,"date_annulation":null,"etat":"Envoy\u00e9e","ristourne":"2.00","nom":"Dubey","prenom":"Gilles","email":"gilles.dubey@ik.me"},{"id_facture":43,"numero_facture":"008.2025","date_facture":"2025-07-13","montant_total":"3570.00","id_client":5,"date_edition":"2025-09-08 10:44:30","factfilename":"facture_008.2025_Jules_Cesar_20250908_104430.pdf","date_envoi":"2025-07-23","date_paiement":null,"date_dernier_paiement":null,"montant_paye":"0.00","montant_paye_total":"0.00","montant_restant":"3570.00","nb_paiements":0,"date_annulation":null,"etat":"Envoy\u00e9e","ristourne":"0.00","nom":"C\u00e9sar","prenom":"Jules","email":"jules.cesar@rome.com"},{"id_facture":42,"numero_facture":"007.2025","date_facture":"2025-07-12","montant_total":"3570.00","id_client":5,"date_edition":"2025-07-13 12:04:18","factfilename":"facture_007.2025_Jules_Cesar_20250713_120417.pdf","date_envoi":"2025-07-22","date_paiement":null,"date_dernier_paiement":null,"montant_paye":"0.00","montant_paye_total":"0.00","montant_restant":"3570.00","nb_paiements":0,"date_annulation":null,"etat":"Envoy\u00e9e","ristourne":"0.00","nom":"C\u00e9sar","prenom":"Jules","email":"jules.cesar@rome.com"},{"id_facture":41,"numero_facture":"006.2025","date_facture":"2025-07-09","montant_total":"720.00","id_client":5,"date_edition":"2025-07-09 09:20:52","factfilename":"facture_006.2025_Jules_Cesar_20250709_092051.pdf","date_envoi":"2025-07-09","date_paiement":null,"date_dernier_paiement":null,"montant_paye":"0.00","montant_paye_total":"0.00","montant_restant":"720.00","nb_paiements":0,"date_annulation":null,"etat":"Envoy\u00e9e","ristourne":"0.00","nom":"C\u00e9sar","prenom":"Jules","email":"jules.cesar@rome.com"},{"id_facture":40,"numero_facture":"005.2025","date_facture":"2025-06-30","montant_total":"180.00","id_client":9,"date_edition":"2025-06-26 22:30:04","factfilename":"facture_005.2025_Suzanne_Corminboeuf_20250626_223004.pdf","date_envoi":null,"date_paiement":null,"date_dernier_paiement":null,"montant_paye":"0.00","montant_paye_total":"0.00","montant_restant":"180.00","nb_paiements":0,"date_annulation":null,"etat":"\u00c9dit\u00e9e","ristourne":"0.00","nom":"Corminboeuf","prenom":"Suzanne","email":"suzanne.corminboeuf@gmail.com"},{"id_facture":39,"numero_facture":"004.2025","date_facture":"2025-06-26","montant_total":"270.00","id_client":8,"date_edition":"2025-06-26 22:20:29","factfilename":"facture_004.2025_Sandrine_Bouquet_20250626_222029.pdf","date_envoi":null,"date_paiement":null,"date_dernier_paiement":null,"montant_paye":"0.00","montant_paye_total":"0.00","montant_restant":"270.00","nb_paiements":0,"date_annulation":null,"etat":"\u00c9dit\u00e9e","ristourne":"0.00","nom":"Bouquet","prenom":"Sandrine","email":"sandrine@pilatitude.ch"},{"id_facture":38,"numero_facture":"003.2025","date_facture":"2025-06-26","montant_total":"1579.00","id_client":1,"date_edition":"2025-07-13 12:03:33","factfilename":"facture_003.2025_Michele_Spirig_20250713_120333.pdf","date_envoi":"2025-06-26","date_paiement":null,"date_dernier_paiement":null,"montant_paye":"0.00","montant_paye_total":"0.00","montant_restant":"1579.00","nb_paiements":0,"date_annulation":null,"etat":"\u00c9dit\u00e9e","ristourne":"0.50","nom":"Spirig","prenom":"Mich\u00e8le","email":"info@feeduyoga.ch"},{"id_facture":36,"numero_facture":"036.2025","date_facture":"2025-06-25","montant_total":"30.00","id_client":5,"date_edition":"2025-07-13 12:03:54","factfilename":"facture_036.2025_Jules_Cesar_20250713_120354.pdf","date_envoi":"2025-06-30","date_paiement":"2025-07-01 00:00:00","date_dernier_paiement":"2025-07-01 00:00:00","montant_paye":"30.00","montant_paye_total":"30.00","montant_restant":"0.00","nb_paiements":1,"date_annulation":null,"etat":"Pay\u00e9e","ristourne":"0.00","nom":"C\u00e9sar","prenom":"Jules","email":"jules.cesar@rome.com"},{"id_facture":37,"numero_facture":"037.2025","date_facture":"2025-06-25","montant_total":"30.00","id_client":5,"date_edition":"2025-07-22 08:03:17","factfilename":"facture_037.2025_Jules_Cesar_20250722_080317.pdf","date_envoi":"2025-06-25","date_paiement":"2025-06-25 00:00:00","date_dernier_paiement":"2025-06-25 00:00:00","montant_paye":"30.00","montant_paye_total":"30.00","montant_restant":"0.00","nb_paiements":1,"date_annulation":null,"etat":"Pay\u00e9e","ristourne":"0.00","nom":"C\u00e9sar","prenom":"Jules","email":"jules.cesar@rome.com"},{"id_facture":35,"numero_facture":"035.2025","date_facture":"2025-05-22","montant_total":"470.00","id_client":5,"date_edition":"2025-07-21 08:10:08","factfilename":"facture_035.2025_Jules_Cesar_20250721_081008.pdf","date_envoi":"2025-07-21","date_paiement":"2025-07-21 00:00:00","date_dernier_paiement":"2025-07-21 00:00:00","montant_paye":"470.00","montant_paye_total":"470.00","montant_restant":"0.00","nb_paiements":1,"date_annulation":null,"etat":"Pay\u00e9e","ristourne":"0.00","nom":"C\u00e9sar","prenom":"Jules","email":"jules.cesar@rome.com"},{"id_facture":34,"numero_facture":"034.2025","date_facture":"2025-05-21","montant_total":"378.00","id_client":5,"date_edition":"2025-05-22 19:18:44","factfilename":"facture_034.2025_Jules_C\u00e9sar_20250522_191843.pdf","date_envoi":"2025-06-04","date_paiement":"2025-07-07 00:00:00","date_dernier_paiement":"2025-07-07 00:00:00","montant_paye":"378.00","montant_paye_total":"378.00","montant_restant":"0.00","nb_paiements":1,"date_annulation":null,"etat":"Pay\u00e9e","ristourne":"2.00","nom":"C\u00e9sar","prenom":"Jules","email":"jules.cesar@rome.com"},{"id_facture":33,"numero_facture":"033.2025","date_facture":"2025-05-19","montant_total":"180.00","id_client":7,"date_edition":"2025-07-21 16:13:03","factfilename":"facture_033.2025_Hans_Muller_20250721_161303.pdf","date_envoi":"2025-05-22","date_paiement":"2025-05-22 00:00:00","date_dernier_paiement":"2025-05-22 00:00:00","montant_paye":"180.00","montant_paye_total":"180.00","montant_restant":"0.00","nb_paiements":1,"date_annulation":null,"etat":"Pay\u00e9e","ristourne":"0.00","nom":"M\u00fcller","prenom":"Hans","email":"hans.mueller@example.ch"},{"id_facture":30,"numero_facture":"030.2025","date_facture":"2025-05-19","montant_total":"50.00","id_client":1,"date_edition":"2025-05-30 09:49:15","factfilename":"facture_030.2025_Mich\u00e8le_Spirig_20250530_094915.pdf","date_envoi":"2025-05-19","date_paiement":"2025-05-19 00:00:00","date_dernier_paiement":"2025-05-19 00:00:00","montant_paye":"50.00","montant_paye_total":"50.00","montant_restant":"0.00","nb_paiements":1,"date_annulation":null,"etat":"Pay\u00e9e","ristourne":"4.00","nom":"Spirig","prenom":"Mich\u00e8le","email":"info@feeduyoga.ch"},{"id_facture":31,"numero_facture":"031.2025","date_facture":"2025-05-19","montant_total":"120.00","id_client":7,"date_edition":"2025-05-30 10:38:50","factfilename":"facture_031.2025_Hans_M\u00fcller_20250530_103850.pdf","date_envoi":"2025-06-04","date_paiement":"2025-07-07 00:00:00","date_dernier_paiement":"2025-07-07 00:00:00","montant_paye":"120.00","montant_paye_total":"120.00","montant_restant":"0.00","nb_paiements":1,"date_annulation":null,"etat":"Pay\u00e9e","ristourne":"0.00","nom":"M\u00fcller","prenom":"Hans","email":"hans.mueller@example.ch"},{"id_facture":28,"numero_facture":"028.2025","date_facture":"2025-05-16","montant_total":"4270.00","id_client":2,"date_edition":"2025-09-13 18:49:13","factfilename":"facture_028.2025_Gilles_Dubey_20250913_184912.pdf","date_envoi":"2025-06-04","date_paiement":"2025-07-07 00:00:00","date_dernier_paiement":"2025-07-07 00:00:00","montant_paye":"4270.00","montant_paye_total":"4270.00","montant_restant":"0.00","nb_paiements":1,"date_annulation":null,"etat":"Pay\u00e9e","ristourne":"3.50","nom":"Dubey","prenom":"Gilles","email":"gilles.dubey@ik.me"},{"id_facture":27,"numero_facture":"027.2025","date_facture":"2025-05-15","montant_total":"1.00","id_client":5,"date_edition":"2025-05-24 09:41:03","factfilename":"facture_027.2025_Jules_C\u00e9sar_20250524_094102.pdf","date_envoi":"2025-06-04","date_paiement":"2025-07-07 00:00:00","date_dernier_paiement":"2025-07-07 00:00:00","montant_paye":"1.00","montant_paye_total":"1.00","montant_restant":"0.00","nb_paiements":1,"date_annulation":null,"etat":"Pay\u00e9e","ristourne":"0.00","nom":"C\u00e9sar","prenom":"Jules","email":"jules.cesar@rome.com"},{"id_facture":26,"numero_facture":"026.2025","date_facture":"2025-05-13","montant_total":"700.00","id_client":2,"date_edition":"2025-05-13 17:09:23","factfilename":"facture_026.2025_Gilles_Dubey_20250513_170923.pdf","date_envoi":"2025-05-13","date_paiement":"2025-05-13 00:00:00","date_dernier_paiement":"2025-05-13 00:00:00","montant_paye":"700.00","montant_paye_total":"700.00","montant_restant":"0.00","nb_paiements":1,"date_annulation":null,"etat":"Pay\u00e9e","ristourne":"0.00","nom":"Dubey","prenom":"Gilles","email":"gilles.dubey@ik.me"},{"id_facture":24,"numero_facture":"024.2025","date_facture":"2025-04-29","montant_total":"60.00","id_client":5,"date_edition":"2025-09-13 18:49:36","factfilename":"facture_024.2025_Jules_Cesar_20250913_184936.pdf","date_envoi":"2025-07-07","date_paiement":null,"date_dernier_paiement":null,"montant_paye":"0.00","montant_paye_total":"0.00","montant_restant":"60.00","nb_paiements":0,"date_annulation":"2025-07-14","etat":"Annul\u00e9e","ristourne":"0.00","nom":"C\u00e9sar","prenom":"Jules","email":"jules.cesar@rome.com"},{"id_facture":25,"numero_facture":"025.2025","date_facture":"2025-04-29","montant_total":"1860.00","id_client":5,"date_edition":"2025-05-24 10:07:46","factfilename":"facture_025.2025_Jules_C\u00e9sar_20250524_100746.pdf","date_envoi":"2025-07-07","date_paiement":null,"date_dernier_paiement":null,"montant_paye":"0.00","montant_paye_total":"0.00","montant_restant":"1860.00","nb_paiements":0,"date_annulation":"2025-07-21","etat":"Annul\u00e9e","ristourne":"0.00","nom":"C\u00e9sar","prenom":"Jules","email":"jules.cesar@rome.com"},{"id_facture":23,"numero_facture":"023.2025","date_facture":"2025-04-29","montant_total":"10.00","id_client":2,"date_edition":"2025-07-25 05:52:38","factfilename":"facture_023.2025_Gilles_Dubey_20250725_055238.pdf","date_envoi":"2025-07-25","date_paiement":null,"date_dernier_paiement":null,"montant_paye":"0.00","montant_paye_total":"0.00","montant_restant":"10.00","nb_paiements":0,"date_annulation":null,"etat":"Envoy\u00e9e","ristourne":"2.00","nom":"Dubey","prenom":"Gilles","email":"gilles.dubey@ik.me"},{"id_facture":19,"numero_facture":"019.2025","date_facture":"2025-04-28","montant_total":"75.00","id_client":4,"date_edition":"2025-05-11 20:48:10","factfilename":"facture_019.2025_Victor_Hugo_20250511_204810.pdf","date_envoi":"2025-07-09","date_paiement":null,"date_dernier_paiement":null,"montant_paye":"0.00","montant_paye_total":"0.00","montant_restant":"75.00","nb_paiements":0,"date_annulation":null,"etat":"Envoy\u00e9e","ristourne":"0.00","nom":"Hugo","prenom":"Victor","email":"victor.hugo@miserables.com"},{"id_facture":21,"numero_facture":"021.2025","date_facture":"2025-04-28","montant_total":"200.00","id_client":1,"date_edition":"2025-05-30 09:23:39","factfilename":"facture_021.2025_Mich\u00e8le_Spirig_20250530_092339.pdf","date_envoi":"2025-06-04","date_paiement":"2025-06-06 00:00:00","date_dernier_paiement":"2025-06-06 00:00:00","montant_paye":"200.00","montant_paye_total":"200.00","montant_restant":"0.00","nb_paiements":1,"date_annulation":null,"etat":"Pay\u00e9e","ristourne":"2.50","nom":"Spirig","prenom":"Mich\u00e8le","email":"info@feeduyoga.ch"},{"id_facture":20,"numero_facture":"020.2025","date_facture":"2025-04-28","montant_total":"25.00","id_client":3,"date_edition":"2025-05-30 09:57:27","factfilename":"facture_020.2025_Lady_Gaga_20250530_095727.pdf","date_envoi":"2025-07-07","date_paiement":"2025-07-14 00:00:00","date_dernier_paiement":"2025-07-14 00:00:00","montant_paye":"25.00","montant_paye_total":"25.00","montant_restant":"0.00","nb_paiements":1,"date_annulation":null,"etat":"Pay\u00e9e","ristourne":"0.00","nom":"Gaga","prenom":"Lady","email":"lady.gaga@ladygaga.com"},{"id_facture":18,"numero_facture":"018.2025","date_facture":"2025-04-27","montant_total":"125.00","id_client":3,"date_edition":"2025-04-28 06:08:56","factfilename":"facture_018.2025_Lady_Gaga_20250428_060856.pdf","date_envoi":"2025-06-04","date_paiement":null,"date_dernier_paiement":null,"montant_paye":"0.00","montant_paye_total":"0.00","montant_restant":"125.00","nb_paiements":0,"date_annulation":"2025-07-09","etat":"Annul\u00e9e","ristourne":"0.00","nom":"Gaga","prenom":"Lady","email":"lady.gaga@ladygaga.com"},{"id_facture":16,"numero_facture":"016.2025","date_facture":"2025-04-25","montant_total":"120.00","id_client":5,"date_edition":"2025-04-25 12:32:16","factfilename":"facture_016.2025_Jules_C\u00e9sar_20250425_123216.pdf","date_envoi":"2025-07-09","date_paiement":null,"date_dernier_paiement":null,"montant_paye":"0.00","montant_paye_total":"0.00","montant_restant":"120.00","nb_paiements":0,"date_annulation":null,"etat":"Envoy\u00e9e","ristourne":"0.00","nom":"C\u00e9sar","prenom":"Jules","email":"jules.cesar@rome.com"},{"id_facture":14,"numero_facture":"014.2025","date_facture":"2025-04-25","montant_total":"30.00","id_client":2,"date_edition":"2025-04-25 07:46:19","factfilename":null,"date_envoi":null,"date_paiement":null,"date_dernier_paiement":null,"montant_paye":"0.00","montant_paye_total":"0.00","montant_restant":"30.00","nb_paiements":0,"date_annulation":null,"etat":"En attente","ristourne":"0.00","nom":"Dubey","prenom":"Gilles","email":"gilles.dubey@ik.me"},{"id_facture":17,"numero_facture":"017.2025","date_facture":"2025-04-25","montant_total":"788.00","id_client":2,"date_edition":"2025-04-28 06:51:44","factfilename":"facture_017.2025_Gilles_Dubey_20250428_065144.pdf","date_envoi":"2025-07-09","date_paiement":null,"date_dernier_paiement":null,"montant_paye":"0.00","montant_paye_total":"0.00","montant_restant":"788.00","nb_paiements":0,"date_annulation":null,"etat":"Envoy\u00e9e","ristourne":"2.00","nom":"Dubey","prenom":"Gilles","email":"gilles.dubey@ik.me"},{"id_facture":13,"numero_facture":"013.2025","date_facture":"2025-04-23","montant_total":"3330.00","id_client":2,"date_edition":"2025-04-27 00:11:40","factfilename":"facture_013.2025_Gilles_Dubey_20250427_001140.pdf","date_envoi":null,"date_paiement":null,"date_dernier_paiement":null,"montant_paye":"0.00","montant_paye_total":"0.00","montant_restant":"3330.00","nb_paiements":0,"date_annulation":null,"etat":"Envoy\u00e9e","ristourne":"6.40","nom":"Dubey","prenom":"Gilles","email":"gilles.dubey@ik.me"},{"id_facture":10,"numero_facture":"010.2025","date_facture":"2025-04-22","montant_total":"390.00","id_client":2,"date_edition":"2025-04-22 15:03:49","factfilename":"facture_010.2025_Gilles_Dubey_20250422_150349.pdf","date_envoi":null,"date_paiement":"2025-04-22 00:00:00","date_dernier_paiement":"2025-04-22 00:00:00","montant_paye":"390.00","montant_paye_total":"390.00","montant_restant":"0.00","nb_paiements":1,"date_annulation":null,"etat":"Pay\u00e9e","ristourne":"2.00","nom":"Dubey","prenom":"Gilles","email":"gilles.dubey@ik.me"},{"id_facture":11,"numero_facture":"011.2025","date_facture":"2025-04-22","montant_total":"50.00","id_client":2,"date_edition":"2025-04-25 06:27:26","factfilename":"facture_011.2025_Gilles_Dubey_20250425_062726.pdf","date_envoi":null,"date_paiement":"2025-04-25 00:00:00","date_dernier_paiement":"2025-04-25 00:00:00","montant_paye":"50.00","montant_paye_total":"50.00","montant_restant":"0.00","nb_paiements":1,"date_annulation":null,"etat":"Pay\u00e9e","ristourne":"4.00","nom":"Dubey","prenom":"Gilles","email":"gilles.dubey@ik.me"},{"id_facture":12,"numero_facture":"012.2025","date_facture":"2025-04-22","montant_total":"10.00","id_client":2,"date_edition":"2025-04-23 06:38:19","factfilename":"facture_012.2025_Gilles_Dubey_20250423_063819.pdf","date_envoi":null,"date_paiement":"2025-04-23 00:00:00","date_dernier_paiement":"2025-04-23 00:00:00","montant_paye":"10.00","montant_paye_total":"10.00","montant_restant":"0.00","nb_paiements":1,"date_annulation":null,"etat":"Pay\u00e9e","ristourne":"0.00","nom":"Dubey","prenom":"Gilles","email":"gilles.dubey@ik.me"},{"id_facture":7,"numero_facture":"007.2025","date_facture":"2025-04-18","montant_total":"120.00","id_client":2,"date_edition":"2025-04-23 04:55:24","factfilename":"facture_007.2025_Gilles_Dubey_20250423_045524.pdf","date_envoi":"2025-07-09","date_paiement":null,"date_dernier_paiement":null,"montant_paye":"0.00","montant_paye_total":"0.00","montant_restant":"120.00","nb_paiements":0,"date_annulation":null,"etat":"Envoy\u00e9e","ristourne":"2.25","nom":"Dubey","prenom":"Gilles","email":"gilles.dubey@ik.me"},{"id_facture":3,"numero_facture":"003.2025","date_facture":"2025-04-18","montant_total":"150.00","id_client":2,"date_edition":"2025-07-22 21:51:31","factfilename":"facture_003.2025_Gilles_Dubey_20250722_215130.pdf","date_envoi":"2025-07-22","date_paiement":null,"date_dernier_paiement":null,"montant_paye":"100.00","montant_paye_total":"0.00","montant_restant":"150.00","nb_paiements":0,"date_annulation":null,"etat":"Envoy\u00e9e","ristourne":"0.00","nom":"Dubey","prenom":"Gilles","email":"gilles.dubey@ik.me"},{"id_facture":9,"numero_facture":"009.2025","date_facture":"2025-04-18","montant_total":"20.00","id_client":2,"date_edition":"2025-05-19 19:13:56","factfilename":"facture_009.2025_Gilles_Dubey_20250519_191356.pdf","date_envoi":null,"date_paiement":null,"date_dernier_paiement":null,"montant_paye":"0.00","montant_paye_total":"0.00","montant_restant":"20.00","nb_paiements":0,"date_annulation":"2025-04-22","etat":"Annul\u00e9e","ristourne":"4.50","nom":"Dubey","prenom":"Gilles","email":"gilles.dubey@ik.me"},{"id_facture":4,"numero_facture":"004.2025","date_facture":"2025-04-18","montant_total":"31.50","id_client":2,"date_edition":"2025-06-04 19:48:36","factfilename":"facture_004.2025_Gilles_Dubey_20250604_194836.pdf","date_envoi":"2025-07-09","date_paiement":null,"date_dernier_paiement":null,"montant_paye":"0.00","montant_paye_total":"0.00","montant_restant":"31.50","nb_paiements":0,"date_annulation":null,"etat":"Envoy\u00e9e","ristourne":"0.00","nom":"Dubey","prenom":"Gilles","email":"gilles.dubey@ik.me"},{"id_facture":5,"numero_facture":"005.2025","date_facture":"2025-04-18","montant_total":"32.05","id_client":2,"date_edition":"2025-06-04 01:31:01","factfilename":"facture_005.2025_Gilles_Dubey_20250604_013101.pdf","date_envoi":"2025-07-09","date_paiement":null,"date_dernier_paiement":null,"montant_paye":"0.00","montant_paye_total":"0.00","montant_restant":"32.05","nb_paiements":0,"date_annulation":null,"etat":"Envoy\u00e9e","ristourne":"0.00","nom":"Dubey","prenom":"Gilles","email":"gilles.dubey@ik.me"},{"id_facture":6,"numero_facture":"006.2025","date_facture":"2025-04-18","montant_total":"235.55","id_client":2,"date_edition":"2025-05-30 11:09:21","factfilename":"facture_006.2025_Gilles_Dubey_20250530_110921.pdf","date_envoi":"2025-07-09","date_paiement":null,"date_dernier_paiement":null,"montant_paye":"0.00","montant_paye_total":"0.00","montant_restant":"235.55","nb_paiements":0,"date_annulation":null,"etat":"Envoy\u00e9e","ristourne":"0.00","nom":"Dubey","prenom":"Gilles","email":"gilles.dubey@ik.me"},{"id_facture":2,"numero_facture":"002.2025","date_facture":"2025-04-15","montant_total":"30.00","id_client":2,"date_edition":"2025-04-22 13:22:28","factfilename":"facture_002.2025_Gilles_Dubey_20250422_132228.pdf","date_envoi":"2025-07-07","date_paiement":null,"date_dernier_paiement":null,"montant_paye":"0.00","montant_paye_total":"0.00","montant_restant":"30.00","nb_paiements":0,"date_annulation":null,"etat":"Envoy\u00e9e","ristourne":"0.00","nom":"Dubey","prenom":"Gilles","email":"gilles.dubey@ik.me"},{"id_facture":1,"numero_facture":"001.2025","date_facture":"2025-04-15","montant_total":"1390.50","id_client":1,"date_edition":"2025-04-28 06:13:48","factfilename":"facture_001.2025_Mich\u00e8le_Spirig_20250428_061348.pdf","date_envoi":null,"date_paiement":null,"date_dernier_paiement":null,"montant_paye":"0.00","montant_paye_total":"0.00","montant_restant":"1390.50","nb_paiements":0,"date_annulation":null,"etat":"Envoy\u00e9e","ristourne":"0.00","nom":"Spirig","prenom":"Mich\u00e8le","email":"info@feeduyoga.ch"},{"id_facture":8,"numero_facture":"008.2025","date_facture":"2025-03-01","montant_total":"120.00","id_client":2,"date_edition":"2025-04-22 04:59:49","factfilename":"facture_008.2025_Gilles_Dubey_20250422_045949.pdf","date_envoi":null,"date_paiement":"2025-07-01 00:00:00","date_dernier_paiement":"2025-07-01 00:00:00","montant_paye":"120.00","montant_paye_total":"120.00","montant_restant":"0.00","nb_paiements":1,"date_annulation":null,"etat":"Pay\u00e9e","ristourne":"1.00","nom":"Dubey","prenom":"Gilles","email":"gilles.dubey@ik.me"}]}
[17-Sep-2025 10:48:42 Europe/Zurich] facture-api - Résultat liste factures (nombre): 63
[17-Sep-2025 10:48:42 Europe/Zurich] 🔧 Session cross-domain configurée - ID: mb012fsotitcougm1324tp1nnm
[17-Sep-2025 10:48:42 Europe/Zurich] 🍪 Cookie params: {"lifetime":1800,"path":"\/","domain":"","secure":true,"httponly":false,"samesite":"None"}
[17-Sep-2025 10:48:42 Europe/Zurich] 🔍 User en session: 2
[17-Sep-2025 10:48:42 Europe/Zurich] 🔧 Setup CORS - Début
[17-Sep-2025 10:48:42 Europe/Zurich] - Mode: DÉVELOPPEMENT
[17-Sep-2025 10:48:42 Europe/Zurich] - Origin reçu: http://localhost:3000
[17-Sep-2025 10:48:42 Europe/Zurich] 🔍 Test d'autorisation pour origin: 'http://localhost:3000'
[17-Sep-2025 10:48:42 Europe/Zurich] 📝 Origins autorisées: ["http:\/\/localhost:3007","http:\/\/localhost:3000","http:\/\/127.0.0.1:3000","http:\/\/localhost:3007","https:\/\/dev-facturation"]
[17-Sep-2025 10:48:42 Europe/Zurich] ✅ Origin autorisé: http://localhost:3000
[17-Sep-2025 10:48:42 Europe/Zurich] 📤 En-têtes CORS envoyés:
[17-Sep-2025 10:48:42 Europe/Zurich] - Methods: GET, POST, PUT, DELETE, OPTIONS
[17-Sep-2025 10:48:42 Europe/Zurich] - Headers: Content-Type, Authorization, X-Requested-With
[17-Sep-2025 10:48:42 Europe/Zurich] - Credentials: true
[17-Sep-2025 10:48:42 Europe/Zurich] parametre-api - Chargement de la configuration
[17-Sep-2025 10:48:42 Europe/Zurich] parametre-api - Méthode: GET
[17-Sep-2025 10:48:42 Europe/Zurich] parametre-api - URL complète: /fact-back/api/parametre-api.php?PHPSESSID=mb012fsotitcougm1324tp1nnm&nomParametre=Corps&groupe=Email&sGroupe=Corps&categorie=tu&_ts=1758098921522
[17-Sep-2025 10:48:42 Europe/Zurich] parametre-api - Origin: http://localhost:3000
[17-Sep-2025 10:48:42 Europe/Zurich] parametre-api - Paramètres GET: {"PHPSESSID":"mb012fsotitcougm1324tp1nnm","nomParametre":"Corps","groupe":"Email","sGroupe":"Corps","categorie":"tu","_ts":"1758098921522"}
[17-Sep-2025 10:48:42 Europe/Zurich] parametre-api - Session ID: mb012fsotitcougm1324tp1nnm
[17-Sep-2025 10:48:42 Europe/Zurich] parametre-api - Session status: 2
[17-Sep-2025 10:48:42 Europe/Zurich] parametre-api - Session content: {"user_id":2,"user_name":"test_admin","user_role":"admin"}
[17-Sep-2025 10:48:42 Europe/Zurich] 🔍 parametre-api - Session initialisée par bootstrap.php
[17-Sep-2025 10:48:42 Europe/Zurich] parametre-api - Session trouvée - User ID: 2, Role: admin
[17-Sep-2025 10:48:42 Europe/Zurich] ✅ parametre-api - Accès autorisé pour utilisateur: 2 (role: admin)
[17-Sep-2025 10:48:42 Europe/Zurich] parametre-api - Méthode: GET
[17-Sep-2025 10:48:42 Europe/Zurich] parametre-api - Paramètres GET: {"PHPSESSID":"mb012fsotitcougm1324tp1nnm","nomParametre":"Corps","groupe":"Email","sGroupe":"Corps","categorie":"tu","_ts":"1758098921522"}
[17-Sep-2025 10:48:42 Europe/Zurich] parametre-api - GET paramètres par sous-groupe: Email/Corps (user: 2)
[17-Sep-2025 10:48:42 Europe/Zurich] 🔧 Session cross-domain configurée - ID: mb012fsotitcougm1324tp1nnm
[17-Sep-2025 10:48:42 Europe/Zurich] 🍪 Cookie params: {"lifetime":1800,"path":"\/","domain":"","secure":true,"httponly":false,"samesite":"None"}
[17-Sep-2025 10:48:42 Europe/Zurich] 🔍 User en session: 2
[17-Sep-2025 10:48:42 Europe/Zurich] 🔧 Setup CORS - Début
[17-Sep-2025 10:48:42 Europe/Zurich] - Mode: DÉVELOPPEMENT
[17-Sep-2025 10:48:42 Europe/Zurich] - Origin reçu: http://localhost:3000
[17-Sep-2025 10:48:42 Europe/Zurich] 🔍 Test d'autorisation pour origin: 'http://localhost:3000'
[17-Sep-2025 10:48:42 Europe/Zurich] 📝 Origins autorisées: ["http:\/\/localhost:3007","http:\/\/localhost:3000","http:\/\/127.0.0.1:3000","http:\/\/localhost:3007","https:\/\/dev-facturation"]
[17-Sep-2025 10:48:42 Europe/Zurich] ✅ Origin autorisé: http://localhost:3000
[17-Sep-2025 10:48:42 Europe/Zurich] 📤 En-têtes CORS envoyés:
[17-Sep-2025 10:48:42 Europe/Zurich] - Methods: GET, POST, PUT, DELETE, OPTIONS
[17-Sep-2025 10:48:42 Europe/Zurich] - Headers: Content-Type, Authorization, X-Requested-With
[17-Sep-2025 10:48:42 Europe/Zurich] - Credentials: true
[17-Sep-2025 10:48:42 Europe/Zurich] client-api - Chargement de la configuration
[17-Sep-2025 10:48:42 Europe/Zurich] client-api - Méthode: GET
[17-Sep-2025 10:48:42 Europe/Zurich] client-api - URL complète: /fact-back/api/client-api.php?PHPSESSID=mb012fsotitcougm1324tp1nnm&_ts=1758098921521
[17-Sep-2025 10:48:42 Europe/Zurich] client-api - Origin: http://localhost:3000
[17-Sep-2025 10:48:42 Europe/Zurich] client-api - Paramètres GET: {"PHPSESSID":"mb012fsotitcougm1324tp1nnm","_ts":"1758098921521"}
[17-Sep-2025 10:48:42 Europe/Zurich] client-api - Session ID: mb012fsotitcougm1324tp1nnm
[17-Sep-2025 10:48:42 Europe/Zurich] client-api - Session status: 2
[17-Sep-2025 10:48:42 Europe/Zurich] client-api - Session content: {"user_id":2,"user_name":"test_admin","user_role":"admin"}
[17-Sep-2025 10:48:42 Europe/Zurich] 🔍 client-api - Session initialisée par bootstrap.php
[17-Sep-2025 10:48:42 Europe/Zurich] client-api - Session trouvée - User ID: 2, Role: admin
[17-Sep-2025 10:48:42 Europe/Zurich] client-api - Session keys: ["user_id","user_name","user_role"]
[17-Sep-2025 10:48:42 Europe/Zurich] client-api - Cookies reçues: {"PHPSESSID":"mb012fsotitcougm1324tp1nnm"}
[17-Sep-2025 10:48:42 Europe/Zurich] client-api - Méthode: GET
[17-Sep-2025 10:48:42 Europe/Zurich] client-api - Paramètres GET: {"PHPSESSID":"mb012fsotitcougm1324tp1nnm","_ts":"1758098921521"}
[17-Sep-2025 10:48:42 Europe/Zurich] ✅ client-api - Accès autorisé pour utilisateur: 2 (role: admin)
[17-Sep-2025 10:48:42 Europe/Zurich] client-api - Méthode: GET
[17-Sep-2025 10:48:42 Europe/Zurich] client-api - Paramètres GET: {"PHPSESSID":"mb012fsotitcougm1324tp1nnm","_ts":"1758098921521"}
[17-Sep-2025 10:48:42 Europe/Zurich] client-api - Traitement GET pour client
[17-Sep-2025 10:48:42 Europe/Zurich] client-api - Paramètres GET: {"PHPSESSID":"mb012fsotitcougm1324tp1nnm","_ts":"1758098921521"}
[17-Sep-2025 10:48:42 Europe/Zurich] client-api - GET ID: Aucun ID fourni
[17-Sep-2025 10:48:42 Europe/Zurich] client-api - GET checkFactures: Aucun paramètre checkFactures
[17-Sep-2025 10:48:42 Europe/Zurich] client-api - Récupération liste clients (page: 1, limit: 50) pour user: 2
[17-Sep-2025 10:48:42 Europe/Zurich] 🔧 Session cross-domain configurée - ID: mb012fsotitcougm1324tp1nnm
[17-Sep-2025 10:48:42 Europe/Zurich] 🍪 Cookie params: {"lifetime":1800,"path":"\/","domain":"","secure":true,"httponly":false,"samesite":"None"}
[17-Sep-2025 10:48:42 Europe/Zurich] 🔍 User en session: 2
[17-Sep-2025 10:48:42 Europe/Zurich] 🔧 Setup CORS - Début
[17-Sep-2025 10:48:42 Europe/Zurich] - Mode: DÉVELOPPEMENT
[17-Sep-2025 10:48:42 Europe/Zurich] - Origin reçu: http://localhost:3000
[17-Sep-2025 10:48:42 Europe/Zurich] 🔍 Test d'autorisation pour origin: 'http://localhost:3000'
[17-Sep-2025 10:48:42 Europe/Zurich] 📝 Origins autorisées: ["http:\/\/localhost:3007","http:\/\/localhost:3000","http:\/\/127.0.0.1:3000","http:\/\/localhost:3007","https:\/\/dev-facturation"]
[17-Sep-2025 10:48:42 Europe/Zurich] ✅ Origin autorisé: http://localhost:3000
[17-Sep-2025 10:48:42 Europe/Zurich] 📤 En-têtes CORS envoyés:
[17-Sep-2025 10:48:42 Europe/Zurich] - Methods: GET, POST, PUT, DELETE, OPTIONS
[17-Sep-2025 10:48:42 Europe/Zurich] - Headers: Content-Type, Authorization, X-Requested-With
[17-Sep-2025 10:48:42 Europe/Zurich] - Credentials: true
[17-Sep-2025 10:48:42 Europe/Zurich] client-api - Chargement de la configuration
[17-Sep-2025 10:48:42 Europe/Zurich] client-api - Méthode: GET
[17-Sep-2025 10:48:42 Europe/Zurich] client-api - URL complète: /fact-back/api/client-api.php?PHPSESSID=mb012fsotitcougm1324tp1nnm&_ts=1758098921524
[17-Sep-2025 10:48:42 Europe/Zurich] client-api - Origin: http://localhost:3000
[17-Sep-2025 10:48:42 Europe/Zurich] client-api - Paramètres GET: {"PHPSESSID":"mb012fsotitcougm1324tp1nnm","_ts":"1758098921524"}
[17-Sep-2025 10:48:42 Europe/Zurich] client-api - Session ID: mb012fsotitcougm1324tp1nnm
[17-Sep-2025 10:48:42 Europe/Zurich] client-api - Session status: 2
[17-Sep-2025 10:48:42 Europe/Zurich] client-api - Session content: {"user_id":2,"user_name":"test_admin","user_role":"admin"}
[17-Sep-2025 10:48:42 Europe/Zurich] 🔍 client-api - Session initialisée par bootstrap.php
[17-Sep-2025 10:48:42 Europe/Zurich] client-api - Session trouvée - User ID: 2, Role: admin
[17-Sep-2025 10:48:42 Europe/Zurich] client-api - Session keys: ["user_id","user_name","user_role"]
[17-Sep-2025 10:48:42 Europe/Zurich] client-api - Cookies reçues: {"PHPSESSID":"mb012fsotitcougm1324tp1nnm"}
[17-Sep-2025 10:48:42 Europe/Zurich] client-api - Méthode: GET
[17-Sep-2025 10:48:42 Europe/Zurich] client-api - Paramètres GET: {"PHPSESSID":"mb012fsotitcougm1324tp1nnm","_ts":"1758098921524"}
[17-Sep-2025 10:48:42 Europe/Zurich] ✅ client-api - Accès autorisé pour utilisateur: 2 (role: admin)
[17-Sep-2025 10:48:42 Europe/Zurich] client-api - Méthode: GET
[17-Sep-2025 10:48:42 Europe/Zurich] client-api - Paramètres GET: {"PHPSESSID":"mb012fsotitcougm1324tp1nnm","_ts":"1758098921524"}
[17-Sep-2025 10:48:42 Europe/Zurich] client-api - Traitement GET pour client
[17-Sep-2025 10:48:42 Europe/Zurich] client-api - Paramètres GET: {"PHPSESSID":"mb012fsotitcougm1324tp1nnm","_ts":"1758098921524"}
[17-Sep-2025 10:48:42 Europe/Zurich] client-api - GET ID: Aucun ID fourni
[17-Sep-2025 10:48:42 Europe/Zurich] client-api - GET checkFactures: Aucun paramètre checkFactures
[17-Sep-2025 10:48:42 Europe/Zurich] client-api - Récupération liste clients (page: 1, limit: 50) pour user: 2
[17-Sep-2025 10:48:42 Europe/Zurich] 🔑 parametre-api.php - Session ID forcé depuis URL: mb012fsotitcougm1324tp1nnm
[17-Sep-2025 10:48:42 Europe/Zurich] 🔍 Session cross-domain analysis :
[17-Sep-2025 10:48:42 Europe/Zurich] - HTTP_ORIGIN: http://localhost:3000
[17-Sep-2025 10:48:42 Europe/Zurich] - HTTP_HOST: localhost
[17-Sep-2025 10:48:42 Europe/Zurich] - Is cross-domain: YES
[17-Sep-2025 10:48:42 Europe/Zurich] 🏠 Configuration same-domain appliquée
[17-Sep-2025 10:48:42 Europe/Zurich] 🔧 Session cross-domain configurée - ID: mb012fsotitcougm1324tp1nnm
[17-Sep-2025 10:48:42 Europe/Zurich] 🍪 Cookie params: {"lifetime":1800,"path":"\/","domain":"","secure":true,"httponly":false,"samesite":"None"}
[17-Sep-2025 10:48:42 Europe/Zurich] 🔍 User en session: 2
[17-Sep-2025 10:48:42 Europe/Zurich] 🔧 Setup CORS - Début
[17-Sep-2025 10:48:42 Europe/Zurich] - Mode: DÉVELOPPEMENT
[17-Sep-2025 10:48:42 Europe/Zurich] - Origin reçu: http://localhost:3000
[17-Sep-2025 10:48:42 Europe/Zurich] 🔍 Test d'autorisation pour origin: 'http://localhost:3000'
[17-Sep-2025 10:48:42 Europe/Zurich] 📝 Origins autorisées: ["http:\/\/localhost:3007","http:\/\/localhost:3000","http:\/\/127.0.0.1:3000","http:\/\/localhost:3007","https:\/\/dev-facturation"]
[17-Sep-2025 10:48:42 Europe/Zurich] ✅ Origin autorisé: http://localhost:3000
[17-Sep-2025 10:48:42 Europe/Zurich] 📤 En-têtes CORS envoyés:
[17-Sep-2025 10:48:42 Europe/Zurich] - Methods: GET, POST, PUT, DELETE, OPTIONS
[17-Sep-2025 10:48:42 Europe/Zurich] - Headers: Content-Type, Authorization, X-Requested-With
[17-Sep-2025 10:48:42 Europe/Zurich] - Credentials: true
[17-Sep-2025 10:48:42 Europe/Zurich] parametre-api - Chargement de la configuration
[17-Sep-2025 10:48:42 Europe/Zurich] 🔑 parametre-api.php - Session ID forcé depuis URL: mb012fsotitcougm1324tp1nnm
[17-Sep-2025 10:48:42 Europe/Zurich] 🔍 Session cross-domain analysis :
[17-Sep-2025 10:48:42 Europe/Zurich] - HTTP_ORIGIN: http://localhost:3000
[17-Sep-2025 10:48:42 Europe/Zurich] - HTTP_HOST: localhost
[17-Sep-2025 10:48:42 Europe/Zurich] - Is cross-domain: YES
[17-Sep-2025 10:48:42 Europe/Zurich] 🏠 Configuration same-domain appliquée
[17-Sep-2025 10:48:42 Europe/Zurich] parametre-api - Méthode: GET
[17-Sep-2025 10:48:42 Europe/Zurich] parametre-api - URL complète: /fact-back/api/parametre-api.php?PHPSESSID=mb012fsotitcougm1324tp1nnm&nomParametre=Corps&groupe=Email&sGroupe=Corps&categorie=tu&_ts=1758098921525
[17-Sep-2025 10:48:42 Europe/Zurich] parametre-api - Origin: http://localhost:3000
[17-Sep-2025 10:48:42 Europe/Zurich] parametre-api - Paramètres GET: {"PHPSESSID":"mb012fsotitcougm1324tp1nnm","nomParametre":"Corps","groupe":"Email","sGroupe":"Corps","categorie":"tu","_ts":"1758098921525"}
[17-Sep-2025 10:48:42 Europe/Zurich] parametre-api - Session ID: mb012fsotitcougm1324tp1nnm
[17-Sep-2025 10:48:42 Europe/Zurich] parametre-api - Session status: 2
[17-Sep-2025 10:48:42 Europe/Zurich] parametre-api - Session content: {"user_id":2,"user_name":"test_admin","user_role":"admin"}
[17-Sep-2025 10:48:42 Europe/Zurich] 🔍 parametre-api - Session initialisée par bootstrap.php
[17-Sep-2025 10:48:42 Europe/Zurich] parametre-api - Session trouvée - User ID: 2, Role: admin
[17-Sep-2025 10:48:42 Europe/Zurich] ✅ parametre-api - Accès autorisé pour utilisateur: 2 (role: admin)
[17-Sep-2025 10:48:42 Europe/Zurich] parametre-api - Méthode: GET
[17-Sep-2025 10:48:42 Europe/Zurich] parametre-api - Paramètres GET: {"PHPSESSID":"mb012fsotitcougm1324tp1nnm","nomParametre":"Corps","groupe":"Email","sGroupe":"Corps","categorie":"tu","_ts":"1758098921525"}
[17-Sep-2025 10:48:42 Europe/Zurich] parametre-api - GET paramètres par sous-groupe: Email/Corps (user: 2)
[17-Sep-2025 10:48:42 Europe/Zurich] 🔧 Session cross-domain configurée - ID: mb012fsotitcougm1324tp1nnm
[17-Sep-2025 10:48:42 Europe/Zurich] 🍪 Cookie params: {"lifetime":1800,"path":"\/","domain":"","secure":true,"httponly":false,"samesite":"None"}
[17-Sep-2025 10:48:42 Europe/Zurich] 🔍 User en session: 2
[17-Sep-2025 10:48:42 Europe/Zurich] 🔧 Setup CORS - Début
[17-Sep-2025 10:48:42 Europe/Zurich] - Mode: DÉVELOPPEMENT
[17-Sep-2025 10:48:42 Europe/Zurich] - Origin reçu: http://localhost:3000
[17-Sep-2025 10:48:42 Europe/Zurich] 🔍 Test d'autorisation pour origin: 'http://localhost:3000'
[17-Sep-2025 10:48:42 Europe/Zurich] 📝 Origins autorisées: ["http:\/\/localhost:3007","http:\/\/localhost:3000","http:\/\/127.0.0.1:3000","http:\/\/localhost:3007","https:\/\/dev-facturation"]
[17-Sep-2025 10:48:42 Europe/Zurich] ✅ Origin autorisé: http://localhost:3000
[17-Sep-2025 10:48:42 Europe/Zurich] 📤 En-têtes CORS envoyés:
[17-Sep-2025 10:48:42 Europe/Zurich] - Methods: GET, POST, PUT, DELETE, OPTIONS
[17-Sep-2025 10:48:42 Europe/Zurich] - Headers: Content-Type, Authorization, X-Requested-With
[17-Sep-2025 10:48:42 Europe/Zurich] - Credentials: true
[17-Sep-2025 10:48:42 Europe/Zurich] 🔄 Requête OPTIONS (preflight) - Réponse immédiate
[17-Sep-2025 10:48:42 Europe/Zurich] 🔑 client-api.php - Session ID forcé depuis URL: mb012fsotitcougm1324tp1nnm
[17-Sep-2025 10:48:42 Europe/Zurich] 🔍 Session cross-domain analysis :
[17-Sep-2025 10:48:42 Europe/Zurich] - HTTP_ORIGIN: http://localhost:3000
[17-Sep-2025 10:48:42 Europe/Zurich] - HTTP_HOST: localhost
[17-Sep-2025 10:48:42 Europe/Zurich] - Is cross-domain: YES
[17-Sep-2025 10:48:42 Europe/Zurich] 🏠 Configuration same-domain appliquée
[17-Sep-2025 10:48:42 Europe/Zurich] 🔧 Session cross-domain configurée - ID: mb012fsotitcougm1324tp1nnm
[17-Sep-2025 10:48:42 Europe/Zurich] 🍪 Cookie params: {"lifetime":1800,"path":"\/","domain":"","secure":true,"httponly":false,"samesite":"None"}
[17-Sep-2025 10:48:42 Europe/Zurich] 🔍 User en session: 2
[17-Sep-2025 10:48:42 Europe/Zurich] 🔧 Setup CORS - Début
[17-Sep-2025 10:48:42 Europe/Zurich] - Mode: DÉVELOPPEMENT
[17-Sep-2025 10:48:42 Europe/Zurich] - Origin reçu: http://localhost:3000
[17-Sep-2025 10:48:42 Europe/Zurich] 🔍 Test d'autorisation pour origin: 'http://localhost:3000'
[17-Sep-2025 10:48:42 Europe/Zurich] 📝 Origins autorisées: ["http:\/\/localhost:3007","http:\/\/localhost:3000","http:\/\/127.0.0.1:3000","http:\/\/localhost:3007","https:\/\/dev-facturation"]
[17-Sep-2025 10:48:42 Europe/Zurich] ✅ Origin autorisé: http://localhost:3000
[17-Sep-2025 10:48:42 Europe/Zurich] 📤 En-têtes CORS envoyés:
[17-Sep-2025 10:48:42 Europe/Zurich] - Methods: GET, POST, PUT, DELETE, OPTIONS
[17-Sep-2025 10:48:42 Europe/Zurich] - Headers: Content-Type, Authorization, X-Requested-With
[17-Sep-2025 10:48:42 Europe/Zurich] - Credentials: true
[17-Sep-2025 10:48:42 Europe/Zurich] client-api - Chargement de la configuration
[17-Sep-2025 10:48:42 Europe/Zurich] client-api - Méthode: GET
[17-Sep-2025 10:48:42 Europe/Zurich] client-api - URL complète: /fact-back/api/client-api.php?PHPSESSID=mb012fsotitcougm1324tp1nnm&_ts=1758098921526
[17-Sep-2025 10:48:42 Europe/Zurich] client-api - Origin: http://localhost:3000
[17-Sep-2025 10:48:42 Europe/Zurich] client-api - Paramètres GET: {"PHPSESSID":"mb012fsotitcougm1324tp1nnm","_ts":"1758098921526"}
[17-Sep-2025 10:48:42 Europe/Zurich] client-api - Session ID: mb012fsotitcougm1324tp1nnm
[17-Sep-2025 10:48:42 Europe/Zurich] client-api - Session status: 2
[17-Sep-2025 10:48:42 Europe/Zurich] client-api - Session content: {"user_id":2,"user_name":"test_admin","user_role":"admin"}
[17-Sep-2025 10:48:42 Europe/Zurich] 🔍 client-api - Session initialisée par bootstrap.php
[17-Sep-2025 10:48:42 Europe/Zurich] client-api - Session trouvée - User ID: 2, Role: admin
[17-Sep-2025 10:48:42 Europe/Zurich] client-api - Session keys: ["user_id","user_name","user_role"]
[17-Sep-2025 10:48:42 Europe/Zurich] client-api - Cookies reçues: {"PHPSESSID":"mb012fsotitcougm1324tp1nnm"}
[17-Sep-2025 10:48:42 Europe/Zurich] client-api - Méthode: GET
[17-Sep-2025 10:48:42 Europe/Zurich] client-api - Paramètres GET: {"PHPSESSID":"mb012fsotitcougm1324tp1nnm","_ts":"1758098921526"}
[17-Sep-2025 10:48:42 Europe/Zurich] ✅ client-api - Accès autorisé pour utilisateur: 2 (role: admin)
[17-Sep-2025 10:48:42 Europe/Zurich] client-api - Méthode: GET
[17-Sep-2025 10:48:42 Europe/Zurich] client-api - Paramètres GET: {"PHPSESSID":"mb012fsotitcougm1324tp1nnm","_ts":"1758098921526"}
[17-Sep-2025 10:48:42 Europe/Zurich] client-api - Traitement GET pour client
[17-Sep-2025 10:48:42 Europe/Zurich] client-api - Paramètres GET: {"PHPSESSID":"mb012fsotitcougm1324tp1nnm","_ts":"1758098921526"}
[17-Sep-2025 10:48:42 Europe/Zurich] 🔑 parametre-api.php - Session ID forcé depuis URL: mb012fsotitcougm1324tp1nnm
[17-Sep-2025 10:48:42 Europe/Zurich] client-api - GET ID: Aucun ID fourni
[17-Sep-2025 10:48:42 Europe/Zurich] 🔍 Session cross-domain analysis :
[17-Sep-2025 10:48:42 Europe/Zurich] 🔑 parametre-api.php - Session ID forcé depuis URL: mb012fsotitcougm1324tp1nnm
[17-Sep-2025 10:48:42 Europe/Zurich] client-api - GET checkFactures: Aucun paramètre checkFactures
[17-Sep-2025 10:48:42 Europe/Zurich] - HTTP_ORIGIN: http://localhost:3000
[17-Sep-2025 10:48:42 Europe/Zurich] 🔍 Session cross-domain analysis :
[17-Sep-2025 10:48:42 Europe/Zurich] client-api - Récupération liste clients (page: 1, limit: 50) pour user: 2
[17-Sep-2025 10:48:42 Europe/Zurich] - HTTP_HOST: localhost
[17-Sep-2025 10:48:42 Europe/Zurich] - HTTP_ORIGIN: http://localhost:3000
[17-Sep-2025 10:48:42 Europe/Zurich] - Is cross-domain: YES
[17-Sep-2025 10:48:42 Europe/Zurich] - HTTP_HOST: localhost
[17-Sep-2025 10:48:42 Europe/Zurich] 🏠 Configuration same-domain appliquée
[17-Sep-2025 10:48:42 Europe/Zurich] - Is cross-domain: YES
[17-Sep-2025 10:48:42 Europe/Zurich] 🏠 Configuration same-domain appliquée
[17-Sep-2025 10:48:42 Europe/Zurich] 🔧 Session cross-domain configurée - ID: mb012fsotitcougm1324tp1nnm
[17-Sep-2025 10:48:42 Europe/Zurich] 🍪 Cookie params: {"lifetime":1800,"path":"\/","domain":"","secure":true,"httponly":false,"samesite":"None"}
[17-Sep-2025 10:48:42 Europe/Zurich] 🔍 User en session: 2
[17-Sep-2025 10:48:42 Europe/Zurich] 🔧 Setup CORS - Début
[17-Sep-2025 10:48:42 Europe/Zurich] - Mode: DÉVELOPPEMENT
[17-Sep-2025 10:48:42 Europe/Zurich] - Origin reçu: http://localhost:3000
[17-Sep-2025 10:48:42 Europe/Zurich] 🔍 Test d'autorisation pour origin: 'http://localhost:3000'
[17-Sep-2025 10:48:42 Europe/Zurich] 📝 Origins autorisées: ["http:\/\/localhost:3007","http:\/\/localhost:3000","http:\/\/127.0.0.1:3000","http:\/\/localhost:3007","https:\/\/dev-facturation"]
[17-Sep-2025 10:48:42 Europe/Zurich] ✅ Origin autorisé: http://localhost:3000
[17-Sep-2025 10:48:42 Europe/Zurich] 📤 En-têtes CORS envoyés:
[17-Sep-2025 10:48:42 Europe/Zurich] - Methods: GET, POST, PUT, DELETE, OPTIONS
[17-Sep-2025 10:48:42 Europe/Zurich] - Headers: Content-Type, Authorization, X-Requested-With
[17-Sep-2025 10:48:42 Europe/Zurich] - Credentials: true
[17-Sep-2025 10:48:42 Europe/Zurich] 🔄 Requête OPTIONS (preflight) - Réponse immédiate
[17-Sep-2025 10:48:42 Europe/Zurich] 🔧 Session cross-domain configurée - ID: mb012fsotitcougm1324tp1nnm
[17-Sep-2025 10:48:42 Europe/Zurich] 🍪 Cookie params: {"lifetime":1800,"path":"\/","domain":"","secure":true,"httponly":false,"samesite":"None"}
[17-Sep-2025 10:48:42 Europe/Zurich] 🔍 User en session: 2
[17-Sep-2025 10:48:42 Europe/Zurich] 🔧 Setup CORS - Début
[17-Sep-2025 10:48:42 Europe/Zurich] - Mode: DÉVELOPPEMENT
[17-Sep-2025 10:48:42 Europe/Zurich] - Origin reçu: http://localhost:3000
[17-Sep-2025 10:48:42 Europe/Zurich] 🔍 Test d'autorisation pour origin: 'http://localhost:3000'
[17-Sep-2025 10:48:42 Europe/Zurich] 📝 Origins autorisées: ["http:\/\/localhost:3007","http:\/\/localhost:3000","http:\/\/127.0.0.1:3000","http:\/\/localhost:3007","https:\/\/dev-facturation"]
[17-Sep-2025 10:48:42 Europe/Zurich] ✅ Origin autorisé: http://localhost:3000
[17-Sep-2025 10:48:42 Europe/Zurich] 📤 En-têtes CORS envoyés:
[17-Sep-2025 10:48:42 Europe/Zurich] - Methods: GET, POST, PUT, DELETE, OPTIONS
[17-Sep-2025 10:48:42 Europe/Zurich] - Headers: Content-Type, Authorization, X-Requested-With
[17-Sep-2025 10:48:42 Europe/Zurich] - Credentials: true
[17-Sep-2025 10:48:42 Europe/Zurich] 🔄 Requête OPTIONS (preflight) - Réponse immédiate
[17-Sep-2025 10:48:42 Europe/Zurich] 🔑 parametre-api.php - Session ID forcé depuis URL: mb012fsotitcougm1324tp1nnm
[17-Sep-2025 10:48:42 Europe/Zurich] 🔑 parametre-api.php - Session ID forcé depuis URL: mb012fsotitcougm1324tp1nnm
[17-Sep-2025 10:48:42 Europe/Zurich] 🔍 Session cross-domain analysis :
[17-Sep-2025 10:48:42 Europe/Zurich] 🔍 Session cross-domain analysis :
[17-Sep-2025 10:48:42 Europe/Zurich] - HTTP_ORIGIN: http://localhost:3000
[17-Sep-2025 10:48:42 Europe/Zurich] - HTTP_ORIGIN: http://localhost:3000
[17-Sep-2025 10:48:42 Europe/Zurich] - HTTP_HOST: localhost
[17-Sep-2025 10:48:42 Europe/Zurich] - HTTP_HOST: localhost
[17-Sep-2025 10:48:42 Europe/Zurich] - Is cross-domain: YES
[17-Sep-2025 10:48:42 Europe/Zurich] - Is cross-domain: YES
[17-Sep-2025 10:48:42 Europe/Zurich] 🏠 Configuration same-domain appliquée
[17-Sep-2025 10:48:42 Europe/Zurich] 🏠 Configuration same-domain appliquée
[17-Sep-2025 10:48:42 Europe/Zurich] 🔧 Session cross-domain configurée - ID: mb012fsotitcougm1324tp1nnm
[17-Sep-2025 10:48:42 Europe/Zurich] 🍪 Cookie params: {"lifetime":1800,"path":"\/","domain":"","secure":true,"httponly":false,"samesite":"None"}
[17-Sep-2025 10:48:42 Europe/Zurich] 🔍 User en session: 2
[17-Sep-2025 10:48:42 Europe/Zurich] 🔧 Setup CORS - Début
[17-Sep-2025 10:48:42 Europe/Zurich] - Mode: DÉVELOPPEMENT
[17-Sep-2025 10:48:42 Europe/Zurich] - Origin reçu: http://localhost:3000
[17-Sep-2025 10:48:42 Europe/Zurich] 🔍 Test d'autorisation pour origin: 'http://localhost:3000'
[17-Sep-2025 10:48:42 Europe/Zurich] 📝 Origins autorisées: ["http:\/\/localhost:3007","http:\/\/localhost:3000","http:\/\/127.0.0.1:3000","http:\/\/localhost:3007","https:\/\/dev-facturation"]
[17-Sep-2025 10:48:42 Europe/Zurich] ✅ Origin autorisé: http://localhost:3000
[17-Sep-2025 10:48:42 Europe/Zurich] 📤 En-têtes CORS envoyés:
[17-Sep-2025 10:48:42 Europe/Zurich] - Methods: GET, POST, PUT, DELETE, OPTIONS
[17-Sep-2025 10:48:42 Europe/Zurich] - Headers: Content-Type, Authorization, X-Requested-With
[17-Sep-2025 10:48:42 Europe/Zurich] - Credentials: true
[17-Sep-2025 10:48:42 Europe/Zurich] 🔄 Requête OPTIONS (preflight) - Réponse immédiate
[17-Sep-2025 10:48:42 Europe/Zurich] 🔧 Session cross-domain configurée - ID: mb012fsotitcougm1324tp1nnm
[17-Sep-2025 10:48:42 Europe/Zurich] 🍪 Cookie params: {"lifetime":1800,"path":"\/","domain":"","secure":true,"httponly":false,"samesite":"None"}
[17-Sep-2025 10:48:42 Europe/Zurich] 🔍 User en session: 2
[17-Sep-2025 10:48:42 Europe/Zurich] 🔧 Setup CORS - Début
[17-Sep-2025 10:48:42 Europe/Zurich] - Mode: DÉVELOPPEMENT
[17-Sep-2025 10:48:42 Europe/Zurich] - Origin reçu: http://localhost:3000
[17-Sep-2025 10:48:42 Europe/Zurich] 🔍 Test d'autorisation pour origin: 'http://localhost:3000'
[17-Sep-2025 10:48:42 Europe/Zurich] 📝 Origins autorisées: ["http:\/\/localhost:3007","http:\/\/localhost:3000","http:\/\/127.0.0.1:3000","http:\/\/localhost:3007","https:\/\/dev-facturation"]
[17-Sep-2025 10:48:42 Europe/Zurich] ✅ Origin autorisé: http://localhost:3000
[17-Sep-2025 10:48:42 Europe/Zurich] 📤 En-têtes CORS envoyés:
[17-Sep-2025 10:48:42 Europe/Zurich] - Methods: GET, POST, PUT, DELETE, OPTIONS
[17-Sep-2025 10:48:42 Europe/Zurich] - Headers: Content-Type, Authorization, X-Requested-With
[17-Sep-2025 10:48:42 Europe/Zurich] - Credentials: true
[17-Sep-2025 10:48:42 Europe/Zurich] parametre-api - Chargement de la configuration
[17-Sep-2025 10:48:42 Europe/Zurich] parametre-api - Méthode: GET
[17-Sep-2025 10:48:42 Europe/Zurich] parametre-api - URL complète: /fact-back/api/parametre-api.php?PHPSESSID=mb012fsotitcougm1324tp1nnm&nomParametre=Delai+Paiement&groupe=Facture&sGroupe=Paiement&_ts=1758098921997
[17-Sep-2025 10:48:42 Europe/Zurich] parametre-api - Origin: http://localhost:3000
[17-Sep-2025 10:48:42 Europe/Zurich] parametre-api - Paramètres GET: {"PHPSESSID":"mb012fsotitcougm1324tp1nnm","nomParametre":"Delai Paiement","groupe":"Facture","sGroupe":"Paiement","_ts":"1758098921997"}
[17-Sep-2025 10:48:42 Europe/Zurich] parametre-api - Session ID: mb012fsotitcougm1324tp1nnm
[17-Sep-2025 10:48:42 Europe/Zurich] parametre-api - Session status: 2
[17-Sep-2025 10:48:42 Europe/Zurich] parametre-api - Session content: {"user_id":2,"user_name":"test_admin","user_role":"admin"}
[17-Sep-2025 10:48:42 Europe/Zurich] 🔍 parametre-api - Session initialisée par bootstrap.php
[17-Sep-2025 10:48:42 Europe/Zurich] parametre-api - Session trouvée - User ID: 2, Role: admin
[17-Sep-2025 10:48:42 Europe/Zurich] ✅ parametre-api - Accès autorisé pour utilisateur: 2 (role: admin)
[17-Sep-2025 10:48:42 Europe/Zurich] parametre-api - Méthode: GET
[17-Sep-2025 10:48:42 Europe/Zurich] parametre-api - Paramètres GET: {"PHPSESSID":"mb012fsotitcougm1324tp1nnm","nomParametre":"Delai Paiement","groupe":"Facture","sGroupe":"Paiement","_ts":"1758098921997"}
[17-Sep-2025 10:48:42 Europe/Zurich] parametre-api - GET paramètres par sous-groupe: Facture/Paiement (user: 2)
[17-Sep-2025 10:48:42 Europe/Zurich] 🔑 parametre-api.php - Session ID forcé depuis URL: mb012fsotitcougm1324tp1nnm
[17-Sep-2025 10:48:42 Europe/Zurich] 🔍 Session cross-domain analysis :
[17-Sep-2025 10:48:42 Europe/Zurich] - HTTP_ORIGIN: http://localhost:3000
[17-Sep-2025 10:48:42 Europe/Zurich] - HTTP_HOST: localhost
[17-Sep-2025 10:48:42 Europe/Zurich] - Is cross-domain: YES
[17-Sep-2025 10:48:42 Europe/Zurich] 🏠 Configuration same-domain appliquée
[17-Sep-2025 10:48:42 Europe/Zurich] 🔧 Session cross-domain configurée - ID: mb012fsotitcougm1324tp1nnm
[17-Sep-2025 10:48:42 Europe/Zurich] 🍪 Cookie params: {"lifetime":1800,"path":"\/","domain":"","secure":true,"httponly":false,"samesite":"None"}
[17-Sep-2025 10:48:42 Europe/Zurich] 🔍 User en session: 2
[17-Sep-2025 10:48:42 Europe/Zurich] 🔧 Setup CORS - Début
[17-Sep-2025 10:48:42 Europe/Zurich] - Mode: DÉVELOPPEMENT
[17-Sep-2025 10:48:42 Europe/Zurich] - Origin reçu: http://localhost:3000
[17-Sep-2025 10:48:42 Europe/Zurich] 🔍 Test d'autorisation pour origin: 'http://localhost:3000'
[17-Sep-2025 10:48:42 Europe/Zurich] 📝 Origins autorisées: ["http:\/\/localhost:3007","http:\/\/localhost:3000","http:\/\/127.0.0.1:3000","http:\/\/localhost:3007","https:\/\/dev-facturation"]
[17-Sep-2025 10:48:42 Europe/Zurich] ✅ Origin autorisé: http://localhost:3000
[17-Sep-2025 10:48:42 Europe/Zurich] 📤 En-têtes CORS envoyés:
[17-Sep-2025 10:48:42 Europe/Zurich] - Methods: GET, POST, PUT, DELETE, OPTIONS
[17-Sep-2025 10:48:42 Europe/Zurich] - Headers: Content-Type, Authorization, X-Requested-With
[17-Sep-2025 10:48:42 Europe/Zurich] - Credentials: true
[17-Sep-2025 10:48:42 Europe/Zurich] parametre-api - Chargement de la configuration
[17-Sep-2025 10:48:42 Europe/Zurich] parametre-api - Méthode: GET
[17-Sep-2025 10:48:42 Europe/Zurich] parametre-api - URL complète: /fact-back/api/parametre-api.php?PHPSESSID=mb012fsotitcougm1324tp1nnm&nomParametre=Delai+Paiement&groupe=Facture&sGroupe=Paiement&_ts=1758098922054
[17-Sep-2025 10:48:42 Europe/Zurich] parametre-api - Origin: http://localhost:3000
[17-Sep-2025 10:48:42 Europe/Zurich] parametre-api - Paramètres GET: {"PHPSESSID":"mb012fsotitcougm1324tp1nnm","nomParametre":"Delai Paiement","groupe":"Facture","sGroupe":"Paiement","_ts":"1758098922054"}
[17-Sep-2025 10:48:42 Europe/Zurich] parametre-api - Session ID: mb012fsotitcougm1324tp1nnm
[17-Sep-2025 10:48:42 Europe/Zurich] parametre-api - Session status: 2
[17-Sep-2025 10:48:42 Europe/Zurich] parametre-api - Session content: {"user_id":2,"user_name":"test_admin","user_role":"admin"}
[17-Sep-2025 10:48:42 Europe/Zurich] 🔍 parametre-api - Session initialisée par bootstrap.php
[17-Sep-2025 10:48:42 Europe/Zurich] parametre-api - Session trouvée - User ID: 2, Role: admin
[17-Sep-2025 10:48:42 Europe/Zurich] ✅ parametre-api - Accès autorisé pour utilisateur: 2 (role: admin)
[17-Sep-2025 10:48:42 Europe/Zurich] parametre-api - Méthode: GET
[17-Sep-2025 10:48:42 Europe/Zurich] parametre-api - Paramètres GET: {"PHPSESSID":"mb012fsotitcougm1324tp1nnm","nomParametre":"Delai Paiement","groupe":"Facture","sGroupe":"Paiement","_ts":"1758098922054"}
[17-Sep-2025 10:48:42 Europe/Zurich] parametre-api - GET paramètres par sous-groupe: Facture/Paiement (user: 2)
[17-Sep-2025 10:48:42 Europe/Zurich] 🔑 parametre-api.php - Session ID forcé depuis URL: mb012fsotitcougm1324tp1nnm
[17-Sep-2025 10:48:42 Europe/Zurich] 🔍 Session cross-domain analysis :
[17-Sep-2025 10:48:42 Europe/Zurich] - HTTP_ORIGIN: http://localhost:3000
[17-Sep-2025 10:48:42 Europe/Zurich] - HTTP_HOST: localhost
[17-Sep-2025 10:48:42 Europe/Zurich] - Is cross-domain: YES
[17-Sep-2025 10:48:42 Europe/Zurich] 🏠 Configuration same-domain appliquée
[17-Sep-2025 10:48:42 Europe/Zurich] 🔧 Session cross-domain configurée - ID: mb012fsotitcougm1324tp1nnm
[17-Sep-2025 10:48:42 Europe/Zurich] 🍪 Cookie params: {"lifetime":1800,"path":"\/","domain":"","secure":true,"httponly":false,"samesite":"None"}
[17-Sep-2025 10:48:42 Europe/Zurich] 🔍 User en session: 2
[17-Sep-2025 10:48:42 Europe/Zurich] 🔧 Setup CORS - Début
[17-Sep-2025 10:48:42 Europe/Zurich] - Mode: DÉVELOPPEMENT
[17-Sep-2025 10:48:42 Europe/Zurich] - Origin reçu: http://localhost:3000
[17-Sep-2025 10:48:42 Europe/Zurich] 🔍 Test d'autorisation pour origin: 'http://localhost:3000'
[17-Sep-2025 10:48:42 Europe/Zurich] 📝 Origins autorisées: ["http:\/\/localhost:3007","http:\/\/localhost:3000","http:\/\/127.0.0.1:3000","http:\/\/localhost:3007","https:\/\/dev-facturation"]
[17-Sep-2025 10:48:42 Europe/Zurich] ✅ Origin autorisé: http://localhost:3000
[17-Sep-2025 10:48:42 Europe/Zurich] 📤 En-têtes CORS envoyés:
[17-Sep-2025 10:48:42 Europe/Zurich] - Methods: GET, POST, PUT, DELETE, OPTIONS
[17-Sep-2025 10:48:42 Europe/Zurich] - Headers: Content-Type, Authorization, X-Requested-With
[17-Sep-2025 10:48:42 Europe/Zurich] - Credentials: true
[17-Sep-2025 10:48:42 Europe/Zurich] parametre-api - Chargement de la configuration
[17-Sep-2025 10:48:42 Europe/Zurich] parametre-api - Méthode: GET
[17-Sep-2025 10:48:42 Europe/Zurich] parametre-api - URL complète: /fact-back/api/parametre-api.php?PHPSESSID=mb012fsotitcougm1324tp1nnm&nomParametre=Corps&groupe=Email&sGroupe=Corps&categorie=vous&_ts=1758098922057
[17-Sep-2025 10:48:42 Europe/Zurich] parametre-api - Origin: http://localhost:3000
[17-Sep-2025 10:48:42 Europe/Zurich] parametre-api - Paramètres GET: {"PHPSESSID":"mb012fsotitcougm1324tp1nnm","nomParametre":"Corps","groupe":"Email","sGroupe":"Corps","categorie":"vous","_ts":"1758098922057"}
[17-Sep-2025 10:48:42 Europe/Zurich] parametre-api - Session ID: mb012fsotitcougm1324tp1nnm
[17-Sep-2025 10:48:42 Europe/Zurich] parametre-api - Session status: 2
[17-Sep-2025 10:48:42 Europe/Zurich] parametre-api - Session content: {"user_id":2,"user_name":"test_admin","user_role":"admin"}
[17-Sep-2025 10:48:42 Europe/Zurich] 🔍 parametre-api - Session initialisée par bootstrap.php
[17-Sep-2025 10:48:42 Europe/Zurich] parametre-api - Session trouvée - User ID: 2, Role: admin
[17-Sep-2025 10:48:42 Europe/Zurich] ✅ parametre-api - Accès autorisé pour utilisateur: 2 (role: admin)
[17-Sep-2025 10:48:42 Europe/Zurich] parametre-api - Méthode: GET
[17-Sep-2025 10:48:42 Europe/Zurich] parametre-api - Paramètres GET: {"PHPSESSID":"mb012fsotitcougm1324tp1nnm","nomParametre":"Corps","groupe":"Email","sGroupe":"Corps","categorie":"vous","_ts":"1758098922057"}
[17-Sep-2025 10:48:42 Europe/Zurich] parametre-api - GET paramètres par sous-groupe: Email/Corps (user: 2)
[17-Sep-2025 10:48:42 Europe/Zurich] 🔑 parametre-api.php - Session ID forcé depuis URL: mb012fsotitcougm1324tp1nnm
[17-Sep-2025 10:48:42 Europe/Zurich] 🔍 Session cross-domain analysis :
[17-Sep-2025 10:48:42 Europe/Zurich] - HTTP_ORIGIN: http://localhost:3000
[17-Sep-2025 10:48:42 Europe/Zurich] - HTTP_HOST: localhost
[17-Sep-2025 10:48:42 Europe/Zurich] - Is cross-domain: YES
[17-Sep-2025 10:48:42 Europe/Zurich] 🏠 Configuration same-domain appliquée
[17-Sep-2025 10:48:42 Europe/Zurich] 🔧 Session cross-domain configurée - ID: mb012fsotitcougm1324tp1nnm
[17-Sep-2025 10:48:42 Europe/Zurich] 🍪 Cookie params: {"lifetime":1800,"path":"\/","domain":"","secure":true,"httponly":false,"samesite":"None"}
[17-Sep-2025 10:48:42 Europe/Zurich] 🔍 User en session: 2
[17-Sep-2025 10:48:42 Europe/Zurich] 🔧 Setup CORS - Début
[17-Sep-2025 10:48:42 Europe/Zurich] - Mode: DÉVELOPPEMENT
[17-Sep-2025 10:48:42 Europe/Zurich] - Origin reçu: http://localhost:3000
[17-Sep-2025 10:48:42 Europe/Zurich] 🔍 Test d'autorisation pour origin: 'http://localhost:3000'
[17-Sep-2025 10:48:42 Europe/Zurich] 📝 Origins autorisées: ["http:\/\/localhost:3007","http:\/\/localhost:3000","http:\/\/127.0.0.1:3000","http:\/\/localhost:3007","https:\/\/dev-facturation"]
[17-Sep-2025 10:48:42 Europe/Zurich] ✅ Origin autorisé: http://localhost:3000
[17-Sep-2025 10:48:42 Europe/Zurich] 📤 En-têtes CORS envoyés:
[17-Sep-2025 10:48:42 Europe/Zurich] - Methods: GET, POST, PUT, DELETE, OPTIONS
[17-Sep-2025 10:48:42 Europe/Zurich] - Headers: Content-Type, Authorization, X-Requested-With
[17-Sep-2025 10:48:42 Europe/Zurich] - Credentials: true
[17-Sep-2025 10:48:42 Europe/Zurich] parametre-api - Chargement de la configuration
[17-Sep-2025 10:48:42 Europe/Zurich] parametre-api - Méthode: GET
[17-Sep-2025 10:48:42 Europe/Zurich] parametre-api - URL complète: /fact-back/api/parametre-api.php?PHPSESSID=mb012fsotitcougm1324tp1nnm&nomParametre=Corps&groupe=Email&sGroupe=Corps&categorie=vous&_ts=1758098922230
[17-Sep-2025 10:48:42 Europe/Zurich] parametre-api - Origin: http://localhost:3000
[17-Sep-2025 10:48:42 Europe/Zurich] parametre-api - Paramètres GET: {"PHPSESSID":"mb012fsotitcougm1324tp1nnm","nomParametre":"Corps","groupe":"Email","sGroupe":"Corps","categorie":"vous","_ts":"1758098922230"}
[17-Sep-2025 10:48:42 Europe/Zurich] parametre-api - Session ID: mb012fsotitcougm1324tp1nnm
[17-Sep-2025 10:48:42 Europe/Zurich] parametre-api - Session status: 2
[17-Sep-2025 10:48:42 Europe/Zurich] parametre-api - Session content: {"user_id":2,"user_name":"test_admin","user_role":"admin"}
[17-Sep-2025 10:48:42 Europe/Zurich] 🔍 parametre-api - Session initialisée par bootstrap.php
[17-Sep-2025 10:48:42 Europe/Zurich] parametre-api - Session trouvée - User ID: 2, Role: admin
[17-Sep-2025 10:48:42 Europe/Zurich] ✅ parametre-api - Accès autorisé pour utilisateur: 2 (role: admin)
[17-Sep-2025 10:48:42 Europe/Zurich] parametre-api - Méthode: GET
[17-Sep-2025 10:48:42 Europe/Zurich] parametre-api - Paramètres GET: {"PHPSESSID":"mb012fsotitcougm1324tp1nnm","nomParametre":"Corps","groupe":"Email","sGroupe":"Corps","categorie":"vous","_ts":"1758098922230"}
[17-Sep-2025 10:48:42 Europe/Zurich] parametre-api - GET paramètres par sous-groupe: Email/Corps (user: 2)
[17-Sep-2025 11:38:55 Europe/Zurich] 🔑 tarif-api.php - Session ID forcé depuis URL: cie9p17bev2g21v2o8d2r0j8dk
[17-Sep-2025 11:38:55 Europe/Zurich] 🔍 Session cross-domain analysis :
[17-Sep-2025 11:38:55 Europe/Zurich] - HTTP_ORIGIN: 
[17-Sep-2025 11:38:55 Europe/Zurich] - HTTP_HOST: localhost
[17-Sep-2025 11:38:55 Europe/Zurich] - Is cross-domain: NO
[17-Sep-2025 11:38:55 Europe/Zurich] 🏠 Configuration same-domain appliquée
[17-Sep-2025 11:38:55 Europe/Zurich] 🔧 Session cross-domain configurée - ID: fjvedfbh47j7sf4qr86sn6pkt9
[17-Sep-2025 11:38:55 Europe/Zurich] 🍪 Cookie params: {"lifetime":1800,"path":"\/","domain":"","secure":true,"httponly":false,"samesite":"Lax"}
[17-Sep-2025 11:38:55 Europe/Zurich] 🔍 User en session: NON CONNECTÉ
[17-Sep-2025 11:38:55 Europe/Zurich] 🔧 Setup CORS - Début
[17-Sep-2025 11:38:55 Europe/Zurich] - Mode: DÉVELOPPEMENT
[17-Sep-2025 11:38:55 Europe/Zurich] - Origin reçu: AUCUN
[17-Sep-2025 11:38:55 Europe/Zurich] 🔍 Test d'autorisation pour origin: ''
[17-Sep-2025 11:38:55 Europe/Zurich] 📝 Origins autorisées: ["http:\/\/localhost:3007","http:\/\/localhost:3000","http:\/\/127.0.0.1:3000","http:\/\/localhost:3007","https:\/\/dev-facturation"]
[17-Sep-2025 11:38:55 Europe/Zurich] ✅ Pas d'origin - Autorisation universelle (dev)
[17-Sep-2025 11:38:55 Europe/Zurich] 📤 En-têtes CORS envoyés:
[17-Sep-2025 11:38:55 Europe/Zurich] - Methods: GET, POST, PUT, DELETE, OPTIONS
[17-Sep-2025 11:38:55 Europe/Zurich] - Headers: Content-Type, Authorization, X-Requested-With
[17-Sep-2025 11:38:55 Europe/Zurich] - Credentials: true
[17-Sep-2025 11:38:55 Europe/Zurich] tarif-api - Méthode: GET
[17-Sep-2025 11:38:55 Europe/Zurich] tarif-api - URL complète: /fact-back/api/tarif-api.php?PHPSESSID=cie9p17bev2g21v2o8d2r0j8dk&tarifClient=true&client_id=15&id_service=1&id_unite=2&date=2025-08-31&_ts=1756644309223
[17-Sep-2025 11:38:55 Europe/Zurich] tarif-api - Session ID: fjvedfbh47j7sf4qr86sn6pkt9
[17-Sep-2025 11:38:55 Europe/Zurich] tarif-api - Session content: []
[17-Sep-2025 11:38:55 Europe/Zurich] 🔍 Utilisateur: ID=, Role=, Auth=NON
[17-Sep-2025 11:38:55 Europe/Zurich] ❌ tarif-api - Accès refusé - Authentification requise
[17-Sep-2025 13:25:36 Europe/Zurich] 🔍 Session cross-domain analysis :
[17-Sep-2025 13:25:36 Europe/Zurich] - HTTP_ORIGIN: http://localhost:3000
[17-Sep-2025 13:25:36 Europe/Zurich] - HTTP_HOST: localhost
[17-Sep-2025 13:25:36 Europe/Zurich] - Is cross-domain: YES
[17-Sep-2025 13:25:36 Europe/Zurich] 🏠 Configuration same-domain appliquée
[17-Sep-2025 13:25:36 Europe/Zurich] 🔧 Session cross-domain configurée - ID: 8f58db6s231u0e9fmmnsfmh3sb
[17-Sep-2025 13:25:36 Europe/Zurich] 🍪 Cookie params: {"lifetime":1800,"path":"\/","domain":"","secure":true,"httponly":false,"samesite":"None"}
[17-Sep-2025 13:25:36 Europe/Zurich] 🔍 User en session: NON CONNECTÉ
[17-Sep-2025 13:25:36 Europe/Zurich] 🔧 Setup CORS - Début
[17-Sep-2025 13:25:36 Europe/Zurich] - Mode: DÉVELOPPEMENT
[17-Sep-2025 13:25:36 Europe/Zurich] - Origin reçu: http://localhost:3000
[17-Sep-2025 13:25:36 Europe/Zurich] 🔍 Test d'autorisation pour origin: 'http://localhost:3000'
[17-Sep-2025 13:25:36 Europe/Zurich] 📝 Origins autorisées: ["http:\/\/localhost:3007","http:\/\/localhost:3000","http:\/\/127.0.0.1:3000","http:\/\/localhost:3007","https:\/\/dev-facturation"]
[17-Sep-2025 13:25:36 Europe/Zurich] ✅ Origin autorisé: http://localhost:3000
[17-Sep-2025 13:25:36 Europe/Zurich] 📤 En-têtes CORS envoyés:
[17-Sep-2025 13:25:36 Europe/Zurich] - Methods: GET, POST, PUT, DELETE, OPTIONS
[17-Sep-2025 13:25:36 Europe/Zurich] - Headers: Content-Type, Authorization, X-Requested-With
[17-Sep-2025 13:25:36 Europe/Zurich] - Credentials: true
[17-Sep-2025 13:25:36 Europe/Zurich] 🔄 Requête OPTIONS (preflight) - Réponse immédiate
[17-Sep-2025 13:25:36 Europe/Zurich] 🔍 Session cross-domain analysis :
[17-Sep-2025 13:25:36 Europe/Zurich] - HTTP_ORIGIN: http://localhost:3000
[17-Sep-2025 13:25:36 Europe/Zurich] - HTTP_HOST: localhost
[17-Sep-2025 13:25:36 Europe/Zurich] - Is cross-domain: YES
[17-Sep-2025 13:25:36 Europe/Zurich] 🏠 Configuration same-domain appliquée
[17-Sep-2025 13:25:36 Europe/Zurich] 🔧 Session cross-domain configurée - ID: 8bmp6ap32fdrs4fff418iirqjv
[17-Sep-2025 13:25:36 Europe/Zurich] 🍪 Cookie params: {"lifetime":1800,"path":"\/","domain":"","secure":true,"httponly":false,"samesite":"None"}
[17-Sep-2025 13:25:36 Europe/Zurich] 🔍 User en session: NON CONNECTÉ
[17-Sep-2025 13:25:36 Europe/Zurich] 🔧 Setup CORS - Début
[17-Sep-2025 13:25:36 Europe/Zurich] - Mode: DÉVELOPPEMENT
[17-Sep-2025 13:25:36 Europe/Zurich] - Origin reçu: http://localhost:3000
[17-Sep-2025 13:25:36 Europe/Zurich] 🔍 Test d'autorisation pour origin: 'http://localhost:3000'
[17-Sep-2025 13:25:36 Europe/Zurich] 📝 Origins autorisées: ["http:\/\/localhost:3007","http:\/\/localhost:3000","http:\/\/127.0.0.1:3000","http:\/\/localhost:3007","https:\/\/dev-facturation"]
[17-Sep-2025 13:25:36 Europe/Zurich] ✅ Origin autorisé: http://localhost:3000
[17-Sep-2025 13:25:36 Europe/Zurich] 📤 En-têtes CORS envoyés:
[17-Sep-2025 13:25:36 Europe/Zurich] - Methods: GET, POST, PUT, DELETE, OPTIONS
[17-Sep-2025 13:25:36 Europe/Zurich] - Headers: Content-Type, Authorization, X-Requested-With
[17-Sep-2025 13:25:36 Europe/Zurich] - Credentials: true
[17-Sep-2025 13:25:36 Europe/Zurich] auth-api - Chargement de la configuration
[17-Sep-2025 13:25:36 Europe/Zurich] auth-api - Configuration: {"app_name":"Centre La Grange","debug_mode":true,"version":"1.5.0","session_lifetime":1800,"database":{"host":"localhost","name":"factlagrange","user":"root","pass":"vo6ZQHsCp6%q883R"},"react":{"host":"localhost","port":"3007","url":"http:\/\/localhost:3007","build_dir":"build"},"cors":{"origin":"http:\/\/127.0.0.1:3007,http:\/\/localhost:3007","methods":"GET, POST, PUT, DELETE, OPTIONS","headers":"Content-Type, Authorization, X-Requested-With","credentials":"true"},"logs":{"dir":"C:\\wamp64\\www\\fact-back\\logs","enabled":true,"level":"debug"}}
[17-Sep-2025 13:25:36 Europe/Zurich] auth-api - Méthode: POST
[17-Sep-2025 13:25:36 Europe/Zurich] auth-api - URL complète: /fact-back/api/auth-api.php?login=1
[17-Sep-2025 13:25:36 Europe/Zurich] auth-api - Origin: http://localhost:3000
[17-Sep-2025 13:25:36 Europe/Zurich] auth-api - Paramètres GET: {"login":"1"}
[17-Sep-2025 13:25:36 Europe/Zurich] auth-api - Session ID: 8bmp6ap32fdrs4fff418iirqjv
[17-Sep-2025 13:25:36 Europe/Zurich] auth-api - Session status: 2
[17-Sep-2025 13:25:36 Europe/Zurich] auth-api - Session content: []
[17-Sep-2025 13:25:36 Europe/Zurich] 🔍 auth-api - Session initialisée par bootstrap.php
[17-Sep-2025 13:25:36 Europe/Zurich] auth-api - Action: , Method: POST
[17-Sep-2025 13:25:36 Europe/Zurich] auth-api - Flags: login=1, logout=, check=, users=, admin=
[17-Sep-2025 13:25:36 Europe/Zurich] ✅ ActivityLogsControleur::validateAndTruncateLogData - Validation des données de log
[17-Sep-2025 13:25:36 Europe/Zurich] ✅ Données reçues: Array
(
    [user_id] => 2
    [user_name] => test_admin
    [action_type] => auth_login
    [description] => Connexion de l'utilisateur test_admin
    [severity] => info
    [ip_address] => ::1
    [user_agent] => Mozilla/5.0 (Windows NT 10.0; Win64; x64) AppleWebKit/537.36 (KHTML, like Gecko) Chrome/140.0.0.0 Safari/537.36
)

[17-Sep-2025 13:25:36 Europe/Zurich] ✅ ActivityLogsControleur::insertLog - Log inséré: auth_login
[17-Sep-2025 13:25:36 Europe/Zurich] auth-api - Connexion réussie pour: test_admin
[17-Sep-2025 13:25:36 Europe/Zurich] 🔑 auth-api.php - Session ID forcé depuis URL: 8bmp6ap32fdrs4fff418iirqjv
[17-Sep-2025 13:25:36 Europe/Zurich] 🔍 Session cross-domain analysis :
[17-Sep-2025 13:25:36 Europe/Zurich] - HTTP_ORIGIN: http://localhost:3000
[17-Sep-2025 13:25:36 Europe/Zurich] - HTTP_HOST: localhost
[17-Sep-2025 13:25:36 Europe/Zurich] - Is cross-domain: YES
[17-Sep-2025 13:25:36 Europe/Zurich] 🏠 Configuration same-domain appliquée
[17-Sep-2025 13:25:36 Europe/Zurich] 🔧 Session cross-domain configurée - ID: 8bmp6ap32fdrs4fff418iirqjv
[17-Sep-2025 13:25:36 Europe/Zurich] 🍪 Cookie params: {"lifetime":1800,"path":"\/","domain":"","secure":true,"httponly":false,"samesite":"None"}
[17-Sep-2025 13:25:36 Europe/Zurich] 🔍 User en session: 2
[17-Sep-2025 13:25:36 Europe/Zurich] 🔧 Setup CORS - Début
[17-Sep-2025 13:25:36 Europe/Zurich] - Mode: DÉVELOPPEMENT
[17-Sep-2025 13:25:36 Europe/Zurich] - Origin reçu: http://localhost:3000
[17-Sep-2025 13:25:36 Europe/Zurich] 🔍 Test d'autorisation pour origin: 'http://localhost:3000'
[17-Sep-2025 13:25:36 Europe/Zurich] 📝 Origins autorisées: ["http:\/\/localhost:3007","http:\/\/localhost:3000","http:\/\/127.0.0.1:3000","http:\/\/localhost:3007","https:\/\/dev-facturation"]
[17-Sep-2025 13:25:36 Europe/Zurich] ✅ Origin autorisé: http://localhost:3000
[17-Sep-2025 13:25:36 Europe/Zurich] 📤 En-têtes CORS envoyés:
[17-Sep-2025 13:25:36 Europe/Zurich] - Methods: GET, POST, PUT, DELETE, OPTIONS
[17-Sep-2025 13:25:36 Europe/Zurich] - Headers: Content-Type, Authorization, X-Requested-With
[17-Sep-2025 13:25:36 Europe/Zurich] - Credentials: true
[17-Sep-2025 13:25:36 Europe/Zurich] 🔄 Requête OPTIONS (preflight) - Réponse immédiate
[17-Sep-2025 13:25:37 Europe/Zurich] 🔑 auth-api.php - Session ID forcé depuis URL: 8bmp6ap32fdrs4fff418iirqjv
[17-Sep-2025 13:25:37 Europe/Zurich] 🔍 Session cross-domain analysis :
[17-Sep-2025 13:25:37 Europe/Zurich] - HTTP_ORIGIN: http://localhost:3000
[17-Sep-2025 13:25:37 Europe/Zurich] - HTTP_HOST: localhost
[17-Sep-2025 13:25:37 Europe/Zurich] - Is cross-domain: YES
[17-Sep-2025 13:25:37 Europe/Zurich] 🏠 Configuration same-domain appliquée
[17-Sep-2025 13:25:37 Europe/Zurich] 🔧 Session cross-domain configurée - ID: 8bmp6ap32fdrs4fff418iirqjv
[17-Sep-2025 13:25:37 Europe/Zurich] 🍪 Cookie params: {"lifetime":1800,"path":"\/","domain":"","secure":true,"httponly":false,"samesite":"None"}
[17-Sep-2025 13:25:37 Europe/Zurich] 🔍 User en session: 2
[17-Sep-2025 13:25:37 Europe/Zurich] 🔧 Setup CORS - Début
[17-Sep-2025 13:25:37 Europe/Zurich] - Mode: DÉVELOPPEMENT
[17-Sep-2025 13:25:37 Europe/Zurich] - Origin reçu: http://localhost:3000
[17-Sep-2025 13:25:37 Europe/Zurich] 🔍 Test d'autorisation pour origin: 'http://localhost:3000'
[17-Sep-2025 13:25:37 Europe/Zurich] 📝 Origins autorisées: ["http:\/\/localhost:3007","http:\/\/localhost:3000","http:\/\/127.0.0.1:3000","http:\/\/localhost:3007","https:\/\/dev-facturation"]
[17-Sep-2025 13:25:37 Europe/Zurich] ✅ Origin autorisé: http://localhost:3000
[17-Sep-2025 13:25:37 Europe/Zurich] 📤 En-têtes CORS envoyés:
[17-Sep-2025 13:25:37 Europe/Zurich] - Methods: GET, POST, PUT, DELETE, OPTIONS
[17-Sep-2025 13:25:37 Europe/Zurich] - Headers: Content-Type, Authorization, X-Requested-With
[17-Sep-2025 13:25:37 Europe/Zurich] - Credentials: true
[17-Sep-2025 13:25:37 Europe/Zurich] auth-api - Chargement de la configuration
[17-Sep-2025 13:25:37 Europe/Zurich] auth-api - Configuration: {"app_name":"Centre La Grange","debug_mode":true,"version":"1.5.0","session_lifetime":1800,"database":{"host":"localhost","name":"factlagrange","user":"root","pass":"vo6ZQHsCp6%q883R"},"react":{"host":"localhost","port":"3007","url":"http:\/\/localhost:3007","build_dir":"build"},"cors":{"origin":"http:\/\/127.0.0.1:3007,http:\/\/localhost:3007","methods":"GET, POST, PUT, DELETE, OPTIONS","headers":"Content-Type, Authorization, X-Requested-With","credentials":"true"},"logs":{"dir":"C:\\wamp64\\www\\fact-back\\logs","enabled":true,"level":"debug"}}
[17-Sep-2025 13:25:37 Europe/Zurich] auth-api - Méthode: GET
[17-Sep-2025 13:25:37 Europe/Zurich] auth-api - URL complète: /fact-back/api/auth-api.php?PHPSESSID=8bmp6ap32fdrs4fff418iirqjv&check_session=1&_ts=1758108336596
[17-Sep-2025 13:25:37 Europe/Zurich] auth-api - Origin: http://localhost:3000
[17-Sep-2025 13:25:37 Europe/Zurich] auth-api - Paramètres GET: {"PHPSESSID":"8bmp6ap32fdrs4fff418iirqjv","check_session":"1","_ts":"1758108336596"}
[17-Sep-2025 13:25:37 Europe/Zurich] auth-api - Session ID: 8bmp6ap32fdrs4fff418iirqjv
[17-Sep-2025 13:25:37 Europe/Zurich] auth-api - Session status: 2
[17-Sep-2025 13:25:37 Europe/Zurich] auth-api - Session content: {"user_id":2,"user_name":"test_admin","user_role":"admin"}
[17-Sep-2025 13:25:37 Europe/Zurich] 🔍 auth-api - Session initialisée par bootstrap.php
[17-Sep-2025 13:25:37 Europe/Zurich] auth-api - Action: , Method: GET
[17-Sep-2025 13:25:37 Europe/Zurich] auth-api - Flags: login=, logout=, check=1, users=, admin=
[17-Sep-2025 13:25:37 Europe/Zurich] auth-api - Session trouvée - User ID: 2, Role: admin
[17-Sep-2025 13:25:37 Europe/Zurich] 🔑 facture-api.php - Session ID forcé depuis URL: 8bmp6ap32fdrs4fff418iirqjv
[17-Sep-2025 13:25:37 Europe/Zurich] 🔍 Session cross-domain analysis :
[17-Sep-2025 13:25:37 Europe/Zurich] - HTTP_ORIGIN: http://localhost:3000
[17-Sep-2025 13:25:37 Europe/Zurich] - HTTP_HOST: localhost
[17-Sep-2025 13:25:37 Europe/Zurich] - Is cross-domain: YES
[17-Sep-2025 13:25:37 Europe/Zurich] 🏠 Configuration same-domain appliquée
[17-Sep-2025 13:25:37 Europe/Zurich] 🔧 Session cross-domain configurée - ID: 8bmp6ap32fdrs4fff418iirqjv
[17-Sep-2025 13:25:37 Europe/Zurich] 🍪 Cookie params: {"lifetime":1800,"path":"\/","domain":"","secure":true,"httponly":false,"samesite":"None"}
[17-Sep-2025 13:25:37 Europe/Zurich] 🔍 User en session: 2
[17-Sep-2025 13:25:37 Europe/Zurich] 🔧 Setup CORS - Début
[17-Sep-2025 13:25:37 Europe/Zurich] - Mode: DÉVELOPPEMENT
[17-Sep-2025 13:25:37 Europe/Zurich] - Origin reçu: http://localhost:3000
[17-Sep-2025 13:25:37 Europe/Zurich] 🔍 Test d'autorisation pour origin: 'http://localhost:3000'
[17-Sep-2025 13:25:37 Europe/Zurich] 📝 Origins autorisées: ["http:\/\/localhost:3007","http:\/\/localhost:3000","http:\/\/127.0.0.1:3000","http:\/\/localhost:3007","https:\/\/dev-facturation"]
[17-Sep-2025 13:25:37 Europe/Zurich] ✅ Origin autorisé: http://localhost:3000
[17-Sep-2025 13:25:37 Europe/Zurich] 📤 En-têtes CORS envoyés:
[17-Sep-2025 13:25:37 Europe/Zurich] - Methods: GET, POST, PUT, DELETE, OPTIONS
[17-Sep-2025 13:25:37 Europe/Zurich] - Headers: Content-Type, Authorization, X-Requested-With
[17-Sep-2025 13:25:37 Europe/Zurich] - Credentials: true
[17-Sep-2025 13:25:37 Europe/Zurich] 🔄 Requête OPTIONS (preflight) - Réponse immédiate
[17-Sep-2025 13:25:37 Europe/Zurich] 🔑 client-api.php - Session ID forcé depuis URL: 8bmp6ap32fdrs4fff418iirqjv
[17-Sep-2025 13:25:37 Europe/Zurich] 🔍 Session cross-domain analysis :
[17-Sep-2025 13:25:37 Europe/Zurich] - HTTP_ORIGIN: http://localhost:3000
[17-Sep-2025 13:25:37 Europe/Zurich] - HTTP_HOST: localhost
[17-Sep-2025 13:25:37 Europe/Zurich] - Is cross-domain: YES
[17-Sep-2025 13:25:37 Europe/Zurich] 🏠 Configuration same-domain appliquée
[17-Sep-2025 13:25:37 Europe/Zurich] 🔧 Session cross-domain configurée - ID: 8bmp6ap32fdrs4fff418iirqjv
[17-Sep-2025 13:25:37 Europe/Zurich] 🍪 Cookie params: {"lifetime":1800,"path":"\/","domain":"","secure":true,"httponly":false,"samesite":"None"}
[17-Sep-2025 13:25:37 Europe/Zurich] 🔍 User en session: 2
[17-Sep-2025 13:25:37 Europe/Zurich] 🔧 Setup CORS - Début
[17-Sep-2025 13:25:37 Europe/Zurich] - Mode: DÉVELOPPEMENT
[17-Sep-2025 13:25:37 Europe/Zurich] - Origin reçu: http://localhost:3000
[17-Sep-2025 13:25:37 Europe/Zurich] 🔍 Test d'autorisation pour origin: 'http://localhost:3000'
[17-Sep-2025 13:25:37 Europe/Zurich] 📝 Origins autorisées: ["http:\/\/localhost:3007","http:\/\/localhost:3000","http:\/\/127.0.0.1:3000","http:\/\/localhost:3007","https:\/\/dev-facturation"]
[17-Sep-2025 13:25:37 Europe/Zurich] ✅ Origin autorisé: http://localhost:3000
[17-Sep-2025 13:25:37 Europe/Zurich] 📤 En-têtes CORS envoyés:
[17-Sep-2025 13:25:37 Europe/Zurich] - Methods: GET, POST, PUT, DELETE, OPTIONS
[17-Sep-2025 13:25:37 Europe/Zurich] - Headers: Content-Type, Authorization, X-Requested-With
[17-Sep-2025 13:25:37 Europe/Zurich] - Credentials: true
[17-Sep-2025 13:25:37 Europe/Zurich] 🔄 Requête OPTIONS (preflight) - Réponse immédiate
[17-Sep-2025 13:25:37 Europe/Zurich] 🔑 parametre-api.php - Session ID forcé depuis URL: 8bmp6ap32fdrs4fff418iirqjv
[17-Sep-2025 13:25:37 Europe/Zurich] 🔍 Session cross-domain analysis :
[17-Sep-2025 13:25:37 Europe/Zurich] - HTTP_ORIGIN: http://localhost:3000
[17-Sep-2025 13:25:37 Europe/Zurich] - HTTP_HOST: localhost
[17-Sep-2025 13:25:37 Europe/Zurich] - Is cross-domain: YES
[17-Sep-2025 13:25:37 Europe/Zurich] 🔑 client-api.php - Session ID forcé depuis URL: 8bmp6ap32fdrs4fff418iirqjv
[17-Sep-2025 13:25:37 Europe/Zurich] 🏠 Configuration same-domain appliquée
[17-Sep-2025 13:25:37 Europe/Zurich] 🔍 Session cross-domain analysis :
[17-Sep-2025 13:25:37 Europe/Zurich] - HTTP_ORIGIN: http://localhost:3000
[17-Sep-2025 13:25:37 Europe/Zurich] 🔑 client-api.php - Session ID forcé depuis URL: 8bmp6ap32fdrs4fff418iirqjv
[17-Sep-2025 13:25:37 Europe/Zurich] 🔑 facture-api.php - Session ID forcé depuis URL: 8bmp6ap32fdrs4fff418iirqjv
[17-Sep-2025 13:25:37 Europe/Zurich] 🔧 Session cross-domain configurée - ID: 8bmp6ap32fdrs4fff418iirqjv
[17-Sep-2025 13:25:37 Europe/Zurich] - HTTP_HOST: localhost
[17-Sep-2025 13:25:37 Europe/Zurich] 🔍 Session cross-domain analysis :
[17-Sep-2025 13:25:37 Europe/Zurich] 🔍 Session cross-domain analysis :
[17-Sep-2025 13:25:37 Europe/Zurich] - Is cross-domain: YES
[17-Sep-2025 13:25:37 Europe/Zurich] 🍪 Cookie params: {"lifetime":1800,"path":"\/","domain":"","secure":true,"httponly":false,"samesite":"None"}
[17-Sep-2025 13:25:37 Europe/Zurich] - HTTP_ORIGIN: http://localhost:3000
[17-Sep-2025 13:25:37 Europe/Zurich] - HTTP_ORIGIN: http://localhost:3000
[17-Sep-2025 13:25:37 Europe/Zurich] 🏠 Configuration same-domain appliquée
[17-Sep-2025 13:25:37 Europe/Zurich] 🔍 User en session: 2
[17-Sep-2025 13:25:37 Europe/Zurich] - HTTP_HOST: localhost
[17-Sep-2025 13:25:37 Europe/Zurich] - HTTP_HOST: localhost
[17-Sep-2025 13:25:37 Europe/Zurich] 🔧 Setup CORS - Début
[17-Sep-2025 13:25:37 Europe/Zurich] - Is cross-domain: YES
[17-Sep-2025 13:25:37 Europe/Zurich] - Is cross-domain: YES
[17-Sep-2025 13:25:37 Europe/Zurich] - Mode: DÉVELOPPEMENT
[17-Sep-2025 13:25:37 Europe/Zurich] 🏠 Configuration same-domain appliquée
[17-Sep-2025 13:25:37 Europe/Zurich] 🏠 Configuration same-domain appliquée
[17-Sep-2025 13:25:37 Europe/Zurich] - Origin reçu: http://localhost:3000
[17-Sep-2025 13:25:37 Europe/Zurich] 🔍 Test d'autorisation pour origin: 'http://localhost:3000'
[17-Sep-2025 13:25:37 Europe/Zurich] 📝 Origins autorisées: ["http:\/\/localhost:3007","http:\/\/localhost:3000","http:\/\/127.0.0.1:3000","http:\/\/localhost:3007","https:\/\/dev-facturation"]
[17-Sep-2025 13:25:37 Europe/Zurich] ✅ Origin autorisé: http://localhost:3000
[17-Sep-2025 13:25:37 Europe/Zurich] 📤 En-têtes CORS envoyés:
[17-Sep-2025 13:25:37 Europe/Zurich] - Methods: GET, POST, PUT, DELETE, OPTIONS
[17-Sep-2025 13:25:37 Europe/Zurich] - Headers: Content-Type, Authorization, X-Requested-With
[17-Sep-2025 13:25:37 Europe/Zurich] - Credentials: true
[17-Sep-2025 13:25:37 Europe/Zurich] 🔄 Requête OPTIONS (preflight) - Réponse immédiate
[17-Sep-2025 13:25:37 Europe/Zurich] 🔧 Session cross-domain configurée - ID: 8bmp6ap32fdrs4fff418iirqjv
[17-Sep-2025 13:25:37 Europe/Zurich] 🍪 Cookie params: {"lifetime":1800,"path":"\/","domain":"","secure":true,"httponly":false,"samesite":"None"}
[17-Sep-2025 13:25:37 Europe/Zurich] 🔍 User en session: 2
[17-Sep-2025 13:25:37 Europe/Zurich] 🔧 Setup CORS - Début
[17-Sep-2025 13:25:37 Europe/Zurich] - Mode: DÉVELOPPEMENT
[17-Sep-2025 13:25:37 Europe/Zurich] - Origin reçu: http://localhost:3000
[17-Sep-2025 13:25:37 Europe/Zurich] 🔍 Test d'autorisation pour origin: 'http://localhost:3000'
[17-Sep-2025 13:25:37 Europe/Zurich] 📝 Origins autorisées: ["http:\/\/localhost:3007","http:\/\/localhost:3000","http:\/\/127.0.0.1:3000","http:\/\/localhost:3007","https:\/\/dev-facturation"]
[17-Sep-2025 13:25:37 Europe/Zurich] ✅ Origin autorisé: http://localhost:3000
[17-Sep-2025 13:25:37 Europe/Zurich] 📤 En-têtes CORS envoyés:
[17-Sep-2025 13:25:37 Europe/Zurich] - Methods: GET, POST, PUT, DELETE, OPTIONS
[17-Sep-2025 13:25:37 Europe/Zurich] - Headers: Content-Type, Authorization, X-Requested-With
[17-Sep-2025 13:25:37 Europe/Zurich] - Credentials: true
[17-Sep-2025 13:25:37 Europe/Zurich] 🔄 Requête OPTIONS (preflight) - Réponse immédiate
[17-Sep-2025 13:25:37 Europe/Zurich] 🔧 Session cross-domain configurée - ID: 8bmp6ap32fdrs4fff418iirqjv
[17-Sep-2025 13:25:37 Europe/Zurich] 🍪 Cookie params: {"lifetime":1800,"path":"\/","domain":"","secure":true,"httponly":false,"samesite":"None"}
[17-Sep-2025 13:25:37 Europe/Zurich] 🔍 User en session: 2
[17-Sep-2025 13:25:37 Europe/Zurich] 🔧 Setup CORS - Début
[17-Sep-2025 13:25:37 Europe/Zurich] - Mode: DÉVELOPPEMENT
[17-Sep-2025 13:25:37 Europe/Zurich] - Origin reçu: http://localhost:3000
[17-Sep-2025 13:25:37 Europe/Zurich] 🔍 Test d'autorisation pour origin: 'http://localhost:3000'
[17-Sep-2025 13:25:37 Europe/Zurich] 📝 Origins autorisées: ["http:\/\/localhost:3007","http:\/\/localhost:3000","http:\/\/127.0.0.1:3000","http:\/\/localhost:3007","https:\/\/dev-facturation"]
[17-Sep-2025 13:25:37 Europe/Zurich] ✅ Origin autorisé: http://localhost:3000
[17-Sep-2025 13:25:37 Europe/Zurich] 📤 En-têtes CORS envoyés:
[17-Sep-2025 13:25:37 Europe/Zurich] - Methods: GET, POST, PUT, DELETE, OPTIONS
[17-Sep-2025 13:25:37 Europe/Zurich] - Headers: Content-Type, Authorization, X-Requested-With
[17-Sep-2025 13:25:37 Europe/Zurich] - Credentials: true
[17-Sep-2025 13:25:37 Europe/Zurich] 🔄 Requête OPTIONS (preflight) - Réponse immédiate
[17-Sep-2025 13:25:37 Europe/Zurich] 🔧 Session cross-domain configurée - ID: 8bmp6ap32fdrs4fff418iirqjv
[17-Sep-2025 13:25:37 Europe/Zurich] 🍪 Cookie params: {"lifetime":1800,"path":"\/","domain":"","secure":true,"httponly":false,"samesite":"None"}
[17-Sep-2025 13:25:37 Europe/Zurich] 🔍 User en session: 2
[17-Sep-2025 13:25:37 Europe/Zurich] 🔧 Setup CORS - Début
[17-Sep-2025 13:25:37 Europe/Zurich] - Mode: DÉVELOPPEMENT
[17-Sep-2025 13:25:37 Europe/Zurich] - Origin reçu: http://localhost:3000
[17-Sep-2025 13:25:37 Europe/Zurich] 🔍 Test d'autorisation pour origin: 'http://localhost:3000'
[17-Sep-2025 13:25:37 Europe/Zurich] 📝 Origins autorisées: ["http:\/\/localhost:3007","http:\/\/localhost:3000","http:\/\/127.0.0.1:3000","http:\/\/localhost:3007","https:\/\/dev-facturation"]
[17-Sep-2025 13:25:37 Europe/Zurich] ✅ Origin autorisé: http://localhost:3000
[17-Sep-2025 13:25:37 Europe/Zurich] 📤 En-têtes CORS envoyés:
[17-Sep-2025 13:25:37 Europe/Zurich] - Methods: GET, POST, PUT, DELETE, OPTIONS
[17-Sep-2025 13:25:37 Europe/Zurich] - Headers: Content-Type, Authorization, X-Requested-With
[17-Sep-2025 13:25:37 Europe/Zurich] - Credentials: true
[17-Sep-2025 13:25:37 Europe/Zurich] 🔄 Requête OPTIONS (preflight) - Réponse immédiate
[17-Sep-2025 13:25:37 Europe/Zurich] 🔑 facture-api.php - Session ID forcé depuis URL: 8bmp6ap32fdrs4fff418iirqjv
[17-Sep-2025 13:25:37 Europe/Zurich] 🔑 client-api.php - Session ID forcé depuis URL: 8bmp6ap32fdrs4fff418iirqjv
[17-Sep-2025 13:25:37 Europe/Zurich] 🔍 Session cross-domain analysis :
[17-Sep-2025 13:25:37 Europe/Zurich] 🔍 Session cross-domain analysis :
[17-Sep-2025 13:25:37 Europe/Zurich] - HTTP_ORIGIN: http://localhost:3000
[17-Sep-2025 13:25:37 Europe/Zurich] - HTTP_ORIGIN: http://localhost:3000
[17-Sep-2025 13:25:37 Europe/Zurich] - HTTP_HOST: localhost
[17-Sep-2025 13:25:37 Europe/Zurich] - HTTP_HOST: localhost
[17-Sep-2025 13:25:37 Europe/Zurich] - Is cross-domain: YES
[17-Sep-2025 13:25:37 Europe/Zurich] - Is cross-domain: YES
[17-Sep-2025 13:25:37 Europe/Zurich] 🏠 Configuration same-domain appliquée
[17-Sep-2025 13:25:37 Europe/Zurich] 🏠 Configuration same-domain appliquée
[17-Sep-2025 13:25:37 Europe/Zurich] 🔧 Session cross-domain configurée - ID: 8bmp6ap32fdrs4fff418iirqjv
[17-Sep-2025 13:25:37 Europe/Zurich] 🍪 Cookie params: {"lifetime":1800,"path":"\/","domain":"","secure":true,"httponly":false,"samesite":"None"}
[17-Sep-2025 13:25:37 Europe/Zurich] 🔍 User en session: 2
[17-Sep-2025 13:25:37 Europe/Zurich] 🔧 Setup CORS - Début
[17-Sep-2025 13:25:37 Europe/Zurich] - Mode: DÉVELOPPEMENT
[17-Sep-2025 13:25:37 Europe/Zurich] - Origin reçu: http://localhost:3000
[17-Sep-2025 13:25:37 Europe/Zurich] 🔍 Test d'autorisation pour origin: 'http://localhost:3000'
[17-Sep-2025 13:25:37 Europe/Zurich] 📝 Origins autorisées: ["http:\/\/localhost:3007","http:\/\/localhost:3000","http:\/\/127.0.0.1:3000","http:\/\/localhost:3007","https:\/\/dev-facturation"]
[17-Sep-2025 13:25:37 Europe/Zurich] ✅ Origin autorisé: http://localhost:3000
[17-Sep-2025 13:25:37 Europe/Zurich] 📤 En-têtes CORS envoyés:
[17-Sep-2025 13:25:37 Europe/Zurich] - Methods: GET, POST, PUT, DELETE, OPTIONS
[17-Sep-2025 13:25:37 Europe/Zurich] - Headers: Content-Type, Authorization, X-Requested-With
[17-Sep-2025 13:25:37 Europe/Zurich] - Credentials: true
[17-Sep-2025 13:25:37 Europe/Zurich] 🔄 Requête OPTIONS (preflight) - Réponse immédiate
[17-Sep-2025 13:25:37 Europe/Zurich] 🔧 Session cross-domain configurée - ID: 8bmp6ap32fdrs4fff418iirqjv
[17-Sep-2025 13:25:37 Europe/Zurich] 🍪 Cookie params: {"lifetime":1800,"path":"\/","domain":"","secure":true,"httponly":false,"samesite":"None"}
[17-Sep-2025 13:25:37 Europe/Zurich] 🔍 User en session: 2
[17-Sep-2025 13:25:37 Europe/Zurich] 🔧 Setup CORS - Début
[17-Sep-2025 13:25:37 Europe/Zurich] - Mode: DÉVELOPPEMENT
[17-Sep-2025 13:25:37 Europe/Zurich] - Origin reçu: http://localhost:3000
[17-Sep-2025 13:25:37 Europe/Zurich] 🔍 Test d'autorisation pour origin: 'http://localhost:3000'
[17-Sep-2025 13:25:37 Europe/Zurich] 📝 Origins autorisées: ["http:\/\/localhost:3007","http:\/\/localhost:3000","http:\/\/127.0.0.1:3000","http:\/\/localhost:3007","https:\/\/dev-facturation"]
[17-Sep-2025 13:25:37 Europe/Zurich] ✅ Origin autorisé: http://localhost:3000
[17-Sep-2025 13:25:37 Europe/Zurich] 📤 En-têtes CORS envoyés:
[17-Sep-2025 13:25:37 Europe/Zurich] - Methods: GET, POST, PUT, DELETE, OPTIONS
[17-Sep-2025 13:25:37 Europe/Zurich] - Headers: Content-Type, Authorization, X-Requested-With
[17-Sep-2025 13:25:37 Europe/Zurich] - Credentials: true
[17-Sep-2025 13:25:37 Europe/Zurich] facture-api - Chargement de la configuration
[17-Sep-2025 13:25:37 Europe/Zurich] facture-api - Méthode: GET
[17-Sep-2025 13:25:37 Europe/Zurich] facture-api - URL complète: /fact-back/api/facture-api.php?PHPSESSID=8bmp6ap32fdrs4fff418iirqjv&annee=2025&_ts=1758108337332
[17-Sep-2025 13:25:37 Europe/Zurich] facture-api - Origin: http://localhost:3000
[17-Sep-2025 13:25:37 Europe/Zurich] facture-api - Paramètres GET: {"PHPSESSID":"8bmp6ap32fdrs4fff418iirqjv","annee":"2025","_ts":"1758108337332"}
[17-Sep-2025 13:25:37 Europe/Zurich] facture-api - Session ID: 8bmp6ap32fdrs4fff418iirqjv
[17-Sep-2025 13:25:37 Europe/Zurich] facture-api - Session status: 2
[17-Sep-2025 13:25:37 Europe/Zurich] facture-api - Session content: {"user_id":2,"user_name":"test_admin","user_role":"admin"}
[17-Sep-2025 13:25:37 Europe/Zurich] 🔍 facture-api - Session initialisée par bootstrap.php
[17-Sep-2025 13:25:37 Europe/Zurich] facture-api - Session trouvée - User ID: 2, Role: admin
[17-Sep-2025 13:25:37 Europe/Zurich] ✅ facture-api - Accès autorisé pour utilisateur: 2 (role: admin)
[17-Sep-2025 13:25:37 Europe/Zurich] facture-api - Méthode: GET
[17-Sep-2025 13:25:37 Europe/Zurich] facture-api - Paramètres GET: {"PHPSESSID":"8bmp6ap32fdrs4fff418iirqjv","annee":"2025","_ts":"1758108337332"}
[17-Sep-2025 13:25:37 Europe/Zurich] facture-api - GET - Paramètres: {"PHPSESSID":"8bmp6ap32fdrs4fff418iirqjv","annee":"2025","_ts":"1758108337332"} (user: 2)
[17-Sep-2025 13:25:37 Europe/Zurich] facture-api - GET liste factures avec options: {"annee":2025,"page":1,"limit":50} (user: 2)
[17-Sep-2025 13:25:37 Europe/Zurich] facture-api - Résultat liste factures: {"success":true,"factures":[{"id_facture":75,"numero_facture":"063.2025","date_facture":"2025-09-16","montant_total":"5010.00","id_client":5,"date_edition":"2025-09-16 11:41:34","factfilename":null,"date_envoi":null,"date_paiement":null,"date_dernier_paiement":null,"montant_paye":"0.00","montant_paye_total":"0.00","montant_restant":"0.00","nb_paiements":0,"date_annulation":null,"etat":"En attente","ristourne":"0.00","nom":"C\u00e9sar","prenom":"Jules","email":"jules.cesar@rome.com"},{"id_facture":71,"numero_facture":"059.2025","date_facture":"2025-09-14","montant_total":"5010.00","id_client":5,"date_edition":"2025-09-16 11:39:39","factfilename":"facture_059.2025_Jules_Cesar_20250916_113939.pdf","date_envoi":null,"date_paiement":null,"date_dernier_paiement":null,"montant_paye":"0.00","montant_paye_total":"0.00","montant_restant":"0.00","nb_paiements":0,"date_annulation":null,"etat":"\u00c9dit\u00e9e","ristourne":"0.00","nom":"C\u00e9sar","prenom":"Jules","email":"jules.cesar@rome.com"},{"id_facture":72,"numero_facture":"060.2025","date_facture":"2025-09-14","montant_total":"510.00","id_client":5,"date_edition":"2025-09-14 13:04:14","factfilename":"facture_060.2025_Jules_Cesar_20250914_130413.pdf","date_envoi":null,"date_paiement":null,"date_dernier_paiement":null,"montant_paye":"0.00","montant_paye_total":"0.00","montant_restant":"0.00","nb_paiements":0,"date_annulation":"2025-09-14","etat":"Annul\u00e9e","ristourne":"0.00","nom":"C\u00e9sar","prenom":"Jules","email":"jules.cesar@rome.com"},{"id_facture":74,"numero_facture":"062.2025","date_facture":"2025-09-14","montant_total":"1830.00","id_client":5,"date_edition":"2025-09-14 10:56:50","factfilename":"facture_062.2025_Jules_Cesar_20250914_105649.pdf","date_envoi":null,"date_paiement":null,"date_dernier_paiement":null,"montant_paye":"0.00","montant_paye_total":"0.00","montant_restant":"0.00","nb_paiements":0,"date_annulation":null,"etat":"\u00c9dit\u00e9e","ristourne":"0.00","nom":"C\u00e9sar","prenom":"Jules","email":"jules.cesar@rome.com"},{"id_facture":69,"numero_facture":"057.2025","date_facture":"2025-09-14","montant_total":"510.00","id_client":5,"date_edition":"2025-09-14 02:18:40","factfilename":null,"date_envoi":null,"date_paiement":null,"date_dernier_paiement":null,"montant_paye":"0.00","montant_paye_total":"0.00","montant_restant":"0.00","nb_paiements":0,"date_annulation":null,"etat":"En attente","ristourne":"0.00","nom":"C\u00e9sar","prenom":"Jules","email":"jules.cesar@rome.com"},{"id_facture":70,"numero_facture":"058.2025","date_facture":"2025-09-14","montant_total":"510.00","id_client":5,"date_edition":"2025-09-14 02:22:20","factfilename":null,"date_envoi":null,"date_paiement":null,"date_dernier_paiement":null,"montant_paye":"0.00","montant_paye_total":"0.00","montant_restant":"0.00","nb_paiements":0,"date_annulation":null,"etat":"En attente","ristourne":"0.00","nom":"C\u00e9sar","prenom":"Jules","email":"jules.cesar@rome.com"},{"id_facture":60,"numero_facture":"050.2025","date_facture":"2025-08-08","montant_total":"90.00","id_client":5,"date_edition":"2025-08-08 09:26:14","factfilename":null,"date_envoi":null,"date_paiement":null,"date_dernier_paiement":null,"montant_paye":"0.00","montant_paye_total":"0.00","montant_restant":"0.00","nb_paiements":0,"date_annulation":null,"etat":"En attente","ristourne":"0.00","nom":"C\u00e9sar","prenom":"Jules","email":"jules.cesar@rome.com"},{"id_facture":63,"numero_facture":"053.2025","date_facture":"2025-08-08","montant_total":"30.00","id_client":15,"date_edition":"2025-09-12 07:56:55","factfilename":"facture_053.2025_Eleonore_Dubois_20250912_075655.pdf","date_envoi":null,"date_paiement":null,"date_dernier_paiement":null,"montant_paye":"0.00","montant_paye_total":"0.00","montant_restant":"0.00","nb_paiements":0,"date_annulation":null,"etat":"\u00c9dit\u00e9e","ristourne":"0.00","nom":"Dubois","prenom":"\u00c9l\u00e9onore","email":"eleonore.dubois@example.ch"},{"id_facture":64,"numero_facture":"054.2025","date_facture":"2025-08-08","montant_total":"210.00","id_client":15,"date_edition":"2025-09-13 18:48:31","factfilename":"facture_054.2025_Eleonore_Dubois_20250913_184831.pdf","date_envoi":null,"date_paiement":null,"date_dernier_paiement":null,"montant_paye":"0.00","montant_paye_total":"0.00","montant_restant":"0.00","nb_paiements":0,"date_annulation":null,"etat":"\u00c9dit\u00e9e","ristourne":"0.00","nom":"Dubois","prenom":"\u00c9l\u00e9onore","email":"eleonore.dubois@example.ch"},{"id_facture":65,"numero_facture":"055.2025","date_facture":"2025-08-08","montant_total":"120.00","id_client":15,"date_edition":"2025-09-08 08:10:41","factfilename":"facture_055.2025_Eleonore_Dubois_20250908_081041.pdf","date_envoi":"2025-08-08","date_paiement":null,"date_dernier_paiement":null,"montant_paye":"120.00","montant_paye_total":"0.00","montant_restant":"120.00","nb_paiements":0,"date_annulation":null,"etat":"Envoy\u00e9e","ristourne":"0.00","nom":"Dubois","prenom":"\u00c9l\u00e9onore","email":"eleonore.dubois@example.ch"},{"id_facture":66,"numero_facture":"056.2025","date_facture":"2025-08-05","montant_total":"510.00","id_client":5,"date_edition":"2025-09-13 18:48:51","factfilename":"facture_056.2025_Jules_Cesar_20250913_184851.pdf","date_envoi":null,"date_paiement":null,"date_dernier_paiement":null,"montant_paye":"0.00","montant_paye_total":"0.00","montant_restant":"0.00","nb_paiements":0,"date_annulation":null,"etat":"\u00c9dit\u00e9e","ristourne":"0.00","nom":"C\u00e9sar","prenom":"Jules","email":"jules.cesar@rome.com"},{"id_facture":57,"numero_facture":"047.2025","date_facture":"2025-07-29","montant_total":"90.00","id_client":5,"date_edition":"2025-07-29 11:48:16","factfilename":null,"date_envoi":null,"date_paiement":null,"date_dernier_paiement":null,"montant_paye":"0.00","montant_paye_total":"0.00","montant_restant":"0.00","nb_paiements":0,"date_annulation":null,"etat":"En attente","ristourne":"0.00","nom":"C\u00e9sar","prenom":"Jules","email":"jules.cesar@rome.com"},{"id_facture":55,"numero_facture":"045.2025","date_facture":"2025-07-29","montant_total":"60.00","id_client":5,"date_edition":"2025-07-29 09:13:41","factfilename":"facture_045.2025_Jules_Cesar_20250729_091341.pdf","date_envoi":"2025-07-29","date_paiement":null,"date_dernier_paiement":"2025-07-29 09:14:58","montant_paye":"20.00","montant_paye_total":"20.00","montant_restant":"40.00","nb_paiements":1,"date_annulation":"2025-08-08","etat":"Annul\u00e9e","ristourne":"0.00","nom":"C\u00e9sar","prenom":"Jules","email":"jules.cesar@rome.com"},{"id_facture":56,"numero_facture":"046.2025","date_facture":"2025-07-29","montant_total":"60.00","id_client":5,"date_edition":"2025-07-29 11:25:33","factfilename":"facture_046.2025_Jules_Cesar_20250729_112533.pdf","date_envoi":"2025-07-29","date_paiement":null,"date_dernier_paiement":"2025-07-30 00:00:00","montant_paye":"8.00","montant_paye_total":"41.00","montant_restant":"19.00","nb_paiements":6,"date_annulation":null,"etat":"Partiellement pay\u00e9e","ristourne":"0.00","nom":"C\u00e9sar","prenom":"Jules","email":"jules.cesar@rome.com"},{"id_facture":54,"numero_facture":"044.2025","date_facture":"2025-07-25","montant_total":"30.00","id_client":5,"date_edition":"2025-07-29 09:11:51","factfilename":"facture_044.2025_Jules_Cesar_20250729_091151.pdf","date_envoi":"2025-07-25","date_paiement":null,"date_dernier_paiement":"2025-07-25 00:00:00","montant_paye":"15.00","montant_paye_total":"15.00","montant_restant":"15.00","nb_paiements":1,"date_annulation":null,"etat":"Partiellement pay\u00e9e","ristourne":"0.00","nom":"C\u00e9sar","prenom":"Jules","email":"jules.cesar@rome.com"},{"id_facture":51,"numero_facture":"041.2025","date_facture":"2025-07-24","montant_total":"30.00","id_client":5,"date_edition":"2025-07-24 16:39:56","factfilename":"facture_041.2025_Jules_Cesar_20250724_163956.pdf","date_envoi":"2025-07-24","date_paiement":"2025-07-25 00:00:00","date_dernier_paiement":"2025-07-25 00:00:00","montant_paye":"30.00","montant_paye_total":"30.00","montant_restant":"0.00","nb_paiements":1,"date_annulation":null,"etat":"Pay\u00e9e","ristourne":"0.00","nom":"C\u00e9sar","prenom":"Jules","email":"jules.cesar@rome.com"},{"id_facture":52,"numero_facture":"042.2025","date_facture":"2025-07-24","montant_total":"30.00","id_client":5,"date_edition":"2025-07-25 07:53:12","factfilename":"facture_042.2025_Jules_Cesar_20250725_075312.pdf","date_envoi":"2025-07-24","date_paiement":null,"date_dernier_paiement":"2025-07-25 08:24:37","montant_paye":"5.00","montant_paye_total":"30.00","montant_restant":"0.00","nb_paiements":3,"date_annulation":null,"etat":"Pay\u00e9e","ristourne":"0.00","nom":"C\u00e9sar","prenom":"Jules","email":"jules.cesar@rome.com"},{"id_facture":53,"numero_facture":"043.2025","date_facture":"2025-07-24","montant_total":"30.00","id_client":5,"date_edition":"2025-09-08 10:43:57","factfilename":"facture_043.2025_Jules_Cesar_20250908_104356.pdf","date_envoi":"2025-07-24","date_paiement":null,"date_dernier_paiement":"2025-07-25 14:24:49","montant_paye":"10.00","montant_paye_total":"10.00","montant_restant":"20.00","nb_paiements":1,"date_annulation":"2025-08-08","etat":"Annul\u00e9e","ristourne":"0.00","nom":"C\u00e9sar","prenom":"Jules","email":"jules.cesar@rome.com"},{"id_facture":50,"numero_facture":"040.2025","date_facture":"2025-07-24","montant_total":"30.00","id_client":5,"date_edition":"2025-07-24 16:44:52","factfilename":"facture_040.2025_Jules_Cesar_20250724_164452.pdf","date_envoi":"2025-07-24","date_paiement":"2025-07-25 00:00:00","date_dernier_paiement":"2025-07-25 00:00:00","montant_paye":"30.00","montant_paye_total":"30.00","montant_restant":"0.00","nb_paiements":1,"date_annulation":null,"etat":"Pay\u00e9e","ristourne":"0.00","nom":"C\u00e9sar","prenom":"Jules","email":"jules.cesar@rome.com"},{"id_facture":49,"numero_facture":"039.2025","date_facture":"2025-07-22","montant_total":"0.00","id_client":2,"date_edition":"2025-07-25 06:11:47","factfilename":"facture_039.2025_Gilles_Dubey_20250725_061147.pdf","date_envoi":"2025-07-22","date_paiement":null,"date_dernier_paiement":null,"montant_paye":"0.00","montant_paye_total":"0.00","montant_restant":"0.00","nb_paiements":0,"date_annulation":null,"etat":"Envoy\u00e9e","ristourne":"0.00","nom":"Dubey","prenom":"Gilles","email":"gilles.dubey@ik.me"},{"id_facture":47,"numero_facture":"036.2025","date_facture":"2025-07-22","montant_total":"30.00","id_client":5,"date_edition":"2025-07-22 16:24:56","factfilename":"facture_036.2025_Jules_Cesar_20250722_162456.pdf","date_envoi":"2025-07-22","date_paiement":"2025-07-25 00:00:00","date_dernier_paiement":"2025-07-25 00:00:00","montant_paye":"30.00","montant_paye_total":"30.00","montant_restant":"0.00","nb_paiements":1,"date_annulation":null,"etat":"Pay\u00e9e","ristourne":"0.00","nom":"C\u00e9sar","prenom":"Jules","email":"jules.cesar@rome.com"},{"id_facture":48,"numero_facture":"038.2025","date_facture":"2025-07-22","montant_total":"30.00","id_client":5,"date_edition":"2025-07-22 15:09:05","factfilename":"facture_038.2025_Jules_Cesar_20250722_150905.pdf","date_envoi":null,"date_paiement":null,"date_dernier_paiement":null,"montant_paye":"0.00","montant_paye_total":"0.00","montant_restant":"30.00","nb_paiements":0,"date_annulation":"2025-07-22","etat":"Annul\u00e9e","ristourne":"0.00","nom":"C\u00e9sar","prenom":"Jules","email":"jules.cesar@rome.com"},{"id_facture":46,"numero_facture":"011.2025","date_facture":"2025-07-21","montant_total":"1860.00","id_client":5,"date_edition":"2025-09-08 10:44:57","factfilename":"facture_011.2025_Jules_Cesar_20250908_104457.pdf","date_envoi":"2025-07-23","date_paiement":null,"date_dernier_paiement":null,"montant_paye":"0.00","montant_paye_total":"0.00","montant_restant":"1860.00","nb_paiements":0,"date_annulation":null,"etat":"Envoy\u00e9e","ristourne":"0.00","nom":"C\u00e9sar","prenom":"Jules","email":"jules.cesar@rome.com"},{"id_facture":44,"numero_facture":"009.2025","date_facture":"2025-07-14","montant_total":"788.00","id_client":2,"date_edition":"2025-07-23 07:22:45","factfilename":"facture_009.2025_Gilles_Dubey_20250723_072245.pdf","date_envoi":"2025-07-23","date_paiement":null,"date_dernier_paiement":null,"montant_paye":null,"montant_paye_total":"0.00","montant_restant":"786.00","nb_paiements":0,"date_annulation":null,"etat":"Envoy\u00e9e","ristourne":"2.00","nom":"Dubey","prenom":"Gilles","email":"gilles.dubey@ik.me"},{"id_facture":43,"numero_facture":"008.2025","date_facture":"2025-07-13","montant_total":"3570.00","id_client":5,"date_edition":"2025-09-08 10:44:30","factfilename":"facture_008.2025_Jules_Cesar_20250908_104430.pdf","date_envoi":"2025-07-23","date_paiement":null,"date_dernier_paiement":null,"montant_paye":"0.00","montant_paye_total":"0.00","montant_restant":"3570.00","nb_paiements":0,"date_annulation":null,"etat":"Envoy\u00e9e","ristourne":"0.00","nom":"C\u00e9sar","prenom":"Jules","email":"jules.cesar@rome.com"},{"id_facture":42,"numero_facture":"007.2025","date_facture":"2025-07-12","montant_total":"3570.00","id_client":5,"date_edition":"2025-07-13 12:04:18","factfilename":"facture_007.2025_Jules_Cesar_20250713_120417.pdf","date_envoi":"2025-07-22","date_paiement":null,"date_dernier_paiement":null,"montant_paye":"0.00","montant_paye_total":"0.00","montant_restant":"3570.00","nb_paiements":0,"date_annulation":null,"etat":"Envoy\u00e9e","ristourne":"0.00","nom":"C\u00e9sar","prenom":"Jules","email":"jules.cesar@rome.com"},{"id_facture":41,"numero_facture":"006.2025","date_facture":"2025-07-09","montant_total":"720.00","id_client":5,"date_edition":"2025-07-09 09:20:52","factfilename":"facture_006.2025_Jules_Cesar_20250709_092051.pdf","date_envoi":"2025-07-09","date_paiement":null,"date_dernier_paiement":null,"montant_paye":"0.00","montant_paye_total":"0.00","montant_restant":"720.00","nb_paiements":0,"date_annulation":null,"etat":"Envoy\u00e9e","ristourne":"0.00","nom":"C\u00e9sar","prenom":"Jules","email":"jules.cesar@rome.com"},{"id_facture":40,"numero_facture":"005.2025","date_facture":"2025-06-30","montant_total":"180.00","id_client":9,"date_edition":"2025-06-26 22:30:04","factfilename":"facture_005.2025_Suzanne_Corminboeuf_20250626_223004.pdf","date_envoi":null,"date_paiement":null,"date_dernier_paiement":null,"montant_paye":"0.00","montant_paye_total":"0.00","montant_restant":"180.00","nb_paiements":0,"date_annulation":null,"etat":"\u00c9dit\u00e9e","ristourne":"0.00","nom":"Corminboeuf","prenom":"Suzanne","email":"suzanne.corminboeuf@gmail.com"},{"id_facture":39,"numero_facture":"004.2025","date_facture":"2025-06-26","montant_total":"270.00","id_client":8,"date_edition":"2025-06-26 22:20:29","factfilename":"facture_004.2025_Sandrine_Bouquet_20250626_222029.pdf","date_envoi":null,"date_paiement":null,"date_dernier_paiement":null,"montant_paye":"0.00","montant_paye_total":"0.00","montant_restant":"270.00","nb_paiements":0,"date_annulation":null,"etat":"\u00c9dit\u00e9e","ristourne":"0.00","nom":"Bouquet","prenom":"Sandrine","email":"sandrine@pilatitude.ch"},{"id_facture":38,"numero_facture":"003.2025","date_facture":"2025-06-26","montant_total":"1579.00","id_client":1,"date_edition":"2025-07-13 12:03:33","factfilename":"facture_003.2025_Michele_Spirig_20250713_120333.pdf","date_envoi":"2025-06-26","date_paiement":null,"date_dernier_paiement":null,"montant_paye":"0.00","montant_paye_total":"0.00","montant_restant":"1579.00","nb_paiements":0,"date_annulation":null,"etat":"\u00c9dit\u00e9e","ristourne":"0.50","nom":"Spirig","prenom":"Mich\u00e8le","email":"info@feeduyoga.ch"},{"id_facture":36,"numero_facture":"036.2025","date_facture":"2025-06-25","montant_total":"30.00","id_client":5,"date_edition":"2025-07-13 12:03:54","factfilename":"facture_036.2025_Jules_Cesar_20250713_120354.pdf","date_envoi":"2025-06-30","date_paiement":"2025-07-01 00:00:00","date_dernier_paiement":"2025-07-01 00:00:00","montant_paye":"30.00","montant_paye_total":"30.00","montant_restant":"0.00","nb_paiements":1,"date_annulation":null,"etat":"Pay\u00e9e","ristourne":"0.00","nom":"C\u00e9sar","prenom":"Jules","email":"jules.cesar@rome.com"},{"id_facture":37,"numero_facture":"037.2025","date_facture":"2025-06-25","montant_total":"30.00","id_client":5,"date_edition":"2025-07-22 08:03:17","factfilename":"facture_037.2025_Jules_Cesar_20250722_080317.pdf","date_envoi":"2025-06-25","date_paiement":"2025-06-25 00:00:00","date_dernier_paiement":"2025-06-25 00:00:00","montant_paye":"30.00","montant_paye_total":"30.00","montant_restant":"0.00","nb_paiements":1,"date_annulation":null,"etat":"Pay\u00e9e","ristourne":"0.00","nom":"C\u00e9sar","prenom":"Jules","email":"jules.cesar@rome.com"},{"id_facture":35,"numero_facture":"035.2025","date_facture":"2025-05-22","montant_total":"470.00","id_client":5,"date_edition":"2025-07-21 08:10:08","factfilename":"facture_035.2025_Jules_Cesar_20250721_081008.pdf","date_envoi":"2025-07-21","date_paiement":"2025-07-21 00:00:00","date_dernier_paiement":"2025-07-21 00:00:00","montant_paye":"470.00","montant_paye_total":"470.00","montant_restant":"0.00","nb_paiements":1,"date_annulation":null,"etat":"Pay\u00e9e","ristourne":"0.00","nom":"C\u00e9sar","prenom":"Jules","email":"jules.cesar@rome.com"},{"id_facture":34,"numero_facture":"034.2025","date_facture":"2025-05-21","montant_total":"378.00","id_client":5,"date_edition":"2025-05-22 19:18:44","factfilename":"facture_034.2025_Jules_C\u00e9sar_20250522_191843.pdf","date_envoi":"2025-06-04","date_paiement":"2025-07-07 00:00:00","date_dernier_paiement":"2025-07-07 00:00:00","montant_paye":"378.00","montant_paye_total":"378.00","montant_restant":"0.00","nb_paiements":1,"date_annulation":null,"etat":"Pay\u00e9e","ristourne":"2.00","nom":"C\u00e9sar","prenom":"Jules","email":"jules.cesar@rome.com"},{"id_facture":33,"numero_facture":"033.2025","date_facture":"2025-05-19","montant_total":"180.00","id_client":7,"date_edition":"2025-07-21 16:13:03","factfilename":"facture_033.2025_Hans_Muller_20250721_161303.pdf","date_envoi":"2025-05-22","date_paiement":"2025-05-22 00:00:00","date_dernier_paiement":"2025-05-22 00:00:00","montant_paye":"180.00","montant_paye_total":"180.00","montant_restant":"0.00","nb_paiements":1,"date_annulation":null,"etat":"Pay\u00e9e","ristourne":"0.00","nom":"M\u00fcller","prenom":"Hans","email":"hans.mueller@example.ch"},{"id_facture":30,"numero_facture":"030.2025","date_facture":"2025-05-19","montant_total":"50.00","id_client":1,"date_edition":"2025-05-30 09:49:15","factfilename":"facture_030.2025_Mich\u00e8le_Spirig_20250530_094915.pdf","date_envoi":"2025-05-19","date_paiement":"2025-05-19 00:00:00","date_dernier_paiement":"2025-05-19 00:00:00","montant_paye":"50.00","montant_paye_total":"50.00","montant_restant":"0.00","nb_paiements":1,"date_annulation":null,"etat":"Pay\u00e9e","ristourne":"4.00","nom":"Spirig","prenom":"Mich\u00e8le","email":"info@feeduyoga.ch"},{"id_facture":31,"numero_facture":"031.2025","date_facture":"2025-05-19","montant_total":"120.00","id_client":7,"date_edition":"2025-05-30 10:38:50","factfilename":"facture_031.2025_Hans_M\u00fcller_20250530_103850.pdf","date_envoi":"2025-06-04","date_paiement":"2025-07-07 00:00:00","date_dernier_paiement":"2025-07-07 00:00:00","montant_paye":"120.00","montant_paye_total":"120.00","montant_restant":"0.00","nb_paiements":1,"date_annulation":null,"etat":"Pay\u00e9e","ristourne":"0.00","nom":"M\u00fcller","prenom":"Hans","email":"hans.mueller@example.ch"},{"id_facture":28,"numero_facture":"028.2025","date_facture":"2025-05-16","montant_total":"4270.00","id_client":2,"date_edition":"2025-09-13 18:49:13","factfilename":"facture_028.2025_Gilles_Dubey_20250913_184912.pdf","date_envoi":"2025-06-04","date_paiement":"2025-07-07 00:00:00","date_dernier_paiement":"2025-07-07 00:00:00","montant_paye":"4270.00","montant_paye_total":"4270.00","montant_restant":"0.00","nb_paiements":1,"date_annulation":null,"etat":"Pay\u00e9e","ristourne":"3.50","nom":"Dubey","prenom":"Gilles","email":"gilles.dubey@ik.me"},{"id_facture":27,"numero_facture":"027.2025","date_facture":"2025-05-15","montant_total":"1.00","id_client":5,"date_edition":"2025-05-24 09:41:03","factfilename":"facture_027.2025_Jules_C\u00e9sar_20250524_094102.pdf","date_envoi":"2025-06-04","date_paiement":"2025-07-07 00:00:00","date_dernier_paiement":"2025-07-07 00:00:00","montant_paye":"1.00","montant_paye_total":"1.00","montant_restant":"0.00","nb_paiements":1,"date_annulation":null,"etat":"Pay\u00e9e","ristourne":"0.00","nom":"C\u00e9sar","prenom":"Jules","email":"jules.cesar@rome.com"},{"id_facture":26,"numero_facture":"026.2025","date_facture":"2025-05-13","montant_total":"700.00","id_client":2,"date_edition":"2025-05-13 17:09:23","factfilename":"facture_026.2025_Gilles_Dubey_20250513_170923.pdf","date_envoi":"2025-05-13","date_paiement":"2025-05-13 00:00:00","date_dernier_paiement":"2025-05-13 00:00:00","montant_paye":"700.00","montant_paye_total":"700.00","montant_restant":"0.00","nb_paiements":1,"date_annulation":null,"etat":"Pay\u00e9e","ristourne":"0.00","nom":"Dubey","prenom":"Gilles","email":"gilles.dubey@ik.me"},{"id_facture":24,"numero_facture":"024.2025","date_facture":"2025-04-29","montant_total":"60.00","id_client":5,"date_edition":"2025-09-13 18:49:36","factfilename":"facture_024.2025_Jules_Cesar_20250913_184936.pdf","date_envoi":"2025-07-07","date_paiement":null,"date_dernier_paiement":null,"montant_paye":"0.00","montant_paye_total":"0.00","montant_restant":"60.00","nb_paiements":0,"date_annulation":"2025-07-14","etat":"Annul\u00e9e","ristourne":"0.00","nom":"C\u00e9sar","prenom":"Jules","email":"jules.cesar@rome.com"},{"id_facture":25,"numero_facture":"025.2025","date_facture":"2025-04-29","montant_total":"1860.00","id_client":5,"date_edition":"2025-05-24 10:07:46","factfilename":"facture_025.2025_Jules_C\u00e9sar_20250524_100746.pdf","date_envoi":"2025-07-07","date_paiement":null,"date_dernier_paiement":null,"montant_paye":"0.00","montant_paye_total":"0.00","montant_restant":"1860.00","nb_paiements":0,"date_annulation":"2025-07-21","etat":"Annul\u00e9e","ristourne":"0.00","nom":"C\u00e9sar","prenom":"Jules","email":"jules.cesar@rome.com"},{"id_facture":23,"numero_facture":"023.2025","date_facture":"2025-04-29","montant_total":"10.00","id_client":2,"date_edition":"2025-07-25 05:52:38","factfilename":"facture_023.2025_Gilles_Dubey_20250725_055238.pdf","date_envoi":"2025-07-25","date_paiement":null,"date_dernier_paiement":null,"montant_paye":"0.00","montant_paye_total":"0.00","montant_restant":"10.00","nb_paiements":0,"date_annulation":null,"etat":"Envoy\u00e9e","ristourne":"2.00","nom":"Dubey","prenom":"Gilles","email":"gilles.dubey@ik.me"},{"id_facture":19,"numero_facture":"019.2025","date_facture":"2025-04-28","montant_total":"75.00","id_client":4,"date_edition":"2025-05-11 20:48:10","factfilename":"facture_019.2025_Victor_Hugo_20250511_204810.pdf","date_envoi":"2025-07-09","date_paiement":null,"date_dernier_paiement":null,"montant_paye":"0.00","montant_paye_total":"0.00","montant_restant":"75.00","nb_paiements":0,"date_annulation":null,"etat":"Envoy\u00e9e","ristourne":"0.00","nom":"Hugo","prenom":"Victor","email":"victor.hugo@miserables.com"},{"id_facture":21,"numero_facture":"021.2025","date_facture":"2025-04-28","montant_total":"200.00","id_client":1,"date_edition":"2025-05-30 09:23:39","factfilename":"facture_021.2025_Mich\u00e8le_Spirig_20250530_092339.pdf","date_envoi":"2025-06-04","date_paiement":"2025-06-06 00:00:00","date_dernier_paiement":"2025-06-06 00:00:00","montant_paye":"200.00","montant_paye_total":"200.00","montant_restant":"0.00","nb_paiements":1,"date_annulation":null,"etat":"Pay\u00e9e","ristourne":"2.50","nom":"Spirig","prenom":"Mich\u00e8le","email":"info@feeduyoga.ch"},{"id_facture":20,"numero_facture":"020.2025","date_facture":"2025-04-28","montant_total":"25.00","id_client":3,"date_edition":"2025-05-30 09:57:27","factfilename":"facture_020.2025_Lady_Gaga_20250530_095727.pdf","date_envoi":"2025-07-07","date_paiement":"2025-07-14 00:00:00","date_dernier_paiement":"2025-07-14 00:00:00","montant_paye":"25.00","montant_paye_total":"25.00","montant_restant":"0.00","nb_paiements":1,"date_annulation":null,"etat":"Pay\u00e9e","ristourne":"0.00","nom":"Gaga","prenom":"Lady","email":"lady.gaga@ladygaga.com"},{"id_facture":18,"numero_facture":"018.2025","date_facture":"2025-04-27","montant_total":"125.00","id_client":3,"date_edition":"2025-04-28 06:08:56","factfilename":"facture_018.2025_Lady_Gaga_20250428_060856.pdf","date_envoi":"2025-06-04","date_paiement":null,"date_dernier_paiement":null,"montant_paye":"0.00","montant_paye_total":"0.00","montant_restant":"125.00","nb_paiements":0,"date_annulation":"2025-07-09","etat":"Annul\u00e9e","ristourne":"0.00","nom":"Gaga","prenom":"Lady","email":"lady.gaga@ladygaga.com"},{"id_facture":16,"numero_facture":"016.2025","date_facture":"2025-04-25","montant_total":"120.00","id_client":5,"date_edition":"2025-04-25 12:32:16","factfilename":"facture_016.2025_Jules_C\u00e9sar_20250425_123216.pdf","date_envoi":"2025-07-09","date_paiement":null,"date_dernier_paiement":null,"montant_paye":"0.00","montant_paye_total":"0.00","montant_restant":"120.00","nb_paiements":0,"date_annulation":null,"etat":"Envoy\u00e9e","ristourne":"0.00","nom":"C\u00e9sar","prenom":"Jules","email":"jules.cesar@rome.com"},{"id_facture":14,"numero_facture":"014.2025","date_facture":"2025-04-25","montant_total":"30.00","id_client":2,"date_edition":"2025-04-25 07:46:19","factfilename":null,"date_envoi":null,"date_paiement":null,"date_dernier_paiement":null,"montant_paye":"0.00","montant_paye_total":"0.00","montant_restant":"30.00","nb_paiements":0,"date_annulation":null,"etat":"En attente","ristourne":"0.00","nom":"Dubey","prenom":"Gilles","email":"gilles.dubey@ik.me"},{"id_facture":17,"numero_facture":"017.2025","date_facture":"2025-04-25","montant_total":"788.00","id_client":2,"date_edition":"2025-04-28 06:51:44","factfilename":"facture_017.2025_Gilles_Dubey_20250428_065144.pdf","date_envoi":"2025-07-09","date_paiement":null,"date_dernier_paiement":null,"montant_paye":"0.00","montant_paye_total":"0.00","montant_restant":"788.00","nb_paiements":0,"date_annulation":null,"etat":"Envoy\u00e9e","ristourne":"2.00","nom":"Dubey","prenom":"Gilles","email":"gilles.dubey@ik.me"},{"id_facture":13,"numero_facture":"013.2025","date_facture":"2025-04-23","montant_total":"3330.00","id_client":2,"date_edition":"2025-04-27 00:11:40","factfilename":"facture_013.2025_Gilles_Dubey_20250427_001140.pdf","date_envoi":null,"date_paiement":null,"date_dernier_paiement":null,"montant_paye":"0.00","montant_paye_total":"0.00","montant_restant":"3330.00","nb_paiements":0,"date_annulation":null,"etat":"Envoy\u00e9e","ristourne":"6.40","nom":"Dubey","prenom":"Gilles","email":"gilles.dubey@ik.me"},{"id_facture":10,"numero_facture":"010.2025","date_facture":"2025-04-22","montant_total":"390.00","id_client":2,"date_edition":"2025-04-22 15:03:49","factfilename":"facture_010.2025_Gilles_Dubey_20250422_150349.pdf","date_envoi":null,"date_paiement":"2025-04-22 00:00:00","date_dernier_paiement":"2025-04-22 00:00:00","montant_paye":"390.00","montant_paye_total":"390.00","montant_restant":"0.00","nb_paiements":1,"date_annulation":null,"etat":"Pay\u00e9e","ristourne":"2.00","nom":"Dubey","prenom":"Gilles","email":"gilles.dubey@ik.me"},{"id_facture":11,"numero_facture":"011.2025","date_facture":"2025-04-22","montant_total":"50.00","id_client":2,"date_edition":"2025-04-25 06:27:26","factfilename":"facture_011.2025_Gilles_Dubey_20250425_062726.pdf","date_envoi":null,"date_paiement":"2025-04-25 00:00:00","date_dernier_paiement":"2025-04-25 00:00:00","montant_paye":"50.00","montant_paye_total":"50.00","montant_restant":"0.00","nb_paiements":1,"date_annulation":null,"etat":"Pay\u00e9e","ristourne":"4.00","nom":"Dubey","prenom":"Gilles","email":"gilles.dubey@ik.me"},{"id_facture":12,"numero_facture":"012.2025","date_facture":"2025-04-22","montant_total":"10.00","id_client":2,"date_edition":"2025-04-23 06:38:19","factfilename":"facture_012.2025_Gilles_Dubey_20250423_063819.pdf","date_envoi":null,"date_paiement":"2025-04-23 00:00:00","date_dernier_paiement":"2025-04-23 00:00:00","montant_paye":"10.00","montant_paye_total":"10.00","montant_restant":"0.00","nb_paiements":1,"date_annulation":null,"etat":"Pay\u00e9e","ristourne":"0.00","nom":"Dubey","prenom":"Gilles","email":"gilles.dubey@ik.me"},{"id_facture":7,"numero_facture":"007.2025","date_facture":"2025-04-18","montant_total":"120.00","id_client":2,"date_edition":"2025-04-23 04:55:24","factfilename":"facture_007.2025_Gilles_Dubey_20250423_045524.pdf","date_envoi":"2025-07-09","date_paiement":null,"date_dernier_paiement":null,"montant_paye":"0.00","montant_paye_total":"0.00","montant_restant":"120.00","nb_paiements":0,"date_annulation":null,"etat":"Envoy\u00e9e","ristourne":"2.25","nom":"Dubey","prenom":"Gilles","email":"gilles.dubey@ik.me"},{"id_facture":3,"numero_facture":"003.2025","date_facture":"2025-04-18","montant_total":"150.00","id_client":2,"date_edition":"2025-07-22 21:51:31","factfilename":"facture_003.2025_Gilles_Dubey_20250722_215130.pdf","date_envoi":"2025-07-22","date_paiement":null,"date_dernier_paiement":null,"montant_paye":"100.00","montant_paye_total":"0.00","montant_restant":"150.00","nb_paiements":0,"date_annulation":null,"etat":"Envoy\u00e9e","ristourne":"0.00","nom":"Dubey","prenom":"Gilles","email":"gilles.dubey@ik.me"},{"id_facture":9,"numero_facture":"009.2025","date_facture":"2025-04-18","montant_total":"20.00","id_client":2,"date_edition":"2025-05-19 19:13:56","factfilename":"facture_009.2025_Gilles_Dubey_20250519_191356.pdf","date_envoi":null,"date_paiement":null,"date_dernier_paiement":null,"montant_paye":"0.00","montant_paye_total":"0.00","montant_restant":"20.00","nb_paiements":0,"date_annulation":"2025-04-22","etat":"Annul\u00e9e","ristourne":"4.50","nom":"Dubey","prenom":"Gilles","email":"gilles.dubey@ik.me"},{"id_facture":4,"numero_facture":"004.2025","date_facture":"2025-04-18","montant_total":"31.50","id_client":2,"date_edition":"2025-06-04 19:48:36","factfilename":"facture_004.2025_Gilles_Dubey_20250604_194836.pdf","date_envoi":"2025-07-09","date_paiement":null,"date_dernier_paiement":null,"montant_paye":"0.00","montant_paye_total":"0.00","montant_restant":"31.50","nb_paiements":0,"date_annulation":null,"etat":"Envoy\u00e9e","ristourne":"0.00","nom":"Dubey","prenom":"Gilles","email":"gilles.dubey@ik.me"},{"id_facture":5,"numero_facture":"005.2025","date_facture":"2025-04-18","montant_total":"32.05","id_client":2,"date_edition":"2025-06-04 01:31:01","factfilename":"facture_005.2025_Gilles_Dubey_20250604_013101.pdf","date_envoi":"2025-07-09","date_paiement":null,"date_dernier_paiement":null,"montant_paye":"0.00","montant_paye_total":"0.00","montant_restant":"32.05","nb_paiements":0,"date_annulation":null,"etat":"Envoy\u00e9e","ristourne":"0.00","nom":"Dubey","prenom":"Gilles","email":"gilles.dubey@ik.me"},{"id_facture":6,"numero_facture":"006.2025","date_facture":"2025-04-18","montant_total":"235.55","id_client":2,"date_edition":"2025-05-30 11:09:21","factfilename":"facture_006.2025_Gilles_Dubey_20250530_110921.pdf","date_envoi":"2025-07-09","date_paiement":null,"date_dernier_paiement":null,"montant_paye":"0.00","montant_paye_total":"0.00","montant_restant":"235.55","nb_paiements":0,"date_annulation":null,"etat":"Envoy\u00e9e","ristourne":"0.00","nom":"Dubey","prenom":"Gilles","email":"gilles.dubey@ik.me"},{"id_facture":2,"numero_facture":"002.2025","date_facture":"2025-04-15","montant_total":"30.00","id_client":2,"date_edition":"2025-04-22 13:22:28","factfilename":"facture_002.2025_Gilles_Dubey_20250422_132228.pdf","date_envoi":"2025-07-07","date_paiement":null,"date_dernier_paiement":null,"montant_paye":"0.00","montant_paye_total":"0.00","montant_restant":"30.00","nb_paiements":0,"date_annulation":null,"etat":"Envoy\u00e9e","ristourne":"0.00","nom":"Dubey","prenom":"Gilles","email":"gilles.dubey@ik.me"},{"id_facture":1,"numero_facture":"001.2025","date_facture":"2025-04-15","montant_total":"1390.50","id_client":1,"date_edition":"2025-04-28 06:13:48","factfilename":"facture_001.2025_Mich\u00e8le_Spirig_20250428_061348.pdf","date_envoi":null,"date_paiement":null,"date_dernier_paiement":null,"montant_paye":"0.00","montant_paye_total":"0.00","montant_restant":"1390.50","nb_paiements":0,"date_annulation":null,"etat":"Envoy\u00e9e","ristourne":"0.00","nom":"Spirig","prenom":"Mich\u00e8le","email":"info@feeduyoga.ch"},{"id_facture":8,"numero_facture":"008.2025","date_facture":"2025-03-01","montant_total":"120.00","id_client":2,"date_edition":"2025-04-22 04:59:49","factfilename":"facture_008.2025_Gilles_Dubey_20250422_045949.pdf","date_envoi":null,"date_paiement":"2025-07-01 00:00:00","date_dernier_paiement":"2025-07-01 00:00:00","montant_paye":"120.00","montant_paye_total":"120.00","montant_restant":"0.00","nb_paiements":1,"date_annulation":null,"etat":"Pay\u00e9e","ristourne":"1.00","nom":"Dubey","prenom":"Gilles","email":"gilles.dubey@ik.me"}]}
[17-Sep-2025 13:25:37 Europe/Zurich] facture-api - Résultat liste factures (nombre): 63
[17-Sep-2025 13:25:37 Europe/Zurich] 🔑 parametre-api.php - Session ID forcé depuis URL: 8bmp6ap32fdrs4fff418iirqjv
[17-Sep-2025 13:25:37 Europe/Zurich] 🔍 Session cross-domain analysis :
[17-Sep-2025 13:25:37 Europe/Zurich] - HTTP_ORIGIN: http://localhost:3000
[17-Sep-2025 13:25:37 Europe/Zurich] - HTTP_HOST: localhost
[17-Sep-2025 13:25:37 Europe/Zurich] - Is cross-domain: YES
[17-Sep-2025 13:25:37 Europe/Zurich] 🏠 Configuration same-domain appliquée
[17-Sep-2025 13:25:37 Europe/Zurich] 🔧 Session cross-domain configurée - ID: 8bmp6ap32fdrs4fff418iirqjv
[17-Sep-2025 13:25:37 Europe/Zurich] 🍪 Cookie params: {"lifetime":1800,"path":"\/","domain":"","secure":true,"httponly":false,"samesite":"None"}
[17-Sep-2025 13:25:37 Europe/Zurich] 🔍 User en session: 2
[17-Sep-2025 13:25:37 Europe/Zurich] 🔧 Setup CORS - Début
[17-Sep-2025 13:25:37 Europe/Zurich] - Mode: DÉVELOPPEMENT
[17-Sep-2025 13:25:37 Europe/Zurich] - Origin reçu: http://localhost:3000
[17-Sep-2025 13:25:37 Europe/Zurich] 🔍 Test d'autorisation pour origin: 'http://localhost:3000'
[17-Sep-2025 13:25:37 Europe/Zurich] 📝 Origins autorisées: ["http:\/\/localhost:3007","http:\/\/localhost:3000","http:\/\/127.0.0.1:3000","http:\/\/localhost:3007","https:\/\/dev-facturation"]
[17-Sep-2025 13:25:37 Europe/Zurich] ✅ Origin autorisé: http://localhost:3000
[17-Sep-2025 13:25:37 Europe/Zurich] 📤 En-têtes CORS envoyés:
[17-Sep-2025 13:25:37 Europe/Zurich] - Methods: GET, POST, PUT, DELETE, OPTIONS
[17-Sep-2025 13:25:37 Europe/Zurich] - Headers: Content-Type, Authorization, X-Requested-With
[17-Sep-2025 13:25:37 Europe/Zurich] - Credentials: true
[17-Sep-2025 13:25:37 Europe/Zurich] 🔑 client-api.php - Session ID forcé depuis URL: 8bmp6ap32fdrs4fff418iirqjv
[17-Sep-2025 13:25:37 Europe/Zurich] 🔄 Requête OPTIONS (preflight) - Réponse immédiate
[17-Sep-2025 13:25:37 Europe/Zurich] 🔍 Session cross-domain analysis :
[17-Sep-2025 13:25:37 Europe/Zurich] - HTTP_ORIGIN: http://localhost:3000
[17-Sep-2025 13:25:37 Europe/Zurich] - HTTP_HOST: localhost
[17-Sep-2025 13:25:37 Europe/Zurich] - Is cross-domain: YES
[17-Sep-2025 13:25:37 Europe/Zurich] 🏠 Configuration same-domain appliquée
[17-Sep-2025 13:25:37 Europe/Zurich] 🔧 Session cross-domain configurée - ID: 8bmp6ap32fdrs4fff418iirqjv
[17-Sep-2025 13:25:37 Europe/Zurich] 🍪 Cookie params: {"lifetime":1800,"path":"\/","domain":"","secure":true,"httponly":false,"samesite":"None"}
[17-Sep-2025 13:25:37 Europe/Zurich] 🔍 User en session: 2
[17-Sep-2025 13:25:37 Europe/Zurich] 🔧 Setup CORS - Début
[17-Sep-2025 13:25:37 Europe/Zurich] - Mode: DÉVELOPPEMENT
[17-Sep-2025 13:25:37 Europe/Zurich] - Origin reçu: http://localhost:3000
[17-Sep-2025 13:25:37 Europe/Zurich] 🔍 Test d'autorisation pour origin: 'http://localhost:3000'
[17-Sep-2025 13:25:37 Europe/Zurich] 📝 Origins autorisées: ["http:\/\/localhost:3007","http:\/\/localhost:3000","http:\/\/127.0.0.1:3000","http:\/\/localhost:3007","https:\/\/dev-facturation"]
[17-Sep-2025 13:25:37 Europe/Zurich] ✅ Origin autorisé: http://localhost:3000
[17-Sep-2025 13:25:37 Europe/Zurich] 📤 En-têtes CORS envoyés:
[17-Sep-2025 13:25:37 Europe/Zurich] - Methods: GET, POST, PUT, DELETE, OPTIONS
[17-Sep-2025 13:25:37 Europe/Zurich] - Headers: Content-Type, Authorization, X-Requested-With
[17-Sep-2025 13:25:37 Europe/Zurich] - Credentials: true
[17-Sep-2025 13:25:37 Europe/Zurich] client-api - Chargement de la configuration
[17-Sep-2025 13:25:37 Europe/Zurich] client-api - Méthode: GET
[17-Sep-2025 13:25:37 Europe/Zurich] client-api - URL complète: /fact-back/api/client-api.php?PHPSESSID=8bmp6ap32fdrs4fff418iirqjv&_ts=1758108337334
[17-Sep-2025 13:25:37 Europe/Zurich] client-api - Origin: http://localhost:3000
[17-Sep-2025 13:25:37 Europe/Zurich] client-api - Paramètres GET: {"PHPSESSID":"8bmp6ap32fdrs4fff418iirqjv","_ts":"1758108337334"}
[17-Sep-2025 13:25:37 Europe/Zurich] client-api - Session ID: 8bmp6ap32fdrs4fff418iirqjv
[17-Sep-2025 13:25:37 Europe/Zurich] client-api - Session status: 2
[17-Sep-2025 13:25:37 Europe/Zurich] client-api - Session content: {"user_id":2,"user_name":"test_admin","user_role":"admin"}
[17-Sep-2025 13:25:37 Europe/Zurich] 🔍 client-api - Session initialisée par bootstrap.php
[17-Sep-2025 13:25:37 Europe/Zurich] client-api - Session trouvée - User ID: 2, Role: admin
[17-Sep-2025 13:25:37 Europe/Zurich] client-api - Session keys: ["user_id","user_name","user_role"]
[17-Sep-2025 13:25:37 Europe/Zurich] client-api - Cookies reçues: {"PHPSESSID":"8bmp6ap32fdrs4fff418iirqjv"}
[17-Sep-2025 13:25:37 Europe/Zurich] client-api - Méthode: GET
[17-Sep-2025 13:25:37 Europe/Zurich] client-api - Paramètres GET: {"PHPSESSID":"8bmp6ap32fdrs4fff418iirqjv","_ts":"1758108337334"}
[17-Sep-2025 13:25:37 Europe/Zurich] ✅ client-api - Accès autorisé pour utilisateur: 2 (role: admin)
[17-Sep-2025 13:25:37 Europe/Zurich] client-api - Méthode: GET
[17-Sep-2025 13:25:37 Europe/Zurich] client-api - Paramètres GET: {"PHPSESSID":"8bmp6ap32fdrs4fff418iirqjv","_ts":"1758108337334"}
[17-Sep-2025 13:25:37 Europe/Zurich] client-api - Traitement GET pour client
[17-Sep-2025 13:25:37 Europe/Zurich] client-api - Paramètres GET: {"PHPSESSID":"8bmp6ap32fdrs4fff418iirqjv","_ts":"1758108337334"}
[17-Sep-2025 13:25:37 Europe/Zurich] client-api - GET ID: Aucun ID fourni
[17-Sep-2025 13:25:37 Europe/Zurich] client-api - GET checkFactures: Aucun paramètre checkFactures
[17-Sep-2025 13:25:37 Europe/Zurich] client-api - Récupération liste clients (page: 1, limit: 50) pour user: 2
[17-Sep-2025 13:25:37 Europe/Zurich] 🔑 parametre-api.php - Session ID forcé depuis URL: 8bmp6ap32fdrs4fff418iirqjv
[17-Sep-2025 13:25:37 Europe/Zurich] 🔍 Session cross-domain analysis :
[17-Sep-2025 13:25:37 Europe/Zurich] - HTTP_ORIGIN: http://localhost:3000
[17-Sep-2025 13:25:37 Europe/Zurich] - HTTP_HOST: localhost
[17-Sep-2025 13:25:37 Europe/Zurich] - Is cross-domain: YES
[17-Sep-2025 13:25:37 Europe/Zurich] 🏠 Configuration same-domain appliquée
[17-Sep-2025 13:25:37 Europe/Zurich] 🔧 Session cross-domain configurée - ID: 8bmp6ap32fdrs4fff418iirqjv
[17-Sep-2025 13:25:37 Europe/Zurich] 🍪 Cookie params: {"lifetime":1800,"path":"\/","domain":"","secure":true,"httponly":false,"samesite":"None"}
[17-Sep-2025 13:25:37 Europe/Zurich] 🔍 User en session: 2
[17-Sep-2025 13:25:37 Europe/Zurich] 🔧 Setup CORS - Début
[17-Sep-2025 13:25:37 Europe/Zurich] - Mode: DÉVELOPPEMENT
[17-Sep-2025 13:25:37 Europe/Zurich] - Origin reçu: http://localhost:3000
[17-Sep-2025 13:25:37 Europe/Zurich] 🔍 Test d'autorisation pour origin: 'http://localhost:3000'
[17-Sep-2025 13:25:37 Europe/Zurich] 📝 Origins autorisées: ["http:\/\/localhost:3007","http:\/\/localhost:3000","http:\/\/127.0.0.1:3000","http:\/\/localhost:3007","https:\/\/dev-facturation"]
[17-Sep-2025 13:25:37 Europe/Zurich] ✅ Origin autorisé: http://localhost:3000
[17-Sep-2025 13:25:37 Europe/Zurich] 📤 En-têtes CORS envoyés:
[17-Sep-2025 13:25:37 Europe/Zurich] - Methods: GET, POST, PUT, DELETE, OPTIONS
[17-Sep-2025 13:25:37 Europe/Zurich] - Headers: Content-Type, Authorization, X-Requested-With
[17-Sep-2025 13:25:37 Europe/Zurich] - Credentials: true
[17-Sep-2025 13:25:37 Europe/Zurich] parametre-api - Chargement de la configuration
[17-Sep-2025 13:25:37 Europe/Zurich] 🔑 client-api.php - Session ID forcé depuis URL: 8bmp6ap32fdrs4fff418iirqjv
[17-Sep-2025 13:25:37 Europe/Zurich] 🔍 Session cross-domain analysis :
[17-Sep-2025 13:25:37 Europe/Zurich] - HTTP_ORIGIN: http://localhost:3000
[17-Sep-2025 13:25:37 Europe/Zurich] 🔑 facture-api.php - Session ID forcé depuis URL: 8bmp6ap32fdrs4fff418iirqjv
[17-Sep-2025 13:25:37 Europe/Zurich] - HTTP_HOST: localhost
[17-Sep-2025 13:25:37 Europe/Zurich] 🔍 Session cross-domain analysis :
[17-Sep-2025 13:25:37 Europe/Zurich] - Is cross-domain: YES
[17-Sep-2025 13:25:37 Europe/Zurich] - HTTP_ORIGIN: http://localhost:3000
[17-Sep-2025 13:25:37 Europe/Zurich] 🏠 Configuration same-domain appliquée
[17-Sep-2025 13:25:37 Europe/Zurich] - HTTP_HOST: localhost
[17-Sep-2025 13:25:37 Europe/Zurich] - Is cross-domain: YES
[17-Sep-2025 13:25:37 Europe/Zurich] 🏠 Configuration same-domain appliquée
[17-Sep-2025 13:25:37 Europe/Zurich] parametre-api - Méthode: GET
[17-Sep-2025 13:25:37 Europe/Zurich] parametre-api - URL complète: /fact-back/api/parametre-api.php?PHPSESSID=8bmp6ap32fdrs4fff418iirqjv&nomParametre=Corps&groupe=Email&sGroupe=Corps&categorie=tu&_ts=1758108337335
[17-Sep-2025 13:25:37 Europe/Zurich] parametre-api - Origin: http://localhost:3000
[17-Sep-2025 13:25:37 Europe/Zurich] parametre-api - Paramètres GET: {"PHPSESSID":"8bmp6ap32fdrs4fff418iirqjv","nomParametre":"Corps","groupe":"Email","sGroupe":"Corps","categorie":"tu","_ts":"1758108337335"}
[17-Sep-2025 13:25:37 Europe/Zurich] parametre-api - Session ID: 8bmp6ap32fdrs4fff418iirqjv
[17-Sep-2025 13:25:37 Europe/Zurich] parametre-api - Session status: 2
[17-Sep-2025 13:25:37 Europe/Zurich] parametre-api - Session content: {"user_id":2,"user_name":"test_admin","user_role":"admin"}
[17-Sep-2025 13:25:37 Europe/Zurich] 🔍 parametre-api - Session initialisée par bootstrap.php
[17-Sep-2025 13:25:37 Europe/Zurich] parametre-api - Session trouvée - User ID: 2, Role: admin
[17-Sep-2025 13:25:37 Europe/Zurich] ✅ parametre-api - Accès autorisé pour utilisateur: 2 (role: admin)
[17-Sep-2025 13:25:37 Europe/Zurich] parametre-api - Méthode: GET
[17-Sep-2025 13:25:37 Europe/Zurich] parametre-api - Paramètres GET: {"PHPSESSID":"8bmp6ap32fdrs4fff418iirqjv","nomParametre":"Corps","groupe":"Email","sGroupe":"Corps","categorie":"tu","_ts":"1758108337335"}
[17-Sep-2025 13:25:37 Europe/Zurich] parametre-api - GET paramètres par sous-groupe: Email/Corps (user: 2)
[17-Sep-2025 13:25:37 Europe/Zurich] 🔧 Session cross-domain configurée - ID: 8bmp6ap32fdrs4fff418iirqjv
[17-Sep-2025 13:25:37 Europe/Zurich] 🍪 Cookie params: {"lifetime":1800,"path":"\/","domain":"","secure":true,"httponly":false,"samesite":"None"}
[17-Sep-2025 13:25:37 Europe/Zurich] 🔍 User en session: 2
[17-Sep-2025 13:25:37 Europe/Zurich] 🔧 Setup CORS - Début
[17-Sep-2025 13:25:37 Europe/Zurich] - Mode: DÉVELOPPEMENT
[17-Sep-2025 13:25:37 Europe/Zurich] - Origin reçu: http://localhost:3000
[17-Sep-2025 13:25:37 Europe/Zurich] 🔍 Test d'autorisation pour origin: 'http://localhost:3000'
[17-Sep-2025 13:25:37 Europe/Zurich] 📝 Origins autorisées: ["http:\/\/localhost:3007","http:\/\/localhost:3000","http:\/\/127.0.0.1:3000","http:\/\/localhost:3007","https:\/\/dev-facturation"]
[17-Sep-2025 13:25:37 Europe/Zurich] ✅ Origin autorisé: http://localhost:3000
[17-Sep-2025 13:25:37 Europe/Zurich] 📤 En-têtes CORS envoyés:
[17-Sep-2025 13:25:37 Europe/Zurich] - Methods: GET, POST, PUT, DELETE, OPTIONS
[17-Sep-2025 13:25:37 Europe/Zurich] - Headers: Content-Type, Authorization, X-Requested-With
[17-Sep-2025 13:25:37 Europe/Zurich] - Credentials: true
[17-Sep-2025 13:25:37 Europe/Zurich] client-api - Chargement de la configuration
[17-Sep-2025 13:25:37 Europe/Zurich] client-api - Méthode: GET
[17-Sep-2025 13:25:37 Europe/Zurich] client-api - URL complète: /fact-back/api/client-api.php?PHPSESSID=8bmp6ap32fdrs4fff418iirqjv&_ts=1758108337335
[17-Sep-2025 13:25:37 Europe/Zurich] client-api - Origin: http://localhost:3000
[17-Sep-2025 13:25:37 Europe/Zurich] client-api - Paramètres GET: {"PHPSESSID":"8bmp6ap32fdrs4fff418iirqjv","_ts":"1758108337335"}
[17-Sep-2025 13:25:37 Europe/Zurich] client-api - Session ID: 8bmp6ap32fdrs4fff418iirqjv
[17-Sep-2025 13:25:37 Europe/Zurich] client-api - Session status: 2
[17-Sep-2025 13:25:37 Europe/Zurich] client-api - Session content: {"user_id":2,"user_name":"test_admin","user_role":"admin"}
[17-Sep-2025 13:25:37 Europe/Zurich] 🔍 client-api - Session initialisée par bootstrap.php
[17-Sep-2025 13:25:37 Europe/Zurich] client-api - Session trouvée - User ID: 2, Role: admin
[17-Sep-2025 13:25:37 Europe/Zurich] client-api - Session keys: ["user_id","user_name","user_role"]
[17-Sep-2025 13:25:37 Europe/Zurich] client-api - Cookies reçues: {"PHPSESSID":"8bmp6ap32fdrs4fff418iirqjv"}
[17-Sep-2025 13:25:37 Europe/Zurich] client-api - Méthode: GET
[17-Sep-2025 13:25:37 Europe/Zurich] client-api - Paramètres GET: {"PHPSESSID":"8bmp6ap32fdrs4fff418iirqjv","_ts":"1758108337335"}
[17-Sep-2025 13:25:37 Europe/Zurich] ✅ client-api - Accès autorisé pour utilisateur: 2 (role: admin)
[17-Sep-2025 13:25:37 Europe/Zurich] client-api - Méthode: GET
[17-Sep-2025 13:25:37 Europe/Zurich] client-api - Paramètres GET: {"PHPSESSID":"8bmp6ap32fdrs4fff418iirqjv","_ts":"1758108337335"}
[17-Sep-2025 13:25:37 Europe/Zurich] client-api - Traitement GET pour client
[17-Sep-2025 13:25:37 Europe/Zurich] client-api - Paramètres GET: {"PHPSESSID":"8bmp6ap32fdrs4fff418iirqjv","_ts":"1758108337335"}
[17-Sep-2025 13:25:37 Europe/Zurich] client-api - GET ID: Aucun ID fourni
[17-Sep-2025 13:25:37 Europe/Zurich] client-api - GET checkFactures: Aucun paramètre checkFactures
[17-Sep-2025 13:25:37 Europe/Zurich] client-api - Récupération liste clients (page: 1, limit: 50) pour user: 2
[17-Sep-2025 13:25:37 Europe/Zurich] 🔧 Session cross-domain configurée - ID: 8bmp6ap32fdrs4fff418iirqjv
[17-Sep-2025 13:25:37 Europe/Zurich] 🍪 Cookie params: {"lifetime":1800,"path":"\/","domain":"","secure":true,"httponly":false,"samesite":"None"}
[17-Sep-2025 13:25:37 Europe/Zurich] 🔍 User en session: 2
[17-Sep-2025 13:25:37 Europe/Zurich] 🔧 Setup CORS - Début
[17-Sep-2025 13:25:37 Europe/Zurich] - Mode: DÉVELOPPEMENT
[17-Sep-2025 13:25:37 Europe/Zurich] - Origin reçu: http://localhost:3000
[17-Sep-2025 13:25:37 Europe/Zurich] 🔍 Test d'autorisation pour origin: 'http://localhost:3000'
[17-Sep-2025 13:25:37 Europe/Zurich] 📝 Origins autorisées: ["http:\/\/localhost:3007","http:\/\/localhost:3000","http:\/\/127.0.0.1:3000","http:\/\/localhost:3007","https:\/\/dev-facturation"]
[17-Sep-2025 13:25:37 Europe/Zurich] ✅ Origin autorisé: http://localhost:3000
[17-Sep-2025 13:25:37 Europe/Zurich] 📤 En-têtes CORS envoyés:
[17-Sep-2025 13:25:37 Europe/Zurich] - Methods: GET, POST, PUT, DELETE, OPTIONS
[17-Sep-2025 13:25:37 Europe/Zurich] - Headers: Content-Type, Authorization, X-Requested-With
[17-Sep-2025 13:25:37 Europe/Zurich] - Credentials: true
[17-Sep-2025 13:25:37 Europe/Zurich] facture-api - Chargement de la configuration
[17-Sep-2025 13:25:37 Europe/Zurich] facture-api - Méthode: GET
[17-Sep-2025 13:25:37 Europe/Zurich] facture-api - URL complète: /fact-back/api/facture-api.php?PHPSESSID=8bmp6ap32fdrs4fff418iirqjv&annee=2025&_ts=1758108337334
[17-Sep-2025 13:25:37 Europe/Zurich] facture-api - Origin: http://localhost:3000
[17-Sep-2025 13:25:37 Europe/Zurich] facture-api - Paramètres GET: {"PHPSESSID":"8bmp6ap32fdrs4fff418iirqjv","annee":"2025","_ts":"1758108337334"}
[17-Sep-2025 13:25:37 Europe/Zurich] facture-api - Session ID: 8bmp6ap32fdrs4fff418iirqjv
[17-Sep-2025 13:25:37 Europe/Zurich] facture-api - Session status: 2
[17-Sep-2025 13:25:37 Europe/Zurich] facture-api - Session content: {"user_id":2,"user_name":"test_admin","user_role":"admin"}
[17-Sep-2025 13:25:37 Europe/Zurich] 🔍 facture-api - Session initialisée par bootstrap.php
[17-Sep-2025 13:25:37 Europe/Zurich] facture-api - Session trouvée - User ID: 2, Role: admin
[17-Sep-2025 13:25:37 Europe/Zurich] ✅ facture-api - Accès autorisé pour utilisateur: 2 (role: admin)
[17-Sep-2025 13:25:37 Europe/Zurich] facture-api - Méthode: GET
[17-Sep-2025 13:25:37 Europe/Zurich] facture-api - Paramètres GET: {"PHPSESSID":"8bmp6ap32fdrs4fff418iirqjv","annee":"2025","_ts":"1758108337334"}
[17-Sep-2025 13:25:37 Europe/Zurich] facture-api - GET - Paramètres: {"PHPSESSID":"8bmp6ap32fdrs4fff418iirqjv","annee":"2025","_ts":"1758108337334"} (user: 2)
[17-Sep-2025 13:25:37 Europe/Zurich] facture-api - GET liste factures avec options: {"annee":2025,"page":1,"limit":50} (user: 2)
[17-Sep-2025 13:25:37 Europe/Zurich] facture-api - Résultat liste factures: {"success":true,"factures":[{"id_facture":75,"numero_facture":"063.2025","date_facture":"2025-09-16","montant_total":"5010.00","id_client":5,"date_edition":"2025-09-16 11:41:34","factfilename":null,"date_envoi":null,"date_paiement":null,"date_dernier_paiement":null,"montant_paye":"0.00","montant_paye_total":"0.00","montant_restant":"0.00","nb_paiements":0,"date_annulation":null,"etat":"En attente","ristourne":"0.00","nom":"C\u00e9sar","prenom":"Jules","email":"jules.cesar@rome.com"},{"id_facture":71,"numero_facture":"059.2025","date_facture":"2025-09-14","montant_total":"5010.00","id_client":5,"date_edition":"2025-09-16 11:39:39","factfilename":"facture_059.2025_Jules_Cesar_20250916_113939.pdf","date_envoi":null,"date_paiement":null,"date_dernier_paiement":null,"montant_paye":"0.00","montant_paye_total":"0.00","montant_restant":"0.00","nb_paiements":0,"date_annulation":null,"etat":"\u00c9dit\u00e9e","ristourne":"0.00","nom":"C\u00e9sar","prenom":"Jules","email":"jules.cesar@rome.com"},{"id_facture":72,"numero_facture":"060.2025","date_facture":"2025-09-14","montant_total":"510.00","id_client":5,"date_edition":"2025-09-14 13:04:14","factfilename":"facture_060.2025_Jules_Cesar_20250914_130413.pdf","date_envoi":null,"date_paiement":null,"date_dernier_paiement":null,"montant_paye":"0.00","montant_paye_total":"0.00","montant_restant":"0.00","nb_paiements":0,"date_annulation":"2025-09-14","etat":"Annul\u00e9e","ristourne":"0.00","nom":"C\u00e9sar","prenom":"Jules","email":"jules.cesar@rome.com"},{"id_facture":74,"numero_facture":"062.2025","date_facture":"2025-09-14","montant_total":"1830.00","id_client":5,"date_edition":"2025-09-14 10:56:50","factfilename":"facture_062.2025_Jules_Cesar_20250914_105649.pdf","date_envoi":null,"date_paiement":null,"date_dernier_paiement":null,"montant_paye":"0.00","montant_paye_total":"0.00","montant_restant":"0.00","nb_paiements":0,"date_annulation":null,"etat":"\u00c9dit\u00e9e","ristourne":"0.00","nom":"C\u00e9sar","prenom":"Jules","email":"jules.cesar@rome.com"},{"id_facture":69,"numero_facture":"057.2025","date_facture":"2025-09-14","montant_total":"510.00","id_client":5,"date_edition":"2025-09-14 02:18:40","factfilename":null,"date_envoi":null,"date_paiement":null,"date_dernier_paiement":null,"montant_paye":"0.00","montant_paye_total":"0.00","montant_restant":"0.00","nb_paiements":0,"date_annulation":null,"etat":"En attente","ristourne":"0.00","nom":"C\u00e9sar","prenom":"Jules","email":"jules.cesar@rome.com"},{"id_facture":70,"numero_facture":"058.2025","date_facture":"2025-09-14","montant_total":"510.00","id_client":5,"date_edition":"2025-09-14 02:22:20","factfilename":null,"date_envoi":null,"date_paiement":null,"date_dernier_paiement":null,"montant_paye":"0.00","montant_paye_total":"0.00","montant_restant":"0.00","nb_paiements":0,"date_annulation":null,"etat":"En attente","ristourne":"0.00","nom":"C\u00e9sar","prenom":"Jules","email":"jules.cesar@rome.com"},{"id_facture":60,"numero_facture":"050.2025","date_facture":"2025-08-08","montant_total":"90.00","id_client":5,"date_edition":"2025-08-08 09:26:14","factfilename":null,"date_envoi":null,"date_paiement":null,"date_dernier_paiement":null,"montant_paye":"0.00","montant_paye_total":"0.00","montant_restant":"0.00","nb_paiements":0,"date_annulation":null,"etat":"En attente","ristourne":"0.00","nom":"C\u00e9sar","prenom":"Jules","email":"jules.cesar@rome.com"},{"id_facture":63,"numero_facture":"053.2025","date_facture":"2025-08-08","montant_total":"30.00","id_client":15,"date_edition":"2025-09-12 07:56:55","factfilename":"facture_053.2025_Eleonore_Dubois_20250912_075655.pdf","date_envoi":null,"date_paiement":null,"date_dernier_paiement":null,"montant_paye":"0.00","montant_paye_total":"0.00","montant_restant":"0.00","nb_paiements":0,"date_annulation":null,"etat":"\u00c9dit\u00e9e","ristourne":"0.00","nom":"Dubois","prenom":"\u00c9l\u00e9onore","email":"eleonore.dubois@example.ch"},{"id_facture":64,"numero_facture":"054.2025","date_facture":"2025-08-08","montant_total":"210.00","id_client":15,"date_edition":"2025-09-13 18:48:31","factfilename":"facture_054.2025_Eleonore_Dubois_20250913_184831.pdf","date_envoi":null,"date_paiement":null,"date_dernier_paiement":null,"montant_paye":"0.00","montant_paye_total":"0.00","montant_restant":"0.00","nb_paiements":0,"date_annulation":null,"etat":"\u00c9dit\u00e9e","ristourne":"0.00","nom":"Dubois","prenom":"\u00c9l\u00e9onore","email":"eleonore.dubois@example.ch"},{"id_facture":65,"numero_facture":"055.2025","date_facture":"2025-08-08","montant_total":"120.00","id_client":15,"date_edition":"2025-09-08 08:10:41","factfilename":"facture_055.2025_Eleonore_Dubois_20250908_081041.pdf","date_envoi":"2025-08-08","date_paiement":null,"date_dernier_paiement":null,"montant_paye":"120.00","montant_paye_total":"0.00","montant_restant":"120.00","nb_paiements":0,"date_annulation":null,"etat":"Envoy\u00e9e","ristourne":"0.00","nom":"Dubois","prenom":"\u00c9l\u00e9onore","email":"eleonore.dubois@example.ch"},{"id_facture":66,"numero_facture":"056.2025","date_facture":"2025-08-05","montant_total":"510.00","id_client":5,"date_edition":"2025-09-13 18:48:51","factfilename":"facture_056.2025_Jules_Cesar_20250913_184851.pdf","date_envoi":null,"date_paiement":null,"date_dernier_paiement":null,"montant_paye":"0.00","montant_paye_total":"0.00","montant_restant":"0.00","nb_paiements":0,"date_annulation":null,"etat":"\u00c9dit\u00e9e","ristourne":"0.00","nom":"C\u00e9sar","prenom":"Jules","email":"jules.cesar@rome.com"},{"id_facture":57,"numero_facture":"047.2025","date_facture":"2025-07-29","montant_total":"90.00","id_client":5,"date_edition":"2025-07-29 11:48:16","factfilename":null,"date_envoi":null,"date_paiement":null,"date_dernier_paiement":null,"montant_paye":"0.00","montant_paye_total":"0.00","montant_restant":"0.00","nb_paiements":0,"date_annulation":null,"etat":"En attente","ristourne":"0.00","nom":"C\u00e9sar","prenom":"Jules","email":"jules.cesar@rome.com"},{"id_facture":55,"numero_facture":"045.2025","date_facture":"2025-07-29","montant_total":"60.00","id_client":5,"date_edition":"2025-07-29 09:13:41","factfilename":"facture_045.2025_Jules_Cesar_20250729_091341.pdf","date_envoi":"2025-07-29","date_paiement":null,"date_dernier_paiement":"2025-07-29 09:14:58","montant_paye":"20.00","montant_paye_total":"20.00","montant_restant":"40.00","nb_paiements":1,"date_annulation":"2025-08-08","etat":"Annul\u00e9e","ristourne":"0.00","nom":"C\u00e9sar","prenom":"Jules","email":"jules.cesar@rome.com"},{"id_facture":56,"numero_facture":"046.2025","date_facture":"2025-07-29","montant_total":"60.00","id_client":5,"date_edition":"2025-07-29 11:25:33","factfilename":"facture_046.2025_Jules_Cesar_20250729_112533.pdf","date_envoi":"2025-07-29","date_paiement":null,"date_dernier_paiement":"2025-07-30 00:00:00","montant_paye":"8.00","montant_paye_total":"41.00","montant_restant":"19.00","nb_paiements":6,"date_annulation":null,"etat":"Partiellement pay\u00e9e","ristourne":"0.00","nom":"C\u00e9sar","prenom":"Jules","email":"jules.cesar@rome.com"},{"id_facture":54,"numero_facture":"044.2025","date_facture":"2025-07-25","montant_total":"30.00","id_client":5,"date_edition":"2025-07-29 09:11:51","factfilename":"facture_044.2025_Jules_Cesar_20250729_091151.pdf","date_envoi":"2025-07-25","date_paiement":null,"date_dernier_paiement":"2025-07-25 00:00:00","montant_paye":"15.00","montant_paye_total":"15.00","montant_restant":"15.00","nb_paiements":1,"date_annulation":null,"etat":"Partiellement pay\u00e9e","ristourne":"0.00","nom":"C\u00e9sar","prenom":"Jules","email":"jules.cesar@rome.com"},{"id_facture":51,"numero_facture":"041.2025","date_facture":"2025-07-24","montant_total":"30.00","id_client":5,"date_edition":"2025-07-24 16:39:56","factfilename":"facture_041.2025_Jules_Cesar_20250724_163956.pdf","date_envoi":"2025-07-24","date_paiement":"2025-07-25 00:00:00","date_dernier_paiement":"2025-07-25 00:00:00","montant_paye":"30.00","montant_paye_total":"30.00","montant_restant":"0.00","nb_paiements":1,"date_annulation":null,"etat":"Pay\u00e9e","ristourne":"0.00","nom":"C\u00e9sar","prenom":"Jules","email":"jules.cesar@rome.com"},{"id_facture":52,"numero_facture":"042.2025","date_facture":"2025-07-24","montant_total":"30.00","id_client":5,"date_edition":"2025-07-25 07:53:12","factfilename":"facture_042.2025_Jules_Cesar_20250725_075312.pdf","date_envoi":"2025-07-24","date_paiement":null,"date_dernier_paiement":"2025-07-25 08:24:37","montant_paye":"5.00","montant_paye_total":"30.00","montant_restant":"0.00","nb_paiements":3,"date_annulation":null,"etat":"Pay\u00e9e","ristourne":"0.00","nom":"C\u00e9sar","prenom":"Jules","email":"jules.cesar@rome.com"},{"id_facture":53,"numero_facture":"043.2025","date_facture":"2025-07-24","montant_total":"30.00","id_client":5,"date_edition":"2025-09-08 10:43:57","factfilename":"facture_043.2025_Jules_Cesar_20250908_104356.pdf","date_envoi":"2025-07-24","date_paiement":null,"date_dernier_paiement":"2025-07-25 14:24:49","montant_paye":"10.00","montant_paye_total":"10.00","montant_restant":"20.00","nb_paiements":1,"date_annulation":"2025-08-08","etat":"Annul\u00e9e","ristourne":"0.00","nom":"C\u00e9sar","prenom":"Jules","email":"jules.cesar@rome.com"},{"id_facture":50,"numero_facture":"040.2025","date_facture":"2025-07-24","montant_total":"30.00","id_client":5,"date_edition":"2025-07-24 16:44:52","factfilename":"facture_040.2025_Jules_Cesar_20250724_164452.pdf","date_envoi":"2025-07-24","date_paiement":"2025-07-25 00:00:00","date_dernier_paiement":"2025-07-25 00:00:00","montant_paye":"30.00","montant_paye_total":"30.00","montant_restant":"0.00","nb_paiements":1,"date_annulation":null,"etat":"Pay\u00e9e","ristourne":"0.00","nom":"C\u00e9sar","prenom":"Jules","email":"jules.cesar@rome.com"},{"id_facture":49,"numero_facture":"039.2025","date_facture":"2025-07-22","montant_total":"0.00","id_client":2,"date_edition":"2025-07-25 06:11:47","factfilename":"facture_039.2025_Gilles_Dubey_20250725_061147.pdf","date_envoi":"2025-07-22","date_paiement":null,"date_dernier_paiement":null,"montant_paye":"0.00","montant_paye_total":"0.00","montant_restant":"0.00","nb_paiements":0,"date_annulation":null,"etat":"Envoy\u00e9e","ristourne":"0.00","nom":"Dubey","prenom":"Gilles","email":"gilles.dubey@ik.me"},{"id_facture":47,"numero_facture":"036.2025","date_facture":"2025-07-22","montant_total":"30.00","id_client":5,"date_edition":"2025-07-22 16:24:56","factfilename":"facture_036.2025_Jules_Cesar_20250722_162456.pdf","date_envoi":"2025-07-22","date_paiement":"2025-07-25 00:00:00","date_dernier_paiement":"2025-07-25 00:00:00","montant_paye":"30.00","montant_paye_total":"30.00","montant_restant":"0.00","nb_paiements":1,"date_annulation":null,"etat":"Pay\u00e9e","ristourne":"0.00","nom":"C\u00e9sar","prenom":"Jules","email":"jules.cesar@rome.com"},{"id_facture":48,"numero_facture":"038.2025","date_facture":"2025-07-22","montant_total":"30.00","id_client":5,"date_edition":"2025-07-22 15:09:05","factfilename":"facture_038.2025_Jules_Cesar_20250722_150905.pdf","date_envoi":null,"date_paiement":null,"date_dernier_paiement":null,"montant_paye":"0.00","montant_paye_total":"0.00","montant_restant":"30.00","nb_paiements":0,"date_annulation":"2025-07-22","etat":"Annul\u00e9e","ristourne":"0.00","nom":"C\u00e9sar","prenom":"Jules","email":"jules.cesar@rome.com"},{"id_facture":46,"numero_facture":"011.2025","date_facture":"2025-07-21","montant_total":"1860.00","id_client":5,"date_edition":"2025-09-08 10:44:57","factfilename":"facture_011.2025_Jules_Cesar_20250908_104457.pdf","date_envoi":"2025-07-23","date_paiement":null,"date_dernier_paiement":null,"montant_paye":"0.00","montant_paye_total":"0.00","montant_restant":"1860.00","nb_paiements":0,"date_annulation":null,"etat":"Envoy\u00e9e","ristourne":"0.00","nom":"C\u00e9sar","prenom":"Jules","email":"jules.cesar@rome.com"},{"id_facture":44,"numero_facture":"009.2025","date_facture":"2025-07-14","montant_total":"788.00","id_client":2,"date_edition":"2025-07-23 07:22:45","factfilename":"facture_009.2025_Gilles_Dubey_20250723_072245.pdf","date_envoi":"2025-07-23","date_paiement":null,"date_dernier_paiement":null,"montant_paye":null,"montant_paye_total":"0.00","montant_restant":"786.00","nb_paiements":0,"date_annulation":null,"etat":"Envoy\u00e9e","ristourne":"2.00","nom":"Dubey","prenom":"Gilles","email":"gilles.dubey@ik.me"},{"id_facture":43,"numero_facture":"008.2025","date_facture":"2025-07-13","montant_total":"3570.00","id_client":5,"date_edition":"2025-09-08 10:44:30","factfilename":"facture_008.2025_Jules_Cesar_20250908_104430.pdf","date_envoi":"2025-07-23","date_paiement":null,"date_dernier_paiement":null,"montant_paye":"0.00","montant_paye_total":"0.00","montant_restant":"3570.00","nb_paiements":0,"date_annulation":null,"etat":"Envoy\u00e9e","ristourne":"0.00","nom":"C\u00e9sar","prenom":"Jules","email":"jules.cesar@rome.com"},{"id_facture":42,"numero_facture":"007.2025","date_facture":"2025-07-12","montant_total":"3570.00","id_client":5,"date_edition":"2025-07-13 12:04:18","factfilename":"facture_007.2025_Jules_Cesar_20250713_120417.pdf","date_envoi":"2025-07-22","date_paiement":null,"date_dernier_paiement":null,"montant_paye":"0.00","montant_paye_total":"0.00","montant_restant":"3570.00","nb_paiements":0,"date_annulation":null,"etat":"Envoy\u00e9e","ristourne":"0.00","nom":"C\u00e9sar","prenom":"Jules","email":"jules.cesar@rome.com"},{"id_facture":41,"numero_facture":"006.2025","date_facture":"2025-07-09","montant_total":"720.00","id_client":5,"date_edition":"2025-07-09 09:20:52","factfilename":"facture_006.2025_Jules_Cesar_20250709_092051.pdf","date_envoi":"2025-07-09","date_paiement":null,"date_dernier_paiement":null,"montant_paye":"0.00","montant_paye_total":"0.00","montant_restant":"720.00","nb_paiements":0,"date_annulation":null,"etat":"Envoy\u00e9e","ristourne":"0.00","nom":"C\u00e9sar","prenom":"Jules","email":"jules.cesar@rome.com"},{"id_facture":40,"numero_facture":"005.2025","date_facture":"2025-06-30","montant_total":"180.00","id_client":9,"date_edition":"2025-06-26 22:30:04","factfilename":"facture_005.2025_Suzanne_Corminboeuf_20250626_223004.pdf","date_envoi":null,"date_paiement":null,"date_dernier_paiement":null,"montant_paye":"0.00","montant_paye_total":"0.00","montant_restant":"180.00","nb_paiements":0,"date_annulation":null,"etat":"\u00c9dit\u00e9e","ristourne":"0.00","nom":"Corminboeuf","prenom":"Suzanne","email":"suzanne.corminboeuf@gmail.com"},{"id_facture":39,"numero_facture":"004.2025","date_facture":"2025-06-26","montant_total":"270.00","id_client":8,"date_edition":"2025-06-26 22:20:29","factfilename":"facture_004.2025_Sandrine_Bouquet_20250626_222029.pdf","date_envoi":null,"date_paiement":null,"date_dernier_paiement":null,"montant_paye":"0.00","montant_paye_total":"0.00","montant_restant":"270.00","nb_paiements":0,"date_annulation":null,"etat":"\u00c9dit\u00e9e","ristourne":"0.00","nom":"Bouquet","prenom":"Sandrine","email":"sandrine@pilatitude.ch"},{"id_facture":38,"numero_facture":"003.2025","date_facture":"2025-06-26","montant_total":"1579.00","id_client":1,"date_edition":"2025-07-13 12:03:33","factfilename":"facture_003.2025_Michele_Spirig_20250713_120333.pdf","date_envoi":"2025-06-26","date_paiement":null,"date_dernier_paiement":null,"montant_paye":"0.00","montant_paye_total":"0.00","montant_restant":"1579.00","nb_paiements":0,"date_annulation":null,"etat":"\u00c9dit\u00e9e","ristourne":"0.50","nom":"Spirig","prenom":"Mich\u00e8le","email":"info@feeduyoga.ch"},{"id_facture":36,"numero_facture":"036.2025","date_facture":"2025-06-25","montant_total":"30.00","id_client":5,"date_edition":"2025-07-13 12:03:54","factfilename":"facture_036.2025_Jules_Cesar_20250713_120354.pdf","date_envoi":"2025-06-30","date_paiement":"2025-07-01 00:00:00","date_dernier_paiement":"2025-07-01 00:00:00","montant_paye":"30.00","montant_paye_total":"30.00","montant_restant":"0.00","nb_paiements":1,"date_annulation":null,"etat":"Pay\u00e9e","ristourne":"0.00","nom":"C\u00e9sar","prenom":"Jules","email":"jules.cesar@rome.com"},{"id_facture":37,"numero_facture":"037.2025","date_facture":"2025-06-25","montant_total":"30.00","id_client":5,"date_edition":"2025-07-22 08:03:17","factfilename":"facture_037.2025_Jules_Cesar_20250722_080317.pdf","date_envoi":"2025-06-25","date_paiement":"2025-06-25 00:00:00","date_dernier_paiement":"2025-06-25 00:00:00","montant_paye":"30.00","montant_paye_total":"30.00","montant_restant":"0.00","nb_paiements":1,"date_annulation":null,"etat":"Pay\u00e9e","ristourne":"0.00","nom":"C\u00e9sar","prenom":"Jules","email":"jules.cesar@rome.com"},{"id_facture":35,"numero_facture":"035.2025","date_facture":"2025-05-22","montant_total":"470.00","id_client":5,"date_edition":"2025-07-21 08:10:08","factfilename":"facture_035.2025_Jules_Cesar_20250721_081008.pdf","date_envoi":"2025-07-21","date_paiement":"2025-07-21 00:00:00","date_dernier_paiement":"2025-07-21 00:00:00","montant_paye":"470.00","montant_paye_total":"470.00","montant_restant":"0.00","nb_paiements":1,"date_annulation":null,"etat":"Pay\u00e9e","ristourne":"0.00","nom":"C\u00e9sar","prenom":"Jules","email":"jules.cesar@rome.com"},{"id_facture":34,"numero_facture":"034.2025","date_facture":"2025-05-21","montant_total":"378.00","id_client":5,"date_edition":"2025-05-22 19:18:44","factfilename":"facture_034.2025_Jules_C\u00e9sar_20250522_191843.pdf","date_envoi":"2025-06-04","date_paiement":"2025-07-07 00:00:00","date_dernier_paiement":"2025-07-07 00:00:00","montant_paye":"378.00","montant_paye_total":"378.00","montant_restant":"0.00","nb_paiements":1,"date_annulation":null,"etat":"Pay\u00e9e","ristourne":"2.00","nom":"C\u00e9sar","prenom":"Jules","email":"jules.cesar@rome.com"},{"id_facture":33,"numero_facture":"033.2025","date_facture":"2025-05-19","montant_total":"180.00","id_client":7,"date_edition":"2025-07-21 16:13:03","factfilename":"facture_033.2025_Hans_Muller_20250721_161303.pdf","date_envoi":"2025-05-22","date_paiement":"2025-05-22 00:00:00","date_dernier_paiement":"2025-05-22 00:00:00","montant_paye":"180.00","montant_paye_total":"180.00","montant_restant":"0.00","nb_paiements":1,"date_annulation":null,"etat":"Pay\u00e9e","ristourne":"0.00","nom":"M\u00fcller","prenom":"Hans","email":"hans.mueller@example.ch"},{"id_facture":30,"numero_facture":"030.2025","date_facture":"2025-05-19","montant_total":"50.00","id_client":1,"date_edition":"2025-05-30 09:49:15","factfilename":"facture_030.2025_Mich\u00e8le_Spirig_20250530_094915.pdf","date_envoi":"2025-05-19","date_paiement":"2025-05-19 00:00:00","date_dernier_paiement":"2025-05-19 00:00:00","montant_paye":"50.00","montant_paye_total":"50.00","montant_restant":"0.00","nb_paiements":1,"date_annulation":null,"etat":"Pay\u00e9e","ristourne":"4.00","nom":"Spirig","prenom":"Mich\u00e8le","email":"info@feeduyoga.ch"},{"id_facture":31,"numero_facture":"031.2025","date_facture":"2025-05-19","montant_total":"120.00","id_client":7,"date_edition":"2025-05-30 10:38:50","factfilename":"facture_031.2025_Hans_M\u00fcller_20250530_103850.pdf","date_envoi":"2025-06-04","date_paiement":"2025-07-07 00:00:00","date_dernier_paiement":"2025-07-07 00:00:00","montant_paye":"120.00","montant_paye_total":"120.00","montant_restant":"0.00","nb_paiements":1,"date_annulation":null,"etat":"Pay\u00e9e","ristourne":"0.00","nom":"M\u00fcller","prenom":"Hans","email":"hans.mueller@example.ch"},{"id_facture":28,"numero_facture":"028.2025","date_facture":"2025-05-16","montant_total":"4270.00","id_client":2,"date_edition":"2025-09-13 18:49:13","factfilename":"facture_028.2025_Gilles_Dubey_20250913_184912.pdf","date_envoi":"2025-06-04","date_paiement":"2025-07-07 00:00:00","date_dernier_paiement":"2025-07-07 00:00:00","montant_paye":"4270.00","montant_paye_total":"4270.00","montant_restant":"0.00","nb_paiements":1,"date_annulation":null,"etat":"Pay\u00e9e","ristourne":"3.50","nom":"Dubey","prenom":"Gilles","email":"gilles.dubey@ik.me"},{"id_facture":27,"numero_facture":"027.2025","date_facture":"2025-05-15","montant_total":"1.00","id_client":5,"date_edition":"2025-05-24 09:41:03","factfilename":"facture_027.2025_Jules_C\u00e9sar_20250524_094102.pdf","date_envoi":"2025-06-04","date_paiement":"2025-07-07 00:00:00","date_dernier_paiement":"2025-07-07 00:00:00","montant_paye":"1.00","montant_paye_total":"1.00","montant_restant":"0.00","nb_paiements":1,"date_annulation":null,"etat":"Pay\u00e9e","ristourne":"0.00","nom":"C\u00e9sar","prenom":"Jules","email":"jules.cesar@rome.com"},{"id_facture":26,"numero_facture":"026.2025","date_facture":"2025-05-13","montant_total":"700.00","id_client":2,"date_edition":"2025-05-13 17:09:23","factfilename":"facture_026.2025_Gilles_Dubey_20250513_170923.pdf","date_envoi":"2025-05-13","date_paiement":"2025-05-13 00:00:00","date_dernier_paiement":"2025-05-13 00:00:00","montant_paye":"700.00","montant_paye_total":"700.00","montant_restant":"0.00","nb_paiements":1,"date_annulation":null,"etat":"Pay\u00e9e","ristourne":"0.00","nom":"Dubey","prenom":"Gilles","email":"gilles.dubey@ik.me"},{"id_facture":24,"numero_facture":"024.2025","date_facture":"2025-04-29","montant_total":"60.00","id_client":5,"date_edition":"2025-09-13 18:49:36","factfilename":"facture_024.2025_Jules_Cesar_20250913_184936.pdf","date_envoi":"2025-07-07","date_paiement":null,"date_dernier_paiement":null,"montant_paye":"0.00","montant_paye_total":"0.00","montant_restant":"60.00","nb_paiements":0,"date_annulation":"2025-07-14","etat":"Annul\u00e9e","ristourne":"0.00","nom":"C\u00e9sar","prenom":"Jules","email":"jules.cesar@rome.com"},{"id_facture":25,"numero_facture":"025.2025","date_facture":"2025-04-29","montant_total":"1860.00","id_client":5,"date_edition":"2025-05-24 10:07:46","factfilename":"facture_025.2025_Jules_C\u00e9sar_20250524_100746.pdf","date_envoi":"2025-07-07","date_paiement":null,"date_dernier_paiement":null,"montant_paye":"0.00","montant_paye_total":"0.00","montant_restant":"1860.00","nb_paiements":0,"date_annulation":"2025-07-21","etat":"Annul\u00e9e","ristourne":"0.00","nom":"C\u00e9sar","prenom":"Jules","email":"jules.cesar@rome.com"},{"id_facture":23,"numero_facture":"023.2025","date_facture":"2025-04-29","montant_total":"10.00","id_client":2,"date_edition":"2025-07-25 05:52:38","factfilename":"facture_023.2025_Gilles_Dubey_20250725_055238.pdf","date_envoi":"2025-07-25","date_paiement":null,"date_dernier_paiement":null,"montant_paye":"0.00","montant_paye_total":"0.00","montant_restant":"10.00","nb_paiements":0,"date_annulation":null,"etat":"Envoy\u00e9e","ristourne":"2.00","nom":"Dubey","prenom":"Gilles","email":"gilles.dubey@ik.me"},{"id_facture":19,"numero_facture":"019.2025","date_facture":"2025-04-28","montant_total":"75.00","id_client":4,"date_edition":"2025-05-11 20:48:10","factfilename":"facture_019.2025_Victor_Hugo_20250511_204810.pdf","date_envoi":"2025-07-09","date_paiement":null,"date_dernier_paiement":null,"montant_paye":"0.00","montant_paye_total":"0.00","montant_restant":"75.00","nb_paiements":0,"date_annulation":null,"etat":"Envoy\u00e9e","ristourne":"0.00","nom":"Hugo","prenom":"Victor","email":"victor.hugo@miserables.com"},{"id_facture":21,"numero_facture":"021.2025","date_facture":"2025-04-28","montant_total":"200.00","id_client":1,"date_edition":"2025-05-30 09:23:39","factfilename":"facture_021.2025_Mich\u00e8le_Spirig_20250530_092339.pdf","date_envoi":"2025-06-04","date_paiement":"2025-06-06 00:00:00","date_dernier_paiement":"2025-06-06 00:00:00","montant_paye":"200.00","montant_paye_total":"200.00","montant_restant":"0.00","nb_paiements":1,"date_annulation":null,"etat":"Pay\u00e9e","ristourne":"2.50","nom":"Spirig","prenom":"Mich\u00e8le","email":"info@feeduyoga.ch"},{"id_facture":20,"numero_facture":"020.2025","date_facture":"2025-04-28","montant_total":"25.00","id_client":3,"date_edition":"2025-05-30 09:57:27","factfilename":"facture_020.2025_Lady_Gaga_20250530_095727.pdf","date_envoi":"2025-07-07","date_paiement":"2025-07-14 00:00:00","date_dernier_paiement":"2025-07-14 00:00:00","montant_paye":"25.00","montant_paye_total":"25.00","montant_restant":"0.00","nb_paiements":1,"date_annulation":null,"etat":"Pay\u00e9e","ristourne":"0.00","nom":"Gaga","prenom":"Lady","email":"lady.gaga@ladygaga.com"},{"id_facture":18,"numero_facture":"018.2025","date_facture":"2025-04-27","montant_total":"125.00","id_client":3,"date_edition":"2025-04-28 06:08:56","factfilename":"facture_018.2025_Lady_Gaga_20250428_060856.pdf","date_envoi":"2025-06-04","date_paiement":null,"date_dernier_paiement":null,"montant_paye":"0.00","montant_paye_total":"0.00","montant_restant":"125.00","nb_paiements":0,"date_annulation":"2025-07-09","etat":"Annul\u00e9e","ristourne":"0.00","nom":"Gaga","prenom":"Lady","email":"lady.gaga@ladygaga.com"},{"id_facture":16,"numero_facture":"016.2025","date_facture":"2025-04-25","montant_total":"120.00","id_client":5,"date_edition":"2025-04-25 12:32:16","factfilename":"facture_016.2025_Jules_C\u00e9sar_20250425_123216.pdf","date_envoi":"2025-07-09","date_paiement":null,"date_dernier_paiement":null,"montant_paye":"0.00","montant_paye_total":"0.00","montant_restant":"120.00","nb_paiements":0,"date_annulation":null,"etat":"Envoy\u00e9e","ristourne":"0.00","nom":"C\u00e9sar","prenom":"Jules","email":"jules.cesar@rome.com"},{"id_facture":14,"numero_facture":"014.2025","date_facture":"2025-04-25","montant_total":"30.00","id_client":2,"date_edition":"2025-04-25 07:46:19","factfilename":null,"date_envoi":null,"date_paiement":null,"date_dernier_paiement":null,"montant_paye":"0.00","montant_paye_total":"0.00","montant_restant":"30.00","nb_paiements":0,"date_annulation":null,"etat":"En attente","ristourne":"0.00","nom":"Dubey","prenom":"Gilles","email":"gilles.dubey@ik.me"},{"id_facture":17,"numero_facture":"017.2025","date_facture":"2025-04-25","montant_total":"788.00","id_client":2,"date_edition":"2025-04-28 06:51:44","factfilename":"facture_017.2025_Gilles_Dubey_20250428_065144.pdf","date_envoi":"2025-07-09","date_paiement":null,"date_dernier_paiement":null,"montant_paye":"0.00","montant_paye_total":"0.00","montant_restant":"788.00","nb_paiements":0,"date_annulation":null,"etat":"Envoy\u00e9e","ristourne":"2.00","nom":"Dubey","prenom":"Gilles","email":"gilles.dubey@ik.me"},{"id_facture":13,"numero_facture":"013.2025","date_facture":"2025-04-23","montant_total":"3330.00","id_client":2,"date_edition":"2025-04-27 00:11:40","factfilename":"facture_013.2025_Gilles_Dubey_20250427_001140.pdf","date_envoi":null,"date_paiement":null,"date_dernier_paiement":null,"montant_paye":"0.00","montant_paye_total":"0.00","montant_restant":"3330.00","nb_paiements":0,"date_annulation":null,"etat":"Envoy\u00e9e","ristourne":"6.40","nom":"Dubey","prenom":"Gilles","email":"gilles.dubey@ik.me"},{"id_facture":10,"numero_facture":"010.2025","date_facture":"2025-04-22","montant_total":"390.00","id_client":2,"date_edition":"2025-04-22 15:03:49","factfilename":"facture_010.2025_Gilles_Dubey_20250422_150349.pdf","date_envoi":null,"date_paiement":"2025-04-22 00:00:00","date_dernier_paiement":"2025-04-22 00:00:00","montant_paye":"390.00","montant_paye_total":"390.00","montant_restant":"0.00","nb_paiements":1,"date_annulation":null,"etat":"Pay\u00e9e","ristourne":"2.00","nom":"Dubey","prenom":"Gilles","email":"gilles.dubey@ik.me"},{"id_facture":11,"numero_facture":"011.2025","date_facture":"2025-04-22","montant_total":"50.00","id_client":2,"date_edition":"2025-04-25 06:27:26","factfilename":"facture_011.2025_Gilles_Dubey_20250425_062726.pdf","date_envoi":null,"date_paiement":"2025-04-25 00:00:00","date_dernier_paiement":"2025-04-25 00:00:00","montant_paye":"50.00","montant_paye_total":"50.00","montant_restant":"0.00","nb_paiements":1,"date_annulation":null,"etat":"Pay\u00e9e","ristourne":"4.00","nom":"Dubey","prenom":"Gilles","email":"gilles.dubey@ik.me"},{"id_facture":12,"numero_facture":"012.2025","date_facture":"2025-04-22","montant_total":"10.00","id_client":2,"date_edition":"2025-04-23 06:38:19","factfilename":"facture_012.2025_Gilles_Dubey_20250423_063819.pdf","date_envoi":null,"date_paiement":"2025-04-23 00:00:00","date_dernier_paiement":"2025-04-23 00:00:00","montant_paye":"10.00","montant_paye_total":"10.00","montant_restant":"0.00","nb_paiements":1,"date_annulation":null,"etat":"Pay\u00e9e","ristourne":"0.00","nom":"Dubey","prenom":"Gilles","email":"gilles.dubey@ik.me"},{"id_facture":7,"numero_facture":"007.2025","date_facture":"2025-04-18","montant_total":"120.00","id_client":2,"date_edition":"2025-04-23 04:55:24","factfilename":"facture_007.2025_Gilles_Dubey_20250423_045524.pdf","date_envoi":"2025-07-09","date_paiement":null,"date_dernier_paiement":null,"montant_paye":"0.00","montant_paye_total":"0.00","montant_restant":"120.00","nb_paiements":0,"date_annulation":null,"etat":"Envoy\u00e9e","ristourne":"2.25","nom":"Dubey","prenom":"Gilles","email":"gilles.dubey@ik.me"},{"id_facture":3,"numero_facture":"003.2025","date_facture":"2025-04-18","montant_total":"150.00","id_client":2,"date_edition":"2025-07-22 21:51:31","factfilename":"facture_003.2025_Gilles_Dubey_20250722_215130.pdf","date_envoi":"2025-07-22","date_paiement":null,"date_dernier_paiement":null,"montant_paye":"100.00","montant_paye_total":"0.00","montant_restant":"150.00","nb_paiements":0,"date_annulation":null,"etat":"Envoy\u00e9e","ristourne":"0.00","nom":"Dubey","prenom":"Gilles","email":"gilles.dubey@ik.me"},{"id_facture":9,"numero_facture":"009.2025","date_facture":"2025-04-18","montant_total":"20.00","id_client":2,"date_edition":"2025-05-19 19:13:56","factfilename":"facture_009.2025_Gilles_Dubey_20250519_191356.pdf","date_envoi":null,"date_paiement":null,"date_dernier_paiement":null,"montant_paye":"0.00","montant_paye_total":"0.00","montant_restant":"20.00","nb_paiements":0,"date_annulation":"2025-04-22","etat":"Annul\u00e9e","ristourne":"4.50","nom":"Dubey","prenom":"Gilles","email":"gilles.dubey@ik.me"},{"id_facture":4,"numero_facture":"004.2025","date_facture":"2025-04-18","montant_total":"31.50","id_client":2,"date_edition":"2025-06-04 19:48:36","factfilename":"facture_004.2025_Gilles_Dubey_20250604_194836.pdf","date_envoi":"2025-07-09","date_paiement":null,"date_dernier_paiement":null,"montant_paye":"0.00","montant_paye_total":"0.00","montant_restant":"31.50","nb_paiements":0,"date_annulation":null,"etat":"Envoy\u00e9e","ristourne":"0.00","nom":"Dubey","prenom":"Gilles","email":"gilles.dubey@ik.me"},{"id_facture":5,"numero_facture":"005.2025","date_facture":"2025-04-18","montant_total":"32.05","id_client":2,"date_edition":"2025-06-04 01:31:01","factfilename":"facture_005.2025_Gilles_Dubey_20250604_013101.pdf","date_envoi":"2025-07-09","date_paiement":null,"date_dernier_paiement":null,"montant_paye":"0.00","montant_paye_total":"0.00","montant_restant":"32.05","nb_paiements":0,"date_annulation":null,"etat":"Envoy\u00e9e","ristourne":"0.00","nom":"Dubey","prenom":"Gilles","email":"gilles.dubey@ik.me"},{"id_facture":6,"numero_facture":"006.2025","date_facture":"2025-04-18","montant_total":"235.55","id_client":2,"date_edition":"2025-05-30 11:09:21","factfilename":"facture_006.2025_Gilles_Dubey_20250530_110921.pdf","date_envoi":"2025-07-09","date_paiement":null,"date_dernier_paiement":null,"montant_paye":"0.00","montant_paye_total":"0.00","montant_restant":"235.55","nb_paiements":0,"date_annulation":null,"etat":"Envoy\u00e9e","ristourne":"0.00","nom":"Dubey","prenom":"Gilles","email":"gilles.dubey@ik.me"},{"id_facture":2,"numero_facture":"002.2025","date_facture":"2025-04-15","montant_total":"30.00","id_client":2,"date_edition":"2025-04-22 13:22:28","factfilename":"facture_002.2025_Gilles_Dubey_20250422_132228.pdf","date_envoi":"2025-07-07","date_paiement":null,"date_dernier_paiement":null,"montant_paye":"0.00","montant_paye_total":"0.00","montant_restant":"30.00","nb_paiements":0,"date_annulation":null,"etat":"Envoy\u00e9e","ristourne":"0.00","nom":"Dubey","prenom":"Gilles","email":"gilles.dubey@ik.me"},{"id_facture":1,"numero_facture":"001.2025","date_facture":"2025-04-15","montant_total":"1390.50","id_client":1,"date_edition":"2025-04-28 06:13:48","factfilename":"facture_001.2025_Mich\u00e8le_Spirig_20250428_061348.pdf","date_envoi":null,"date_paiement":null,"date_dernier_paiement":null,"montant_paye":"0.00","montant_paye_total":"0.00","montant_restant":"1390.50","nb_paiements":0,"date_annulation":null,"etat":"Envoy\u00e9e","ristourne":"0.00","nom":"Spirig","prenom":"Mich\u00e8le","email":"info@feeduyoga.ch"},{"id_facture":8,"numero_facture":"008.2025","date_facture":"2025-03-01","montant_total":"120.00","id_client":2,"date_edition":"2025-04-22 04:59:49","factfilename":"facture_008.2025_Gilles_Dubey_20250422_045949.pdf","date_envoi":null,"date_paiement":"2025-07-01 00:00:00","date_dernier_paiement":"2025-07-01 00:00:00","montant_paye":"120.00","montant_paye_total":"120.00","montant_restant":"0.00","nb_paiements":1,"date_annulation":null,"etat":"Pay\u00e9e","ristourne":"1.00","nom":"Dubey","prenom":"Gilles","email":"gilles.dubey@ik.me"}]}
[17-Sep-2025 13:25:37 Europe/Zurich] facture-api - Résultat liste factures (nombre): 63
[17-Sep-2025 13:25:38 Europe/Zurich] 🔑 client-api.php - Session ID forcé depuis URL: 8bmp6ap32fdrs4fff418iirqjv
[17-Sep-2025 13:25:38 Europe/Zurich] 🔍 Session cross-domain analysis :
[17-Sep-2025 13:25:38 Europe/Zurich] - HTTP_ORIGIN: http://localhost:3000
[17-Sep-2025 13:25:38 Europe/Zurich] - HTTP_HOST: localhost
[17-Sep-2025 13:25:38 Europe/Zurich] - Is cross-domain: YES
[17-Sep-2025 13:25:38 Europe/Zurich] 🏠 Configuration same-domain appliquée
[17-Sep-2025 13:25:38 Europe/Zurich] 🔧 Session cross-domain configurée - ID: 8bmp6ap32fdrs4fff418iirqjv
[17-Sep-2025 13:25:38 Europe/Zurich] 🍪 Cookie params: {"lifetime":1800,"path":"\/","domain":"","secure":true,"httponly":false,"samesite":"None"}
[17-Sep-2025 13:25:38 Europe/Zurich] 🔍 User en session: 2
[17-Sep-2025 13:25:38 Europe/Zurich] 🔧 Setup CORS - Début
[17-Sep-2025 13:25:38 Europe/Zurich] - Mode: DÉVELOPPEMENT
[17-Sep-2025 13:25:38 Europe/Zurich] - Origin reçu: http://localhost:3000
[17-Sep-2025 13:25:38 Europe/Zurich] 🔍 Test d'autorisation pour origin: 'http://localhost:3000'
[17-Sep-2025 13:25:38 Europe/Zurich] 📝 Origins autorisées: ["http:\/\/localhost:3007","http:\/\/localhost:3000","http:\/\/127.0.0.1:3000","http:\/\/localhost:3007","https:\/\/dev-facturation"]
[17-Sep-2025 13:25:38 Europe/Zurich] ✅ Origin autorisé: http://localhost:3000
[17-Sep-2025 13:25:38 Europe/Zurich] 📤 En-têtes CORS envoyés:
[17-Sep-2025 13:25:38 Europe/Zurich] - Methods: GET, POST, PUT, DELETE, OPTIONS
[17-Sep-2025 13:25:38 Europe/Zurich] - Headers: Content-Type, Authorization, X-Requested-With
[17-Sep-2025 13:25:38 Europe/Zurich] - Credentials: true
[17-Sep-2025 13:25:38 Europe/Zurich] client-api - Chargement de la configuration
[17-Sep-2025 13:25:38 Europe/Zurich] 🔑 parametre-api.php - Session ID forcé depuis URL: 8bmp6ap32fdrs4fff418iirqjv
[17-Sep-2025 13:25:38 Europe/Zurich] 🔑 parametre-api.php - Session ID forcé depuis URL: 8bmp6ap32fdrs4fff418iirqjv
[17-Sep-2025 13:25:38 Europe/Zurich] 🔍 Session cross-domain analysis :
[17-Sep-2025 13:25:38 Europe/Zurich] 🔍 Session cross-domain analysis :
[17-Sep-2025 13:25:38 Europe/Zurich] - HTTP_ORIGIN: http://localhost:3000
[17-Sep-2025 13:25:38 Europe/Zurich] - HTTP_ORIGIN: http://localhost:3000
[17-Sep-2025 13:25:38 Europe/Zurich] - HTTP_HOST: localhost
[17-Sep-2025 13:25:38 Europe/Zurich] - HTTP_HOST: localhost
[17-Sep-2025 13:25:38 Europe/Zurich] - Is cross-domain: YES
[17-Sep-2025 13:25:38 Europe/Zurich] - Is cross-domain: YES
[17-Sep-2025 13:25:38 Europe/Zurich] 🏠 Configuration same-domain appliquée
[17-Sep-2025 13:25:38 Europe/Zurich] 🏠 Configuration same-domain appliquée
[17-Sep-2025 13:25:38 Europe/Zurich] client-api - Méthode: GET
[17-Sep-2025 13:25:38 Europe/Zurich] client-api - URL complète: /fact-back/api/client-api.php?PHPSESSID=8bmp6ap32fdrs4fff418iirqjv&_ts=1758108337333
[17-Sep-2025 13:25:38 Europe/Zurich] client-api - Origin: http://localhost:3000
[17-Sep-2025 13:25:38 Europe/Zurich] client-api - Paramètres GET: {"PHPSESSID":"8bmp6ap32fdrs4fff418iirqjv","_ts":"1758108337333"}
[17-Sep-2025 13:25:38 Europe/Zurich] client-api - Session ID: 8bmp6ap32fdrs4fff418iirqjv
[17-Sep-2025 13:25:38 Europe/Zurich] client-api - Session status: 2
[17-Sep-2025 13:25:38 Europe/Zurich] client-api - Session content: {"user_id":2,"user_name":"test_admin","user_role":"admin"}
[17-Sep-2025 13:25:38 Europe/Zurich] 🔍 client-api - Session initialisée par bootstrap.php
[17-Sep-2025 13:25:38 Europe/Zurich] client-api - Session trouvée - User ID: 2, Role: admin
[17-Sep-2025 13:25:38 Europe/Zurich] client-api - Session keys: ["user_id","user_name","user_role"]
[17-Sep-2025 13:25:38 Europe/Zurich] client-api - Cookies reçues: {"PHPSESSID":"8bmp6ap32fdrs4fff418iirqjv"}
[17-Sep-2025 13:25:38 Europe/Zurich] client-api - Méthode: GET
[17-Sep-2025 13:25:38 Europe/Zurich] client-api - Paramètres GET: {"PHPSESSID":"8bmp6ap32fdrs4fff418iirqjv","_ts":"1758108337333"}
[17-Sep-2025 13:25:38 Europe/Zurich] ✅ client-api - Accès autorisé pour utilisateur: 2 (role: admin)
[17-Sep-2025 13:25:38 Europe/Zurich] client-api - Méthode: GET
[17-Sep-2025 13:25:38 Europe/Zurich] client-api - Paramètres GET: {"PHPSESSID":"8bmp6ap32fdrs4fff418iirqjv","_ts":"1758108337333"}
[17-Sep-2025 13:25:38 Europe/Zurich] client-api - Traitement GET pour client
[17-Sep-2025 13:25:38 Europe/Zurich] client-api - Paramètres GET: {"PHPSESSID":"8bmp6ap32fdrs4fff418iirqjv","_ts":"1758108337333"}
[17-Sep-2025 13:25:38 Europe/Zurich] client-api - GET ID: Aucun ID fourni
[17-Sep-2025 13:25:38 Europe/Zurich] client-api - GET checkFactures: Aucun paramètre checkFactures
[17-Sep-2025 13:25:38 Europe/Zurich] client-api - Récupération liste clients (page: 1, limit: 50) pour user: 2
[17-Sep-2025 13:25:38 Europe/Zurich] 🔧 Session cross-domain configurée - ID: 8bmp6ap32fdrs4fff418iirqjv
[17-Sep-2025 13:25:38 Europe/Zurich] 🍪 Cookie params: {"lifetime":1800,"path":"\/","domain":"","secure":true,"httponly":false,"samesite":"None"}
[17-Sep-2025 13:25:38 Europe/Zurich] 🔍 User en session: 2
[17-Sep-2025 13:25:38 Europe/Zurich] 🔧 Setup CORS - Début
[17-Sep-2025 13:25:38 Europe/Zurich] - Mode: DÉVELOPPEMENT
[17-Sep-2025 13:25:38 Europe/Zurich] - Origin reçu: http://localhost:3000
[17-Sep-2025 13:25:38 Europe/Zurich] 🔍 Test d'autorisation pour origin: 'http://localhost:3000'
[17-Sep-2025 13:25:38 Europe/Zurich] 📝 Origins autorisées: ["http:\/\/localhost:3007","http:\/\/localhost:3000","http:\/\/127.0.0.1:3000","http:\/\/localhost:3007","https:\/\/dev-facturation"]
[17-Sep-2025 13:25:38 Europe/Zurich] ✅ Origin autorisé: http://localhost:3000
[17-Sep-2025 13:25:38 Europe/Zurich] 📤 En-têtes CORS envoyés:
[17-Sep-2025 13:25:38 Europe/Zurich] - Methods: GET, POST, PUT, DELETE, OPTIONS
[17-Sep-2025 13:25:38 Europe/Zurich] - Headers: Content-Type, Authorization, X-Requested-With
[17-Sep-2025 13:25:38 Europe/Zurich] - Credentials: true
[17-Sep-2025 13:25:38 Europe/Zurich] 🔄 Requête OPTIONS (preflight) - Réponse immédiate
[17-Sep-2025 13:25:38 Europe/Zurich] 🔧 Session cross-domain configurée - ID: 8bmp6ap32fdrs4fff418iirqjv
[17-Sep-2025 13:25:38 Europe/Zurich] 🍪 Cookie params: {"lifetime":1800,"path":"\/","domain":"","secure":true,"httponly":false,"samesite":"None"}
[17-Sep-2025 13:25:38 Europe/Zurich] 🔍 User en session: 2
[17-Sep-2025 13:25:38 Europe/Zurich] 🔧 Setup CORS - Début
[17-Sep-2025 13:25:38 Europe/Zurich] - Mode: DÉVELOPPEMENT
[17-Sep-2025 13:25:38 Europe/Zurich] - Origin reçu: http://localhost:3000
[17-Sep-2025 13:25:38 Europe/Zurich] 🔍 Test d'autorisation pour origin: 'http://localhost:3000'
[17-Sep-2025 13:25:38 Europe/Zurich] 📝 Origins autorisées: ["http:\/\/localhost:3007","http:\/\/localhost:3000","http:\/\/127.0.0.1:3000","http:\/\/localhost:3007","https:\/\/dev-facturation"]
[17-Sep-2025 13:25:38 Europe/Zurich] ✅ Origin autorisé: http://localhost:3000
[17-Sep-2025 13:25:38 Europe/Zurich] 📤 En-têtes CORS envoyés:
[17-Sep-2025 13:25:38 Europe/Zurich] - Methods: GET, POST, PUT, DELETE, OPTIONS
[17-Sep-2025 13:25:38 Europe/Zurich] - Headers: Content-Type, Authorization, X-Requested-With
[17-Sep-2025 13:25:38 Europe/Zurich] - Credentials: true
[17-Sep-2025 13:25:38 Europe/Zurich] parametre-api - Chargement de la configuration
[17-Sep-2025 13:25:38 Europe/Zurich] parametre-api - Méthode: GET
[17-Sep-2025 13:25:38 Europe/Zurich] parametre-api - URL complète: /fact-back/api/parametre-api.php?PHPSESSID=8bmp6ap32fdrs4fff418iirqjv&nomParametre=Corps&groupe=Email&sGroupe=Corps&categorie=tu&_ts=1758108337333
[17-Sep-2025 13:25:38 Europe/Zurich] parametre-api - Origin: http://localhost:3000
[17-Sep-2025 13:25:38 Europe/Zurich] parametre-api - Paramètres GET: {"PHPSESSID":"8bmp6ap32fdrs4fff418iirqjv","nomParametre":"Corps","groupe":"Email","sGroupe":"Corps","categorie":"tu","_ts":"1758108337333"}
[17-Sep-2025 13:25:38 Europe/Zurich] parametre-api - Session ID: 8bmp6ap32fdrs4fff418iirqjv
[17-Sep-2025 13:25:38 Europe/Zurich] parametre-api - Session status: 2
[17-Sep-2025 13:25:38 Europe/Zurich] parametre-api - Session content: {"user_id":2,"user_name":"test_admin","user_role":"admin"}
[17-Sep-2025 13:25:38 Europe/Zurich] 🔍 parametre-api - Session initialisée par bootstrap.php
[17-Sep-2025 13:25:38 Europe/Zurich] parametre-api - Session trouvée - User ID: 2, Role: admin
[17-Sep-2025 13:25:38 Europe/Zurich] ✅ parametre-api - Accès autorisé pour utilisateur: 2 (role: admin)
[17-Sep-2025 13:25:38 Europe/Zurich] parametre-api - Méthode: GET
[17-Sep-2025 13:25:38 Europe/Zurich] parametre-api - Paramètres GET: {"PHPSESSID":"8bmp6ap32fdrs4fff418iirqjv","nomParametre":"Corps","groupe":"Email","sGroupe":"Corps","categorie":"tu","_ts":"1758108337333"}
[17-Sep-2025 13:25:38 Europe/Zurich] parametre-api - GET paramètres par sous-groupe: Email/Corps (user: 2)
[17-Sep-2025 13:25:38 Europe/Zurich] 🔑 parametre-api.php - Session ID forcé depuis URL: 8bmp6ap32fdrs4fff418iirqjv
[17-Sep-2025 13:25:38 Europe/Zurich] 🔍 Session cross-domain analysis :
[17-Sep-2025 13:25:38 Europe/Zurich] - HTTP_ORIGIN: http://localhost:3000
[17-Sep-2025 13:25:38 Europe/Zurich] - HTTP_HOST: localhost
[17-Sep-2025 13:25:38 Europe/Zurich] - Is cross-domain: YES
[17-Sep-2025 13:25:38 Europe/Zurich] 🏠 Configuration same-domain appliquée
[17-Sep-2025 13:25:38 Europe/Zurich] 🔧 Session cross-domain configurée - ID: 8bmp6ap32fdrs4fff418iirqjv
[17-Sep-2025 13:25:38 Europe/Zurich] 🍪 Cookie params: {"lifetime":1800,"path":"\/","domain":"","secure":true,"httponly":false,"samesite":"None"}
[17-Sep-2025 13:25:38 Europe/Zurich] 🔍 User en session: 2
[17-Sep-2025 13:25:38 Europe/Zurich] 🔧 Setup CORS - Début
[17-Sep-2025 13:25:38 Europe/Zurich] - Mode: DÉVELOPPEMENT
[17-Sep-2025 13:25:38 Europe/Zurich] - Origin reçu: http://localhost:3000
[17-Sep-2025 13:25:38 Europe/Zurich] 🔍 Test d'autorisation pour origin: 'http://localhost:3000'
[17-Sep-2025 13:25:38 Europe/Zurich] 📝 Origins autorisées: ["http:\/\/localhost:3007","http:\/\/localhost:3000","http:\/\/127.0.0.1:3000","http:\/\/localhost:3007","https:\/\/dev-facturation"]
[17-Sep-2025 13:25:38 Europe/Zurich] ✅ Origin autorisé: http://localhost:3000
[17-Sep-2025 13:25:38 Europe/Zurich] 📤 En-têtes CORS envoyés:
[17-Sep-2025 13:25:38 Europe/Zurich] - Methods: GET, POST, PUT, DELETE, OPTIONS
[17-Sep-2025 13:25:38 Europe/Zurich] - Headers: Content-Type, Authorization, X-Requested-With
[17-Sep-2025 13:25:38 Europe/Zurich] - Credentials: true
[17-Sep-2025 13:25:38 Europe/Zurich] 🔄 Requête OPTIONS (preflight) - Réponse immédiate
[17-Sep-2025 13:25:38 Europe/Zurich] 🔑 client-api.php - Session ID forcé depuis URL: 8bmp6ap32fdrs4fff418iirqjv
[17-Sep-2025 13:25:38 Europe/Zurich] 🔍 Session cross-domain analysis :
[17-Sep-2025 13:25:38 Europe/Zurich] - HTTP_ORIGIN: http://localhost:3000
[17-Sep-2025 13:25:38 Europe/Zurich] - HTTP_HOST: localhost
[17-Sep-2025 13:25:38 Europe/Zurich] - Is cross-domain: YES
[17-Sep-2025 13:25:38 Europe/Zurich] 🏠 Configuration same-domain appliquée
[17-Sep-2025 13:25:38 Europe/Zurich] 🔧 Session cross-domain configurée - ID: 8bmp6ap32fdrs4fff418iirqjv
[17-Sep-2025 13:25:38 Europe/Zurich] 🍪 Cookie params: {"lifetime":1800,"path":"\/","domain":"","secure":true,"httponly":false,"samesite":"None"}
[17-Sep-2025 13:25:38 Europe/Zurich] 🔍 User en session: 2
[17-Sep-2025 13:25:38 Europe/Zurich] 🔧 Setup CORS - Début
[17-Sep-2025 13:25:38 Europe/Zurich] - Mode: DÉVELOPPEMENT
[17-Sep-2025 13:25:38 Europe/Zurich] - Origin reçu: http://localhost:3000
[17-Sep-2025 13:25:38 Europe/Zurich] 🔍 Test d'autorisation pour origin: 'http://localhost:3000'
[17-Sep-2025 13:25:38 Europe/Zurich] 📝 Origins autorisées: ["http:\/\/localhost:3007","http:\/\/localhost:3000","http:\/\/127.0.0.1:3000","http:\/\/localhost:3007","https:\/\/dev-facturation"]
[17-Sep-2025 13:25:38 Europe/Zurich] ✅ Origin autorisé: http://localhost:3000
[17-Sep-2025 13:25:38 Europe/Zurich] 📤 En-têtes CORS envoyés:
[17-Sep-2025 13:25:38 Europe/Zurich] - Methods: GET, POST, PUT, DELETE, OPTIONS
[17-Sep-2025 13:25:38 Europe/Zurich] - Headers: Content-Type, Authorization, X-Requested-With
[17-Sep-2025 13:25:38 Europe/Zurich] - Credentials: true
[17-Sep-2025 13:25:38 Europe/Zurich] client-api - Chargement de la configuration
[17-Sep-2025 13:25:38 Europe/Zurich] client-api - Méthode: GET
[17-Sep-2025 13:25:38 Europe/Zurich] client-api - URL complète: /fact-back/api/client-api.php?PHPSESSID=8bmp6ap32fdrs4fff418iirqjv&_ts=1758108337335
[17-Sep-2025 13:25:38 Europe/Zurich] client-api - Origin: http://localhost:3000
[17-Sep-2025 13:25:38 Europe/Zurich] client-api - Paramètres GET: {"PHPSESSID":"8bmp6ap32fdrs4fff418iirqjv","_ts":"1758108337335"}
[17-Sep-2025 13:25:38 Europe/Zurich] client-api - Session ID: 8bmp6ap32fdrs4fff418iirqjv
[17-Sep-2025 13:25:38 Europe/Zurich] client-api - Session status: 2
[17-Sep-2025 13:25:38 Europe/Zurich] client-api - Session content: {"user_id":2,"user_name":"test_admin","user_role":"admin"}
[17-Sep-2025 13:25:38 Europe/Zurich] 🔍 client-api - Session initialisée par bootstrap.php
[17-Sep-2025 13:25:38 Europe/Zurich] client-api - Session trouvée - User ID: 2, Role: admin
[17-Sep-2025 13:25:38 Europe/Zurich] client-api - Session keys: ["user_id","user_name","user_role"]
[17-Sep-2025 13:25:38 Europe/Zurich] client-api - Cookies reçues: {"PHPSESSID":"8bmp6ap32fdrs4fff418iirqjv"}
[17-Sep-2025 13:25:38 Europe/Zurich] client-api - Méthode: GET
[17-Sep-2025 13:25:38 Europe/Zurich] client-api - Paramètres GET: {"PHPSESSID":"8bmp6ap32fdrs4fff418iirqjv","_ts":"1758108337335"}
[17-Sep-2025 13:25:38 Europe/Zurich] ✅ client-api - Accès autorisé pour utilisateur: 2 (role: admin)
[17-Sep-2025 13:25:38 Europe/Zurich] client-api - Méthode: GET
[17-Sep-2025 13:25:38 Europe/Zurich] client-api - Paramètres GET: {"PHPSESSID":"8bmp6ap32fdrs4fff418iirqjv","_ts":"1758108337335"}
[17-Sep-2025 13:25:38 Europe/Zurich] client-api - Traitement GET pour client
[17-Sep-2025 13:25:38 Europe/Zurich] client-api - Paramètres GET: {"PHPSESSID":"8bmp6ap32fdrs4fff418iirqjv","_ts":"1758108337335"}
[17-Sep-2025 13:25:38 Europe/Zurich] client-api - GET ID: Aucun ID fourni
[17-Sep-2025 13:25:38 Europe/Zurich] client-api - GET checkFactures: Aucun paramètre checkFactures
[17-Sep-2025 13:25:38 Europe/Zurich] client-api - Récupération liste clients (page: 1, limit: 50) pour user: 2
[17-Sep-2025 13:25:38 Europe/Zurich] 🔑 parametre-api.php - Session ID forcé depuis URL: 8bmp6ap32fdrs4fff418iirqjv
[17-Sep-2025 13:25:38 Europe/Zurich] 🔍 Session cross-domain analysis :
[17-Sep-2025 13:25:38 Europe/Zurich] - HTTP_ORIGIN: http://localhost:3000
[17-Sep-2025 13:25:38 Europe/Zurich] - HTTP_HOST: localhost
[17-Sep-2025 13:25:38 Europe/Zurich] - Is cross-domain: YES
[17-Sep-2025 13:25:38 Europe/Zurich] 🏠 Configuration same-domain appliquée
[17-Sep-2025 13:25:38 Europe/Zurich] 🔧 Session cross-domain configurée - ID: 8bmp6ap32fdrs4fff418iirqjv
[17-Sep-2025 13:25:38 Europe/Zurich] 🍪 Cookie params: {"lifetime":1800,"path":"\/","domain":"","secure":true,"httponly":false,"samesite":"None"}
[17-Sep-2025 13:25:38 Europe/Zurich] 🔍 User en session: 2
[17-Sep-2025 13:25:38 Europe/Zurich] 🔧 Setup CORS - Début
[17-Sep-2025 13:25:38 Europe/Zurich] - Mode: DÉVELOPPEMENT
[17-Sep-2025 13:25:38 Europe/Zurich] - Origin reçu: http://localhost:3000
[17-Sep-2025 13:25:38 Europe/Zurich] 🔍 Test d'autorisation pour origin: 'http://localhost:3000'
[17-Sep-2025 13:25:38 Europe/Zurich] 📝 Origins autorisées: ["http:\/\/localhost:3007","http:\/\/localhost:3000","http:\/\/127.0.0.1:3000","http:\/\/localhost:3007","https:\/\/dev-facturation"]
[17-Sep-2025 13:25:38 Europe/Zurich] ✅ Origin autorisé: http://localhost:3000
[17-Sep-2025 13:25:38 Europe/Zurich] 📤 En-têtes CORS envoyés:
[17-Sep-2025 13:25:38 Europe/Zurich] - Methods: GET, POST, PUT, DELETE, OPTIONS
[17-Sep-2025 13:25:38 Europe/Zurich] - Headers: Content-Type, Authorization, X-Requested-With
[17-Sep-2025 13:25:38 Europe/Zurich] - Credentials: true
[17-Sep-2025 13:25:38 Europe/Zurich] 🔄 Requête OPTIONS (preflight) - Réponse immédiate
[17-Sep-2025 13:25:38 Europe/Zurich] 🔑 parametre-api.php - Session ID forcé depuis URL: 8bmp6ap32fdrs4fff418iirqjv
[17-Sep-2025 13:25:38 Europe/Zurich] 🔍 Session cross-domain analysis :
[17-Sep-2025 13:25:38 Europe/Zurich] - HTTP_ORIGIN: http://localhost:3000
[17-Sep-2025 13:25:38 Europe/Zurich] - HTTP_HOST: localhost
[17-Sep-2025 13:25:38 Europe/Zurich] - Is cross-domain: YES
[17-Sep-2025 13:25:38 Europe/Zurich] 🏠 Configuration same-domain appliquée
[17-Sep-2025 13:25:38 Europe/Zurich] 🔧 Session cross-domain configurée - ID: 8bmp6ap32fdrs4fff418iirqjv
[17-Sep-2025 13:25:38 Europe/Zurich] 🍪 Cookie params: {"lifetime":1800,"path":"\/","domain":"","secure":true,"httponly":false,"samesite":"None"}
[17-Sep-2025 13:25:38 Europe/Zurich] 🔍 User en session: 2
[17-Sep-2025 13:25:38 Europe/Zurich] 🔧 Setup CORS - Début
[17-Sep-2025 13:25:38 Europe/Zurich] - Mode: DÉVELOPPEMENT
[17-Sep-2025 13:25:38 Europe/Zurich] - Origin reçu: http://localhost:3000
[17-Sep-2025 13:25:38 Europe/Zurich] 🔍 Test d'autorisation pour origin: 'http://localhost:3000'
[17-Sep-2025 13:25:38 Europe/Zurich] 📝 Origins autorisées: ["http:\/\/localhost:3007","http:\/\/localhost:3000","http:\/\/127.0.0.1:3000","http:\/\/localhost:3007","https:\/\/dev-facturation"]
[17-Sep-2025 13:25:38 Europe/Zurich] ✅ Origin autorisé: http://localhost:3000
[17-Sep-2025 13:25:38 Europe/Zurich] 📤 En-têtes CORS envoyés:
[17-Sep-2025 13:25:38 Europe/Zurich] - Methods: GET, POST, PUT, DELETE, OPTIONS
[17-Sep-2025 13:25:38 Europe/Zurich] - Headers: Content-Type, Authorization, X-Requested-With
[17-Sep-2025 13:25:38 Europe/Zurich] - Credentials: true
[17-Sep-2025 13:25:38 Europe/Zurich] parametre-api - Chargement de la configuration
[17-Sep-2025 13:25:38 Europe/Zurich] parametre-api - Méthode: GET
[17-Sep-2025 13:25:38 Europe/Zurich] parametre-api - URL complète: /fact-back/api/parametre-api.php?PHPSESSID=8bmp6ap32fdrs4fff418iirqjv&nomParametre=Delai+Paiement&groupe=Facture&sGroupe=Paiement&_ts=1758108337811
[17-Sep-2025 13:25:38 Europe/Zurich] parametre-api - Origin: http://localhost:3000
[17-Sep-2025 13:25:38 Europe/Zurich] parametre-api - Paramètres GET: {"PHPSESSID":"8bmp6ap32fdrs4fff418iirqjv","nomParametre":"Delai Paiement","groupe":"Facture","sGroupe":"Paiement","_ts":"1758108337811"}
[17-Sep-2025 13:25:38 Europe/Zurich] parametre-api - Session ID: 8bmp6ap32fdrs4fff418iirqjv
[17-Sep-2025 13:25:38 Europe/Zurich] parametre-api - Session status: 2
[17-Sep-2025 13:25:38 Europe/Zurich] parametre-api - Session content: {"user_id":2,"user_name":"test_admin","user_role":"admin"}
[17-Sep-2025 13:25:38 Europe/Zurich] 🔍 parametre-api - Session initialisée par bootstrap.php
[17-Sep-2025 13:25:38 Europe/Zurich] parametre-api - Session trouvée - User ID: 2, Role: admin
[17-Sep-2025 13:25:38 Europe/Zurich] ✅ parametre-api - Accès autorisé pour utilisateur: 2 (role: admin)
[17-Sep-2025 13:25:38 Europe/Zurich] parametre-api - Méthode: GET
[17-Sep-2025 13:25:38 Europe/Zurich] parametre-api - Paramètres GET: {"PHPSESSID":"8bmp6ap32fdrs4fff418iirqjv","nomParametre":"Delai Paiement","groupe":"Facture","sGroupe":"Paiement","_ts":"1758108337811"}
[17-Sep-2025 13:25:38 Europe/Zurich] parametre-api - GET paramètres par sous-groupe: Facture/Paiement (user: 2)
[17-Sep-2025 13:25:38 Europe/Zurich] 🔑 parametre-api.php - Session ID forcé depuis URL: 8bmp6ap32fdrs4fff418iirqjv
[17-Sep-2025 13:25:38 Europe/Zurich] 🔍 Session cross-domain analysis :
[17-Sep-2025 13:25:38 Europe/Zurich] - HTTP_ORIGIN: http://localhost:3000
[17-Sep-2025 13:25:38 Europe/Zurich] - HTTP_HOST: localhost
[17-Sep-2025 13:25:38 Europe/Zurich] - Is cross-domain: YES
[17-Sep-2025 13:25:38 Europe/Zurich] 🏠 Configuration same-domain appliquée
[17-Sep-2025 13:25:38 Europe/Zurich] 🔧 Session cross-domain configurée - ID: 8bmp6ap32fdrs4fff418iirqjv
[17-Sep-2025 13:25:38 Europe/Zurich] 🔑 parametre-api.php - Session ID forcé depuis URL: 8bmp6ap32fdrs4fff418iirqjv
[17-Sep-2025 13:25:38 Europe/Zurich] 🍪 Cookie params: {"lifetime":1800,"path":"\/","domain":"","secure":true,"httponly":false,"samesite":"None"}
[17-Sep-2025 13:25:38 Europe/Zurich] 🔍 Session cross-domain analysis :
[17-Sep-2025 13:25:38 Europe/Zurich] 🔍 User en session: 2
[17-Sep-2025 13:25:38 Europe/Zurich] - HTTP_ORIGIN: http://localhost:3000
[17-Sep-2025 13:25:38 Europe/Zurich] 🔧 Setup CORS - Début
[17-Sep-2025 13:25:38 Europe/Zurich] - HTTP_HOST: localhost
[17-Sep-2025 13:25:38 Europe/Zurich] - Mode: DÉVELOPPEMENT
[17-Sep-2025 13:25:38 Europe/Zurich] - Is cross-domain: YES
[17-Sep-2025 13:25:38 Europe/Zurich] - Origin reçu: http://localhost:3000
[17-Sep-2025 13:25:38 Europe/Zurich] 🏠 Configuration same-domain appliquée
[17-Sep-2025 13:25:38 Europe/Zurich] 🔍 Test d'autorisation pour origin: 'http://localhost:3000'
[17-Sep-2025 13:25:38 Europe/Zurich] 📝 Origins autorisées: ["http:\/\/localhost:3007","http:\/\/localhost:3000","http:\/\/127.0.0.1:3000","http:\/\/localhost:3007","https:\/\/dev-facturation"]
[17-Sep-2025 13:25:38 Europe/Zurich] ✅ Origin autorisé: http://localhost:3000
[17-Sep-2025 13:25:38 Europe/Zurich] 📤 En-têtes CORS envoyés:
[17-Sep-2025 13:25:38 Europe/Zurich] - Methods: GET, POST, PUT, DELETE, OPTIONS
[17-Sep-2025 13:25:38 Europe/Zurich] - Headers: Content-Type, Authorization, X-Requested-With
[17-Sep-2025 13:25:38 Europe/Zurich] - Credentials: true
[17-Sep-2025 13:25:38 Europe/Zurich] parametre-api - Chargement de la configuration
[17-Sep-2025 13:25:38 Europe/Zurich] parametre-api - Méthode: GET
[17-Sep-2025 13:25:38 Europe/Zurich] parametre-api - URL complète: /fact-back/api/parametre-api.php?PHPSESSID=8bmp6ap32fdrs4fff418iirqjv&nomParametre=Corps&groupe=Email&sGroupe=Corps&categorie=vous&_ts=1758108337861
[17-Sep-2025 13:25:38 Europe/Zurich] parametre-api - Origin: http://localhost:3000
[17-Sep-2025 13:25:38 Europe/Zurich] parametre-api - Paramètres GET: {"PHPSESSID":"8bmp6ap32fdrs4fff418iirqjv","nomParametre":"Corps","groupe":"Email","sGroupe":"Corps","categorie":"vous","_ts":"1758108337861"}
[17-Sep-2025 13:25:38 Europe/Zurich] parametre-api - Session ID: 8bmp6ap32fdrs4fff418iirqjv
[17-Sep-2025 13:25:38 Europe/Zurich] parametre-api - Session status: 2
[17-Sep-2025 13:25:38 Europe/Zurich] parametre-api - Session content: {"user_id":2,"user_name":"test_admin","user_role":"admin"}
[17-Sep-2025 13:25:38 Europe/Zurich] 🔍 parametre-api - Session initialisée par bootstrap.php
[17-Sep-2025 13:25:38 Europe/Zurich] parametre-api - Session trouvée - User ID: 2, Role: admin
[17-Sep-2025 13:25:38 Europe/Zurich] ✅ parametre-api - Accès autorisé pour utilisateur: 2 (role: admin)
[17-Sep-2025 13:25:38 Europe/Zurich] parametre-api - Méthode: GET
[17-Sep-2025 13:25:38 Europe/Zurich] parametre-api - Paramètres GET: {"PHPSESSID":"8bmp6ap32fdrs4fff418iirqjv","nomParametre":"Corps","groupe":"Email","sGroupe":"Corps","categorie":"vous","_ts":"1758108337861"}
[17-Sep-2025 13:25:38 Europe/Zurich] parametre-api - GET paramètres par sous-groupe: Email/Corps (user: 2)
[17-Sep-2025 13:25:38 Europe/Zurich] 🔧 Session cross-domain configurée - ID: 8bmp6ap32fdrs4fff418iirqjv
[17-Sep-2025 13:25:38 Europe/Zurich] 🍪 Cookie params: {"lifetime":1800,"path":"\/","domain":"","secure":true,"httponly":false,"samesite":"None"}
[17-Sep-2025 13:25:38 Europe/Zurich] 🔍 User en session: 2
[17-Sep-2025 13:25:38 Europe/Zurich] 🔧 Setup CORS - Début
[17-Sep-2025 13:25:38 Europe/Zurich] - Mode: DÉVELOPPEMENT
[17-Sep-2025 13:25:38 Europe/Zurich] - Origin reçu: http://localhost:3000
[17-Sep-2025 13:25:38 Europe/Zurich] 🔍 Test d'autorisation pour origin: 'http://localhost:3000'
[17-Sep-2025 13:25:38 Europe/Zurich] 📝 Origins autorisées: ["http:\/\/localhost:3007","http:\/\/localhost:3000","http:\/\/127.0.0.1:3000","http:\/\/localhost:3007","https:\/\/dev-facturation"]
[17-Sep-2025 13:25:38 Europe/Zurich] ✅ Origin autorisé: http://localhost:3000
[17-Sep-2025 13:25:38 Europe/Zurich] 📤 En-têtes CORS envoyés:
[17-Sep-2025 13:25:38 Europe/Zurich] - Methods: GET, POST, PUT, DELETE, OPTIONS
[17-Sep-2025 13:25:38 Europe/Zurich] - Headers: Content-Type, Authorization, X-Requested-With
[17-Sep-2025 13:25:38 Europe/Zurich] - Credentials: true
[17-Sep-2025 13:25:38 Europe/Zurich] 🔄 Requête OPTIONS (preflight) - Réponse immédiate
[17-Sep-2025 13:25:38 Europe/Zurich] 🔑 parametre-api.php - Session ID forcé depuis URL: 8bmp6ap32fdrs4fff418iirqjv
[17-Sep-2025 13:25:38 Europe/Zurich] 🔍 Session cross-domain analysis :
[17-Sep-2025 13:25:38 Europe/Zurich] - HTTP_ORIGIN: http://localhost:3000
[17-Sep-2025 13:25:38 Europe/Zurich] - HTTP_HOST: localhost
[17-Sep-2025 13:25:38 Europe/Zurich] - Is cross-domain: YES
[17-Sep-2025 13:25:38 Europe/Zurich] 🏠 Configuration same-domain appliquée
[17-Sep-2025 13:25:38 Europe/Zurich] 🔧 Session cross-domain configurée - ID: 8bmp6ap32fdrs4fff418iirqjv
[17-Sep-2025 13:25:38 Europe/Zurich] 🍪 Cookie params: {"lifetime":1800,"path":"\/","domain":"","secure":true,"httponly":false,"samesite":"None"}
[17-Sep-2025 13:25:38 Europe/Zurich] 🔍 User en session: 2
[17-Sep-2025 13:25:38 Europe/Zurich] 🔧 Setup CORS - Début
[17-Sep-2025 13:25:38 Europe/Zurich] - Mode: DÉVELOPPEMENT
[17-Sep-2025 13:25:38 Europe/Zurich] - Origin reçu: http://localhost:3000
[17-Sep-2025 13:25:38 Europe/Zurich] 🔍 Test d'autorisation pour origin: 'http://localhost:3000'
[17-Sep-2025 13:25:38 Europe/Zurich] 📝 Origins autorisées: ["http:\/\/localhost:3007","http:\/\/localhost:3000","http:\/\/127.0.0.1:3000","http:\/\/localhost:3007","https:\/\/dev-facturation"]
[17-Sep-2025 13:25:38 Europe/Zurich] ✅ Origin autorisé: http://localhost:3000
[17-Sep-2025 13:25:38 Europe/Zurich] 📤 En-têtes CORS envoyés:
[17-Sep-2025 13:25:38 Europe/Zurich] - Methods: GET, POST, PUT, DELETE, OPTIONS
[17-Sep-2025 13:25:38 Europe/Zurich] - Headers: Content-Type, Authorization, X-Requested-With
[17-Sep-2025 13:25:38 Europe/Zurich] - Credentials: true
[17-Sep-2025 13:25:38 Europe/Zurich] parametre-api - Chargement de la configuration
[17-Sep-2025 13:25:38 Europe/Zurich] parametre-api - Méthode: GET
[17-Sep-2025 13:25:38 Europe/Zurich] parametre-api - URL complète: /fact-back/api/parametre-api.php?PHPSESSID=8bmp6ap32fdrs4fff418iirqjv&nomParametre=Delai+Paiement&groupe=Facture&sGroupe=Paiement&_ts=1758108337931
[17-Sep-2025 13:25:38 Europe/Zurich] parametre-api - Origin: http://localhost:3000
[17-Sep-2025 13:25:38 Europe/Zurich] parametre-api - Paramètres GET: {"PHPSESSID":"8bmp6ap32fdrs4fff418iirqjv","nomParametre":"Delai Paiement","groupe":"Facture","sGroupe":"Paiement","_ts":"1758108337931"}
[17-Sep-2025 13:25:38 Europe/Zurich] parametre-api - Session ID: 8bmp6ap32fdrs4fff418iirqjv
[17-Sep-2025 13:25:38 Europe/Zurich] parametre-api - Session status: 2
[17-Sep-2025 13:25:38 Europe/Zurich] parametre-api - Session content: {"user_id":2,"user_name":"test_admin","user_role":"admin"}
[17-Sep-2025 13:25:38 Europe/Zurich] 🔍 parametre-api - Session initialisée par bootstrap.php
[17-Sep-2025 13:25:38 Europe/Zurich] parametre-api - Session trouvée - User ID: 2, Role: admin
[17-Sep-2025 13:25:38 Europe/Zurich] ✅ parametre-api - Accès autorisé pour utilisateur: 2 (role: admin)
[17-Sep-2025 13:25:38 Europe/Zurich] parametre-api - Méthode: GET
[17-Sep-2025 13:25:38 Europe/Zurich] parametre-api - Paramètres GET: {"PHPSESSID":"8bmp6ap32fdrs4fff418iirqjv","nomParametre":"Delai Paiement","groupe":"Facture","sGroupe":"Paiement","_ts":"1758108337931"}
[17-Sep-2025 13:25:38 Europe/Zurich] parametre-api - GET paramètres par sous-groupe: Facture/Paiement (user: 2)
[17-Sep-2025 13:25:38 Europe/Zurich] 🔑 parametre-api.php - Session ID forcé depuis URL: 8bmp6ap32fdrs4fff418iirqjv
[17-Sep-2025 13:25:38 Europe/Zurich] 🔍 Session cross-domain analysis :
[17-Sep-2025 13:25:38 Europe/Zurich] - HTTP_ORIGIN: http://localhost:3000
[17-Sep-2025 13:25:38 Europe/Zurich] - HTTP_HOST: localhost
[17-Sep-2025 13:25:38 Europe/Zurich] - Is cross-domain: YES
[17-Sep-2025 13:25:38 Europe/Zurich] 🏠 Configuration same-domain appliquée
[17-Sep-2025 13:25:38 Europe/Zurich] 🔧 Session cross-domain configurée - ID: 8bmp6ap32fdrs4fff418iirqjv
[17-Sep-2025 13:25:38 Europe/Zurich] 🍪 Cookie params: {"lifetime":1800,"path":"\/","domain":"","secure":true,"httponly":false,"samesite":"None"}
[17-Sep-2025 13:25:38 Europe/Zurich] 🔍 User en session: 2
[17-Sep-2025 13:25:38 Europe/Zurich] 🔧 Setup CORS - Début
[17-Sep-2025 13:25:38 Europe/Zurich] - Mode: DÉVELOPPEMENT
[17-Sep-2025 13:25:38 Europe/Zurich] - Origin reçu: http://localhost:3000
[17-Sep-2025 13:25:38 Europe/Zurich] 🔍 Test d'autorisation pour origin: 'http://localhost:3000'
[17-Sep-2025 13:25:38 Europe/Zurich] 📝 Origins autorisées: ["http:\/\/localhost:3007","http:\/\/localhost:3000","http:\/\/127.0.0.1:3000","http:\/\/localhost:3007","https:\/\/dev-facturation"]
[17-Sep-2025 13:25:38 Europe/Zurich] ✅ Origin autorisé: http://localhost:3000
[17-Sep-2025 13:25:38 Europe/Zurich] 📤 En-têtes CORS envoyés:
[17-Sep-2025 13:25:38 Europe/Zurich] - Methods: GET, POST, PUT, DELETE, OPTIONS
[17-Sep-2025 13:25:38 Europe/Zurich] - Headers: Content-Type, Authorization, X-Requested-With
[17-Sep-2025 13:25:38 Europe/Zurich] - Credentials: true
[17-Sep-2025 13:25:38 Europe/Zurich] parametre-api - Chargement de la configuration
[17-Sep-2025 13:25:38 Europe/Zurich] parametre-api - Méthode: GET
[17-Sep-2025 13:25:38 Europe/Zurich] parametre-api - URL complète: /fact-back/api/parametre-api.php?PHPSESSID=8bmp6ap32fdrs4fff418iirqjv&nomParametre=Corps&groupe=Email&sGroupe=Corps&categorie=vous&_ts=1758108338076
[17-Sep-2025 13:25:38 Europe/Zurich] parametre-api - Origin: http://localhost:3000
[17-Sep-2025 13:25:38 Europe/Zurich] parametre-api - Paramètres GET: {"PHPSESSID":"8bmp6ap32fdrs4fff418iirqjv","nomParametre":"Corps","groupe":"Email","sGroupe":"Corps","categorie":"vous","_ts":"1758108338076"}
[17-Sep-2025 13:25:38 Europe/Zurich] parametre-api - Session ID: 8bmp6ap32fdrs4fff418iirqjv
[17-Sep-2025 13:25:38 Europe/Zurich] parametre-api - Session status: 2
[17-Sep-2025 13:25:38 Europe/Zurich] parametre-api - Session content: {"user_id":2,"user_name":"test_admin","user_role":"admin"}
[17-Sep-2025 13:25:38 Europe/Zurich] 🔍 parametre-api - Session initialisée par bootstrap.php
[17-Sep-2025 13:25:38 Europe/Zurich] parametre-api - Session trouvée - User ID: 2, Role: admin
[17-Sep-2025 13:25:38 Europe/Zurich] ✅ parametre-api - Accès autorisé pour utilisateur: 2 (role: admin)
[17-Sep-2025 13:25:38 Europe/Zurich] parametre-api - Méthode: GET
[17-Sep-2025 13:25:38 Europe/Zurich] parametre-api - Paramètres GET: {"PHPSESSID":"8bmp6ap32fdrs4fff418iirqjv","nomParametre":"Corps","groupe":"Email","sGroupe":"Corps","categorie":"vous","_ts":"1758108338076"}
[17-Sep-2025 13:25:38 Europe/Zurich] parametre-api - GET paramètres par sous-groupe: Email/Corps (user: 2)
[17-Sep-2025 13:25:59 Europe/Zurich] 🔑 client-api.php - Session ID forcé depuis URL: 8bmp6ap32fdrs4fff418iirqjv
[17-Sep-2025 13:25:59 Europe/Zurich] 🔑 client-api.php - Session ID forcé depuis URL: 8bmp6ap32fdrs4fff418iirqjv
[17-Sep-2025 13:25:59 Europe/Zurich] 🔍 Session cross-domain analysis :
[17-Sep-2025 13:25:59 Europe/Zurich] 🔍 Session cross-domain analysis :
[17-Sep-2025 13:25:59 Europe/Zurich] - HTTP_ORIGIN: http://localhost:3000
[17-Sep-2025 13:25:59 Europe/Zurich] - HTTP_ORIGIN: http://localhost:3000
[17-Sep-2025 13:25:59 Europe/Zurich] - HTTP_HOST: localhost
[17-Sep-2025 13:25:59 Europe/Zurich] - HTTP_HOST: localhost
[17-Sep-2025 13:25:59 Europe/Zurich] - Is cross-domain: YES
[17-Sep-2025 13:25:59 Europe/Zurich] - Is cross-domain: YES
[17-Sep-2025 13:25:59 Europe/Zurich] 🏠 Configuration same-domain appliquée
[17-Sep-2025 13:25:59 Europe/Zurich] 🏠 Configuration same-domain appliquée
[17-Sep-2025 13:25:59 Europe/Zurich] 🔧 Session cross-domain configurée - ID: 8bmp6ap32fdrs4fff418iirqjv
[17-Sep-2025 13:25:59 Europe/Zurich] 🍪 Cookie params: {"lifetime":1800,"path":"\/","domain":"","secure":true,"httponly":false,"samesite":"None"}
[17-Sep-2025 13:25:59 Europe/Zurich] 🔍 User en session: 2
[17-Sep-2025 13:25:59 Europe/Zurich] 🔧 Setup CORS - Début
[17-Sep-2025 13:25:59 Europe/Zurich] - Mode: DÉVELOPPEMENT
[17-Sep-2025 13:25:59 Europe/Zurich] - Origin reçu: http://localhost:3000
[17-Sep-2025 13:25:59 Europe/Zurich] 🔍 Test d'autorisation pour origin: 'http://localhost:3000'
[17-Sep-2025 13:25:59 Europe/Zurich] 📝 Origins autorisées: ["http:\/\/localhost:3007","http:\/\/localhost:3000","http:\/\/127.0.0.1:3000","http:\/\/localhost:3007","https:\/\/dev-facturation"]
[17-Sep-2025 13:25:59 Europe/Zurich] ✅ Origin autorisé: http://localhost:3000
[17-Sep-2025 13:25:59 Europe/Zurich] 📤 En-têtes CORS envoyés:
[17-Sep-2025 13:25:59 Europe/Zurich] - Methods: GET, POST, PUT, DELETE, OPTIONS
[17-Sep-2025 13:25:59 Europe/Zurich] - Headers: Content-Type, Authorization, X-Requested-With
[17-Sep-2025 13:25:59 Europe/Zurich] - Credentials: true
[17-Sep-2025 13:25:59 Europe/Zurich] 🔄 Requête OPTIONS (preflight) - Réponse immédiate
[17-Sep-2025 13:25:59 Europe/Zurich] 🔧 Session cross-domain configurée - ID: 8bmp6ap32fdrs4fff418iirqjv
[17-Sep-2025 13:25:59 Europe/Zurich] 🍪 Cookie params: {"lifetime":1800,"path":"\/","domain":"","secure":true,"httponly":false,"samesite":"None"}
[17-Sep-2025 13:25:59 Europe/Zurich] 🔍 User en session: 2
[17-Sep-2025 13:25:59 Europe/Zurich] 🔧 Setup CORS - Début
[17-Sep-2025 13:25:59 Europe/Zurich] - Mode: DÉVELOPPEMENT
[17-Sep-2025 13:25:59 Europe/Zurich] - Origin reçu: http://localhost:3000
[17-Sep-2025 13:25:59 Europe/Zurich] 🔍 Test d'autorisation pour origin: 'http://localhost:3000'
[17-Sep-2025 13:25:59 Europe/Zurich] 📝 Origins autorisées: ["http:\/\/localhost:3007","http:\/\/localhost:3000","http:\/\/127.0.0.1:3000","http:\/\/localhost:3007","https:\/\/dev-facturation"]
[17-Sep-2025 13:25:59 Europe/Zurich] ✅ Origin autorisé: http://localhost:3000
[17-Sep-2025 13:25:59 Europe/Zurich] 📤 En-têtes CORS envoyés:
[17-Sep-2025 13:25:59 Europe/Zurich] - Methods: GET, POST, PUT, DELETE, OPTIONS
[17-Sep-2025 13:25:59 Europe/Zurich] - Headers: Content-Type, Authorization, X-Requested-With
[17-Sep-2025 13:25:59 Europe/Zurich] - Credentials: true
[17-Sep-2025 13:25:59 Europe/Zurich] 🔄 Requête OPTIONS (preflight) - Réponse immédiate
[17-Sep-2025 13:25:59 Europe/Zurich] 🔑 client-api.php - Session ID forcé depuis URL: 8bmp6ap32fdrs4fff418iirqjv
[17-Sep-2025 13:25:59 Europe/Zurich] 🔑 client-api.php - Session ID forcé depuis URL: 8bmp6ap32fdrs4fff418iirqjv
[17-Sep-2025 13:25:59 Europe/Zurich] 🔍 Session cross-domain analysis :
[17-Sep-2025 13:25:59 Europe/Zurich] 🔍 Session cross-domain analysis :
[17-Sep-2025 13:25:59 Europe/Zurich] - HTTP_ORIGIN: http://localhost:3000
[17-Sep-2025 13:25:59 Europe/Zurich] - HTTP_ORIGIN: http://localhost:3000
[17-Sep-2025 13:25:59 Europe/Zurich] - HTTP_HOST: localhost
[17-Sep-2025 13:25:59 Europe/Zurich] - HTTP_HOST: localhost
[17-Sep-2025 13:25:59 Europe/Zurich] - Is cross-domain: YES
[17-Sep-2025 13:25:59 Europe/Zurich] - Is cross-domain: YES
[17-Sep-2025 13:25:59 Europe/Zurich] 🏠 Configuration same-domain appliquée
[17-Sep-2025 13:25:59 Europe/Zurich] 🏠 Configuration same-domain appliquée
[17-Sep-2025 13:25:59 Europe/Zurich] 🔧 Session cross-domain configurée - ID: 8bmp6ap32fdrs4fff418iirqjv
[17-Sep-2025 13:25:59 Europe/Zurich] 🍪 Cookie params: {"lifetime":1800,"path":"\/","domain":"","secure":true,"httponly":false,"samesite":"None"}
[17-Sep-2025 13:25:59 Europe/Zurich] 🔍 User en session: 2
[17-Sep-2025 13:25:59 Europe/Zurich] 🔧 Setup CORS - Début
[17-Sep-2025 13:25:59 Europe/Zurich] - Mode: DÉVELOPPEMENT
[17-Sep-2025 13:25:59 Europe/Zurich] - Origin reçu: http://localhost:3000
[17-Sep-2025 13:25:59 Europe/Zurich] 🔍 Test d'autorisation pour origin: 'http://localhost:3000'
[17-Sep-2025 13:25:59 Europe/Zurich] 📝 Origins autorisées: ["http:\/\/localhost:3007","http:\/\/localhost:3000","http:\/\/127.0.0.1:3000","http:\/\/localhost:3007","https:\/\/dev-facturation"]
[17-Sep-2025 13:25:59 Europe/Zurich] ✅ Origin autorisé: http://localhost:3000
[17-Sep-2025 13:25:59 Europe/Zurich] 📤 En-têtes CORS envoyés:
[17-Sep-2025 13:25:59 Europe/Zurich] - Methods: GET, POST, PUT, DELETE, OPTIONS
[17-Sep-2025 13:25:59 Europe/Zurich] - Headers: Content-Type, Authorization, X-Requested-With
[17-Sep-2025 13:25:59 Europe/Zurich] - Credentials: true
[17-Sep-2025 13:25:59 Europe/Zurich] client-api - Chargement de la configuration
[17-Sep-2025 13:25:59 Europe/Zurich] client-api - Méthode: GET
[17-Sep-2025 13:25:59 Europe/Zurich] client-api - URL complète: /fact-back/api/client-api.php?PHPSESSID=8bmp6ap32fdrs4fff418iirqjv&_ts=1758108359028
[17-Sep-2025 13:25:59 Europe/Zurich] client-api - Origin: http://localhost:3000
[17-Sep-2025 13:25:59 Europe/Zurich] client-api - Paramètres GET: {"PHPSESSID":"8bmp6ap32fdrs4fff418iirqjv","_ts":"1758108359028"}
[17-Sep-2025 13:25:59 Europe/Zurich] client-api - Session ID: 8bmp6ap32fdrs4fff418iirqjv
[17-Sep-2025 13:25:59 Europe/Zurich] client-api - Session status: 2
[17-Sep-2025 13:25:59 Europe/Zurich] client-api - Session content: {"user_id":2,"user_name":"test_admin","user_role":"admin"}
[17-Sep-2025 13:25:59 Europe/Zurich] 🔍 client-api - Session initialisée par bootstrap.php
[17-Sep-2025 13:25:59 Europe/Zurich] client-api - Session trouvée - User ID: 2, Role: admin
[17-Sep-2025 13:25:59 Europe/Zurich] client-api - Session keys: ["user_id","user_name","user_role"]
[17-Sep-2025 13:25:59 Europe/Zurich] client-api - Cookies reçues: {"PHPSESSID":"8bmp6ap32fdrs4fff418iirqjv"}
[17-Sep-2025 13:25:59 Europe/Zurich] client-api - Méthode: GET
[17-Sep-2025 13:25:59 Europe/Zurich] client-api - Paramètres GET: {"PHPSESSID":"8bmp6ap32fdrs4fff418iirqjv","_ts":"1758108359028"}
[17-Sep-2025 13:25:59 Europe/Zurich] ✅ client-api - Accès autorisé pour utilisateur: 2 (role: admin)
[17-Sep-2025 13:25:59 Europe/Zurich] client-api - Méthode: GET
[17-Sep-2025 13:25:59 Europe/Zurich] client-api - Paramètres GET: {"PHPSESSID":"8bmp6ap32fdrs4fff418iirqjv","_ts":"1758108359028"}
[17-Sep-2025 13:25:59 Europe/Zurich] client-api - Traitement GET pour client
[17-Sep-2025 13:25:59 Europe/Zurich] client-api - Paramètres GET: {"PHPSESSID":"8bmp6ap32fdrs4fff418iirqjv","_ts":"1758108359028"}
[17-Sep-2025 13:25:59 Europe/Zurich] client-api - GET ID: Aucun ID fourni
[17-Sep-2025 13:25:59 Europe/Zurich] client-api - GET checkFactures: Aucun paramètre checkFactures
[17-Sep-2025 13:25:59 Europe/Zurich] client-api - Récupération liste clients (page: 1, limit: 50) pour user: 2
[17-Sep-2025 13:25:59 Europe/Zurich] 🔧 Session cross-domain configurée - ID: 8bmp6ap32fdrs4fff418iirqjv
[17-Sep-2025 13:25:59 Europe/Zurich] 🍪 Cookie params: {"lifetime":1800,"path":"\/","domain":"","secure":true,"httponly":false,"samesite":"None"}
[17-Sep-2025 13:25:59 Europe/Zurich] 🔍 User en session: 2
[17-Sep-2025 13:25:59 Europe/Zurich] 🔧 Setup CORS - Début
[17-Sep-2025 13:25:59 Europe/Zurich] - Mode: DÉVELOPPEMENT
[17-Sep-2025 13:25:59 Europe/Zurich] - Origin reçu: http://localhost:3000
[17-Sep-2025 13:25:59 Europe/Zurich] 🔍 Test d'autorisation pour origin: 'http://localhost:3000'
[17-Sep-2025 13:25:59 Europe/Zurich] 📝 Origins autorisées: ["http:\/\/localhost:3007","http:\/\/localhost:3000","http:\/\/127.0.0.1:3000","http:\/\/localhost:3007","https:\/\/dev-facturation"]
[17-Sep-2025 13:25:59 Europe/Zurich] ✅ Origin autorisé: http://localhost:3000
[17-Sep-2025 13:25:59 Europe/Zurich] 📤 En-têtes CORS envoyés:
[17-Sep-2025 13:25:59 Europe/Zurich] - Methods: GET, POST, PUT, DELETE, OPTIONS
[17-Sep-2025 13:25:59 Europe/Zurich] - Headers: Content-Type, Authorization, X-Requested-With
[17-Sep-2025 13:25:59 Europe/Zurich] - Credentials: true
[17-Sep-2025 13:25:59 Europe/Zurich] client-api - Chargement de la configuration
[17-Sep-2025 13:25:59 Europe/Zurich] client-api - Méthode: GET
[17-Sep-2025 13:25:59 Europe/Zurich] client-api - URL complète: /fact-back/api/client-api.php?PHPSESSID=8bmp6ap32fdrs4fff418iirqjv&_ts=1758108359029
[17-Sep-2025 13:25:59 Europe/Zurich] client-api - Origin: http://localhost:3000
[17-Sep-2025 13:25:59 Europe/Zurich] client-api - Paramètres GET: {"PHPSESSID":"8bmp6ap32fdrs4fff418iirqjv","_ts":"1758108359029"}
[17-Sep-2025 13:25:59 Europe/Zurich] client-api - Session ID: 8bmp6ap32fdrs4fff418iirqjv
[17-Sep-2025 13:25:59 Europe/Zurich] client-api - Session status: 2
[17-Sep-2025 13:25:59 Europe/Zurich] client-api - Session content: {"user_id":2,"user_name":"test_admin","user_role":"admin"}
[17-Sep-2025 13:25:59 Europe/Zurich] 🔍 client-api - Session initialisée par bootstrap.php
[17-Sep-2025 13:25:59 Europe/Zurich] client-api - Session trouvée - User ID: 2, Role: admin
[17-Sep-2025 13:25:59 Europe/Zurich] client-api - Session keys: ["user_id","user_name","user_role"]
[17-Sep-2025 13:25:59 Europe/Zurich] client-api - Cookies reçues: {"PHPSESSID":"8bmp6ap32fdrs4fff418iirqjv"}
[17-Sep-2025 13:25:59 Europe/Zurich] client-api - Méthode: GET
[17-Sep-2025 13:25:59 Europe/Zurich] client-api - Paramètres GET: {"PHPSESSID":"8bmp6ap32fdrs4fff418iirqjv","_ts":"1758108359029"}
[17-Sep-2025 13:25:59 Europe/Zurich] ✅ client-api - Accès autorisé pour utilisateur: 2 (role: admin)
[17-Sep-2025 13:25:59 Europe/Zurich] client-api - Méthode: GET
[17-Sep-2025 13:25:59 Europe/Zurich] client-api - Paramètres GET: {"PHPSESSID":"8bmp6ap32fdrs4fff418iirqjv","_ts":"1758108359029"}
[17-Sep-2025 13:25:59 Europe/Zurich] client-api - Traitement GET pour client
[17-Sep-2025 13:25:59 Europe/Zurich] client-api - Paramètres GET: {"PHPSESSID":"8bmp6ap32fdrs4fff418iirqjv","_ts":"1758108359029"}
[17-Sep-2025 13:25:59 Europe/Zurich] client-api - GET ID: Aucun ID fourni
[17-Sep-2025 13:25:59 Europe/Zurich] client-api - GET checkFactures: Aucun paramètre checkFactures
[17-Sep-2025 13:25:59 Europe/Zurich] client-api - Récupération liste clients (page: 1, limit: 50) pour user: 2
[17-Sep-2025 13:26:01 Europe/Zurich] 🔑 client-api.php - Session ID forcé depuis URL: 8bmp6ap32fdrs4fff418iirqjv
[17-Sep-2025 13:26:01 Europe/Zurich] 🔑 client-api.php - Session ID forcé depuis URL: 8bmp6ap32fdrs4fff418iirqjv
[17-Sep-2025 13:26:01 Europe/Zurich] 🔍 Session cross-domain analysis :
[17-Sep-2025 13:26:01 Europe/Zurich] 🔍 Session cross-domain analysis :
[17-Sep-2025 13:26:01 Europe/Zurich] - HTTP_ORIGIN: http://localhost:3000
[17-Sep-2025 13:26:01 Europe/Zurich] - HTTP_ORIGIN: http://localhost:3000
[17-Sep-2025 13:26:01 Europe/Zurich] - HTTP_HOST: localhost
[17-Sep-2025 13:26:01 Europe/Zurich] - HTTP_HOST: localhost
[17-Sep-2025 13:26:01 Europe/Zurich] - Is cross-domain: YES
[17-Sep-2025 13:26:01 Europe/Zurich] - Is cross-domain: YES
[17-Sep-2025 13:26:01 Europe/Zurich] 🏠 Configuration same-domain appliquée
[17-Sep-2025 13:26:01 Europe/Zurich] 🏠 Configuration same-domain appliquée
[17-Sep-2025 13:26:01 Europe/Zurich] 🔧 Session cross-domain configurée - ID: 8bmp6ap32fdrs4fff418iirqjv
[17-Sep-2025 13:26:01 Europe/Zurich] 🍪 Cookie params: {"lifetime":1800,"path":"\/","domain":"","secure":true,"httponly":false,"samesite":"None"}
[17-Sep-2025 13:26:01 Europe/Zurich] 🔍 User en session: 2
[17-Sep-2025 13:26:01 Europe/Zurich] 🔧 Setup CORS - Début
[17-Sep-2025 13:26:01 Europe/Zurich] - Mode: DÉVELOPPEMENT
[17-Sep-2025 13:26:01 Europe/Zurich] - Origin reçu: http://localhost:3000
[17-Sep-2025 13:26:01 Europe/Zurich] 🔍 Test d'autorisation pour origin: 'http://localhost:3000'
[17-Sep-2025 13:26:01 Europe/Zurich] 📝 Origins autorisées: ["http:\/\/localhost:3007","http:\/\/localhost:3000","http:\/\/127.0.0.1:3000","http:\/\/localhost:3007","https:\/\/dev-facturation"]
[17-Sep-2025 13:26:01 Europe/Zurich] ✅ Origin autorisé: http://localhost:3000
[17-Sep-2025 13:26:01 Europe/Zurich] 📤 En-têtes CORS envoyés:
[17-Sep-2025 13:26:01 Europe/Zurich] - Methods: GET, POST, PUT, DELETE, OPTIONS
[17-Sep-2025 13:26:01 Europe/Zurich] - Headers: Content-Type, Authorization, X-Requested-With
[17-Sep-2025 13:26:01 Europe/Zurich] - Credentials: true
[17-Sep-2025 13:26:01 Europe/Zurich] 🔄 Requête OPTIONS (preflight) - Réponse immédiate
[17-Sep-2025 13:26:01 Europe/Zurich] 🔧 Session cross-domain configurée - ID: 8bmp6ap32fdrs4fff418iirqjv
[17-Sep-2025 13:26:01 Europe/Zurich] 🍪 Cookie params: {"lifetime":1800,"path":"\/","domain":"","secure":true,"httponly":false,"samesite":"None"}
[17-Sep-2025 13:26:01 Europe/Zurich] 🔍 User en session: 2
[17-Sep-2025 13:26:01 Europe/Zurich] 🔧 Setup CORS - Début
[17-Sep-2025 13:26:01 Europe/Zurich] - Mode: DÉVELOPPEMENT
[17-Sep-2025 13:26:01 Europe/Zurich] - Origin reçu: http://localhost:3000
[17-Sep-2025 13:26:01 Europe/Zurich] 🔍 Test d'autorisation pour origin: 'http://localhost:3000'
[17-Sep-2025 13:26:01 Europe/Zurich] 📝 Origins autorisées: ["http:\/\/localhost:3007","http:\/\/localhost:3000","http:\/\/127.0.0.1:3000","http:\/\/localhost:3007","https:\/\/dev-facturation"]
[17-Sep-2025 13:26:01 Europe/Zurich] ✅ Origin autorisé: http://localhost:3000
[17-Sep-2025 13:26:01 Europe/Zurich] 📤 En-têtes CORS envoyés:
[17-Sep-2025 13:26:01 Europe/Zurich] - Methods: GET, POST, PUT, DELETE, OPTIONS
[17-Sep-2025 13:26:01 Europe/Zurich] - Headers: Content-Type, Authorization, X-Requested-With
[17-Sep-2025 13:26:01 Europe/Zurich] - Credentials: true
[17-Sep-2025 13:26:01 Europe/Zurich] 🔄 Requête OPTIONS (preflight) - Réponse immédiate
[17-Sep-2025 13:26:01 Europe/Zurich] 🔑 client-api.php - Session ID forcé depuis URL: 8bmp6ap32fdrs4fff418iirqjv
[17-Sep-2025 13:26:01 Europe/Zurich] 🔑 client-api.php - Session ID forcé depuis URL: 8bmp6ap32fdrs4fff418iirqjv
[17-Sep-2025 13:26:01 Europe/Zurich] 🔍 Session cross-domain analysis :
[17-Sep-2025 13:26:01 Europe/Zurich] 🔍 Session cross-domain analysis :
[17-Sep-2025 13:26:01 Europe/Zurich] - HTTP_ORIGIN: http://localhost:3000
[17-Sep-2025 13:26:01 Europe/Zurich] - HTTP_ORIGIN: http://localhost:3000
[17-Sep-2025 13:26:01 Europe/Zurich] - HTTP_HOST: localhost
[17-Sep-2025 13:26:01 Europe/Zurich] - HTTP_HOST: localhost
[17-Sep-2025 13:26:01 Europe/Zurich] - Is cross-domain: YES
[17-Sep-2025 13:26:01 Europe/Zurich] - Is cross-domain: YES
[17-Sep-2025 13:26:01 Europe/Zurich] 🏠 Configuration same-domain appliquée
[17-Sep-2025 13:26:01 Europe/Zurich] 🏠 Configuration same-domain appliquée
[17-Sep-2025 13:26:01 Europe/Zurich] 🔧 Session cross-domain configurée - ID: 8bmp6ap32fdrs4fff418iirqjv
[17-Sep-2025 13:26:01 Europe/Zurich] 🍪 Cookie params: {"lifetime":1800,"path":"\/","domain":"","secure":true,"httponly":false,"samesite":"None"}
[17-Sep-2025 13:26:01 Europe/Zurich] 🔍 User en session: 2
[17-Sep-2025 13:26:01 Europe/Zurich] 🔧 Setup CORS - Début
[17-Sep-2025 13:26:01 Europe/Zurich] - Mode: DÉVELOPPEMENT
[17-Sep-2025 13:26:01 Europe/Zurich] - Origin reçu: http://localhost:3000
[17-Sep-2025 13:26:01 Europe/Zurich] 🔍 Test d'autorisation pour origin: 'http://localhost:3000'
[17-Sep-2025 13:26:01 Europe/Zurich] 📝 Origins autorisées: ["http:\/\/localhost:3007","http:\/\/localhost:3000","http:\/\/127.0.0.1:3000","http:\/\/localhost:3007","https:\/\/dev-facturation"]
[17-Sep-2025 13:26:01 Europe/Zurich] ✅ Origin autorisé: http://localhost:3000
[17-Sep-2025 13:26:01 Europe/Zurich] 📤 En-têtes CORS envoyés:
[17-Sep-2025 13:26:01 Europe/Zurich] - Methods: GET, POST, PUT, DELETE, OPTIONS
[17-Sep-2025 13:26:01 Europe/Zurich] - Headers: Content-Type, Authorization, X-Requested-With
[17-Sep-2025 13:26:01 Europe/Zurich] - Credentials: true
[17-Sep-2025 13:26:01 Europe/Zurich] client-api - Chargement de la configuration
[17-Sep-2025 13:26:01 Europe/Zurich] client-api - Méthode: GET
[17-Sep-2025 13:26:01 Europe/Zurich] client-api - URL complète: /fact-back/api/client-api.php?PHPSESSID=8bmp6ap32fdrs4fff418iirqjv&id=8&_ts=1758108361105
[17-Sep-2025 13:26:01 Europe/Zurich] client-api - Origin: http://localhost:3000
[17-Sep-2025 13:26:01 Europe/Zurich] client-api - Paramètres GET: {"PHPSESSID":"8bmp6ap32fdrs4fff418iirqjv","id":"8","_ts":"1758108361105"}
[17-Sep-2025 13:26:01 Europe/Zurich] client-api - Session ID: 8bmp6ap32fdrs4fff418iirqjv
[17-Sep-2025 13:26:01 Europe/Zurich] client-api - Session status: 2
[17-Sep-2025 13:26:01 Europe/Zurich] client-api - Session content: {"user_id":2,"user_name":"test_admin","user_role":"admin"}
[17-Sep-2025 13:26:01 Europe/Zurich] 🔍 client-api - Session initialisée par bootstrap.php
[17-Sep-2025 13:26:01 Europe/Zurich] client-api - Session trouvée - User ID: 2, Role: admin
[17-Sep-2025 13:26:01 Europe/Zurich] client-api - Session keys: ["user_id","user_name","user_role"]
[17-Sep-2025 13:26:01 Europe/Zurich] client-api - Cookies reçues: {"PHPSESSID":"8bmp6ap32fdrs4fff418iirqjv"}
[17-Sep-2025 13:26:01 Europe/Zurich] client-api - Méthode: GET
[17-Sep-2025 13:26:01 Europe/Zurich] client-api - Paramètres GET: {"PHPSESSID":"8bmp6ap32fdrs4fff418iirqjv","id":"8","_ts":"1758108361105"}
[17-Sep-2025 13:26:01 Europe/Zurich] ✅ client-api - Accès autorisé pour utilisateur: 2 (role: admin)
[17-Sep-2025 13:26:01 Europe/Zurich] client-api - Méthode: GET
[17-Sep-2025 13:26:01 Europe/Zurich] client-api - Paramètres GET: {"PHPSESSID":"8bmp6ap32fdrs4fff418iirqjv","id":"8","_ts":"1758108361105"}
[17-Sep-2025 13:26:01 Europe/Zurich] client-api - Traitement GET pour client
[17-Sep-2025 13:26:01 Europe/Zurich] client-api - Paramètres GET: {"PHPSESSID":"8bmp6ap32fdrs4fff418iirqjv","id":"8","_ts":"1758108361105"}
[17-Sep-2025 13:26:01 Europe/Zurich] client-api - GET ID: 8
[17-Sep-2025 13:26:01 Europe/Zurich] client-api - GET checkFactures: Aucun paramètre checkFactures
[17-Sep-2025 13:26:01 Europe/Zurich] client-api - Récupération client ID: 8 (user: 2)
[17-Sep-2025 13:26:01 Europe/Zurich] 🔧 Session cross-domain configurée - ID: 8bmp6ap32fdrs4fff418iirqjv
[17-Sep-2025 13:26:01 Europe/Zurich] 🍪 Cookie params: {"lifetime":1800,"path":"\/","domain":"","secure":true,"httponly":false,"samesite":"None"}
[17-Sep-2025 13:26:01 Europe/Zurich] 🔍 User en session: 2
[17-Sep-2025 13:26:01 Europe/Zurich] 🔧 Setup CORS - Début
[17-Sep-2025 13:26:01 Europe/Zurich] - Mode: DÉVELOPPEMENT
[17-Sep-2025 13:26:01 Europe/Zurich] - Origin reçu: http://localhost:3000
[17-Sep-2025 13:26:01 Europe/Zurich] 🔍 Test d'autorisation pour origin: 'http://localhost:3000'
[17-Sep-2025 13:26:01 Europe/Zurich] 📝 Origins autorisées: ["http:\/\/localhost:3007","http:\/\/localhost:3000","http:\/\/127.0.0.1:3000","http:\/\/localhost:3007","https:\/\/dev-facturation"]
[17-Sep-2025 13:26:01 Europe/Zurich] ✅ Origin autorisé: http://localhost:3000
[17-Sep-2025 13:26:01 Europe/Zurich] 📤 En-têtes CORS envoyés:
[17-Sep-2025 13:26:01 Europe/Zurich] - Methods: GET, POST, PUT, DELETE, OPTIONS
[17-Sep-2025 13:26:01 Europe/Zurich] - Headers: Content-Type, Authorization, X-Requested-With
[17-Sep-2025 13:26:01 Europe/Zurich] - Credentials: true
[17-Sep-2025 13:26:01 Europe/Zurich] client-api - Chargement de la configuration
[17-Sep-2025 13:26:01 Europe/Zurich] client-api - Méthode: GET
[17-Sep-2025 13:26:01 Europe/Zurich] client-api - URL complète: /fact-back/api/client-api.php?PHPSESSID=8bmp6ap32fdrs4fff418iirqjv&id=8&_ts=1758108361104
[17-Sep-2025 13:26:01 Europe/Zurich] client-api - Origin: http://localhost:3000
[17-Sep-2025 13:26:01 Europe/Zurich] client-api - Paramètres GET: {"PHPSESSID":"8bmp6ap32fdrs4fff418iirqjv","id":"8","_ts":"1758108361104"}
[17-Sep-2025 13:26:01 Europe/Zurich] client-api - Session ID: 8bmp6ap32fdrs4fff418iirqjv
[17-Sep-2025 13:26:01 Europe/Zurich] client-api - Session status: 2
[17-Sep-2025 13:26:01 Europe/Zurich] client-api - Session content: {"user_id":2,"user_name":"test_admin","user_role":"admin"}
[17-Sep-2025 13:26:01 Europe/Zurich] 🔍 client-api - Session initialisée par bootstrap.php
[17-Sep-2025 13:26:01 Europe/Zurich] client-api - Session trouvée - User ID: 2, Role: admin
[17-Sep-2025 13:26:01 Europe/Zurich] client-api - Session keys: ["user_id","user_name","user_role"]
[17-Sep-2025 13:26:01 Europe/Zurich] client-api - Cookies reçues: {"PHPSESSID":"8bmp6ap32fdrs4fff418iirqjv"}
[17-Sep-2025 13:26:01 Europe/Zurich] client-api - Méthode: GET
[17-Sep-2025 13:26:01 Europe/Zurich] client-api - Paramètres GET: {"PHPSESSID":"8bmp6ap32fdrs4fff418iirqjv","id":"8","_ts":"1758108361104"}
[17-Sep-2025 13:26:01 Europe/Zurich] ✅ client-api - Accès autorisé pour utilisateur: 2 (role: admin)
[17-Sep-2025 13:26:01 Europe/Zurich] client-api - Méthode: GET
[17-Sep-2025 13:26:01 Europe/Zurich] client-api - Paramètres GET: {"PHPSESSID":"8bmp6ap32fdrs4fff418iirqjv","id":"8","_ts":"1758108361104"}
[17-Sep-2025 13:26:01 Europe/Zurich] client-api - Traitement GET pour client
[17-Sep-2025 13:26:01 Europe/Zurich] client-api - Paramètres GET: {"PHPSESSID":"8bmp6ap32fdrs4fff418iirqjv","id":"8","_ts":"1758108361104"}
[17-Sep-2025 13:26:01 Europe/Zurich] client-api - GET ID: 8
[17-Sep-2025 13:26:01 Europe/Zurich] client-api - GET checkFactures: Aucun paramètre checkFactures
[17-Sep-2025 13:26:01 Europe/Zurich] client-api - Récupération client ID: 8 (user: 2)
[17-Sep-2025 13:35:22 Europe/Zurich] 🔑 client-api.php - Session ID forcé depuis URL: 8bmp6ap32fdrs4fff418iirqjv
[17-Sep-2025 13:35:22 Europe/Zurich] 🔑 paiement-api.php - Session ID forcé depuis URL: 8bmp6ap32fdrs4fff418iirqjv
[17-Sep-2025 13:35:22 Europe/Zurich] 🔑 paiement-api.php - Session ID forcé depuis URL: 8bmp6ap32fdrs4fff418iirqjv
[17-Sep-2025 13:35:22 Europe/Zurich] 🔑 client-api.php - Session ID forcé depuis URL: 8bmp6ap32fdrs4fff418iirqjv
[17-Sep-2025 13:35:22 Europe/Zurich] 🔍 Session cross-domain analysis :
[17-Sep-2025 13:35:22 Europe/Zurich] 🔍 Session cross-domain analysis :
[17-Sep-2025 13:35:22 Europe/Zurich] 🔍 Session cross-domain analysis :
[17-Sep-2025 13:35:22 Europe/Zurich] 🔍 Session cross-domain analysis :
[17-Sep-2025 13:35:22 Europe/Zurich] - HTTP_ORIGIN: http://localhost:3000
[17-Sep-2025 13:35:22 Europe/Zurich] 🔑 client-api.php - Session ID forcé depuis URL: 8bmp6ap32fdrs4fff418iirqjv
[17-Sep-2025 13:35:22 Europe/Zurich] - HTTP_ORIGIN: http://localhost:3000
[17-Sep-2025 13:35:22 Europe/Zurich] 🔑 paiement-api.php - Session ID forcé depuis URL: 8bmp6ap32fdrs4fff418iirqjv
[17-Sep-2025 13:35:22 Europe/Zurich] - HTTP_ORIGIN: http://localhost:3000
[17-Sep-2025 13:35:22 Europe/Zurich] - HTTP_ORIGIN: http://localhost:3000
[17-Sep-2025 13:35:22 Europe/Zurich] - HTTP_HOST: localhost
[17-Sep-2025 13:35:22 Europe/Zurich] 🔍 Session cross-domain analysis :
[17-Sep-2025 13:35:22 Europe/Zurich] - HTTP_HOST: localhost
[17-Sep-2025 13:35:22 Europe/Zurich] 🔍 Session cross-domain analysis :
[17-Sep-2025 13:35:22 Europe/Zurich] - HTTP_HOST: localhost
[17-Sep-2025 13:35:22 Europe/Zurich] - HTTP_HOST: localhost
[17-Sep-2025 13:35:22 Europe/Zurich] - Is cross-domain: YES
[17-Sep-2025 13:35:22 Europe/Zurich] - HTTP_ORIGIN: http://localhost:3000
[17-Sep-2025 13:35:22 Europe/Zurich] - Is cross-domain: YES
[17-Sep-2025 13:35:22 Europe/Zurich] - HTTP_ORIGIN: http://localhost:3000
[17-Sep-2025 13:35:22 Europe/Zurich] - Is cross-domain: YES
[17-Sep-2025 13:35:22 Europe/Zurich] - Is cross-domain: YES
[17-Sep-2025 13:35:22 Europe/Zurich] 🏠 Configuration same-domain appliquée
[17-Sep-2025 13:35:22 Europe/Zurich] - HTTP_HOST: localhost
[17-Sep-2025 13:35:22 Europe/Zurich] 🏠 Configuration same-domain appliquée
[17-Sep-2025 13:35:22 Europe/Zurich] - HTTP_HOST: localhost
[17-Sep-2025 13:35:22 Europe/Zurich] 🏠 Configuration same-domain appliquée
[17-Sep-2025 13:35:22 Europe/Zurich] 🏠 Configuration same-domain appliquée
[17-Sep-2025 13:35:22 Europe/Zurich] - Is cross-domain: YES
[17-Sep-2025 13:35:22 Europe/Zurich] - Is cross-domain: YES
[17-Sep-2025 13:35:22 Europe/Zurich] 🔧 Session cross-domain configurée - ID: 8bmp6ap32fdrs4fff418iirqjv
[17-Sep-2025 13:35:22 Europe/Zurich] 🏠 Configuration same-domain appliquée
[17-Sep-2025 13:35:22 Europe/Zurich] 🏠 Configuration same-domain appliquée
[17-Sep-2025 13:35:22 Europe/Zurich] 🍪 Cookie params: {"lifetime":1800,"path":"\/","domain":"","secure":true,"httponly":false,"samesite":"None"}
[17-Sep-2025 13:35:22 Europe/Zurich] 🔍 User en session: 2
[17-Sep-2025 13:35:22 Europe/Zurich] 🔧 Setup CORS - Début
[17-Sep-2025 13:35:22 Europe/Zurich] - Mode: DÉVELOPPEMENT
[17-Sep-2025 13:35:22 Europe/Zurich] - Origin reçu: http://localhost:3000
[17-Sep-2025 13:35:22 Europe/Zurich] 🔍 Test d'autorisation pour origin: 'http://localhost:3000'
[17-Sep-2025 13:35:22 Europe/Zurich] 📝 Origins autorisées: ["http:\/\/localhost:3007","http:\/\/localhost:3000","http:\/\/127.0.0.1:3000","http:\/\/localhost:3007","https:\/\/dev-facturation"]
[17-Sep-2025 13:35:22 Europe/Zurich] ✅ Origin autorisé: http://localhost:3000
[17-Sep-2025 13:35:22 Europe/Zurich] 📤 En-têtes CORS envoyés:
[17-Sep-2025 13:35:22 Europe/Zurich] - Methods: GET, POST, PUT, DELETE, OPTIONS
[17-Sep-2025 13:35:22 Europe/Zurich] - Headers: Content-Type, Authorization, X-Requested-With
[17-Sep-2025 13:35:22 Europe/Zurich] - Credentials: true
[17-Sep-2025 13:35:22 Europe/Zurich] 🔄 Requête OPTIONS (preflight) - Réponse immédiate
[17-Sep-2025 13:35:22 Europe/Zurich] 🔧 Session cross-domain configurée - ID: 8bmp6ap32fdrs4fff418iirqjv
[17-Sep-2025 13:35:22 Europe/Zurich] 🍪 Cookie params: {"lifetime":1800,"path":"\/","domain":"","secure":true,"httponly":false,"samesite":"None"}
[17-Sep-2025 13:35:22 Europe/Zurich] 🔍 User en session: 2
[17-Sep-2025 13:35:22 Europe/Zurich] 🔧 Setup CORS - Début
[17-Sep-2025 13:35:22 Europe/Zurich] - Mode: DÉVELOPPEMENT
[17-Sep-2025 13:35:22 Europe/Zurich] - Origin reçu: http://localhost:3000
[17-Sep-2025 13:35:22 Europe/Zurich] 🔍 Test d'autorisation pour origin: 'http://localhost:3000'
[17-Sep-2025 13:35:22 Europe/Zurich] 📝 Origins autorisées: ["http:\/\/localhost:3007","http:\/\/localhost:3000","http:\/\/127.0.0.1:3000","http:\/\/localhost:3007","https:\/\/dev-facturation"]
[17-Sep-2025 13:35:22 Europe/Zurich] ✅ Origin autorisé: http://localhost:3000
[17-Sep-2025 13:35:22 Europe/Zurich] 📤 En-têtes CORS envoyés:
[17-Sep-2025 13:35:22 Europe/Zurich] - Methods: GET, POST, PUT, DELETE, OPTIONS
[17-Sep-2025 13:35:22 Europe/Zurich] - Headers: Content-Type, Authorization, X-Requested-With
[17-Sep-2025 13:35:22 Europe/Zurich] - Credentials: true
[17-Sep-2025 13:35:22 Europe/Zurich] 🔄 Requête OPTIONS (preflight) - Réponse immédiate
[17-Sep-2025 13:35:22 Europe/Zurich] 🔧 Session cross-domain configurée - ID: 8bmp6ap32fdrs4fff418iirqjv
[17-Sep-2025 13:35:22 Europe/Zurich] 🍪 Cookie params: {"lifetime":1800,"path":"\/","domain":"","secure":true,"httponly":false,"samesite":"None"}
[17-Sep-2025 13:35:22 Europe/Zurich] 🔍 User en session: 2
[17-Sep-2025 13:35:22 Europe/Zurich] 🔧 Setup CORS - Début
[17-Sep-2025 13:35:22 Europe/Zurich] - Mode: DÉVELOPPEMENT
[17-Sep-2025 13:35:22 Europe/Zurich] - Origin reçu: http://localhost:3000
[17-Sep-2025 13:35:22 Europe/Zurich] 🔍 Test d'autorisation pour origin: 'http://localhost:3000'
[17-Sep-2025 13:35:22 Europe/Zurich] 📝 Origins autorisées: ["http:\/\/localhost:3007","http:\/\/localhost:3000","http:\/\/127.0.0.1:3000","http:\/\/localhost:3007","https:\/\/dev-facturation"]
[17-Sep-2025 13:35:22 Europe/Zurich] ✅ Origin autorisé: http://localhost:3000
[17-Sep-2025 13:35:22 Europe/Zurich] 📤 En-têtes CORS envoyés:
[17-Sep-2025 13:35:22 Europe/Zurich] - Methods: GET, POST, PUT, DELETE, OPTIONS
[17-Sep-2025 13:35:22 Europe/Zurich] - Headers: Content-Type, Authorization, X-Requested-With
[17-Sep-2025 13:35:22 Europe/Zurich] - Credentials: true
[17-Sep-2025 13:35:22 Europe/Zurich] 🔄 Requête OPTIONS (preflight) - Réponse immédiate
[17-Sep-2025 13:35:22 Europe/Zurich] 🔧 Session cross-domain configurée - ID: 8bmp6ap32fdrs4fff418iirqjv
[17-Sep-2025 13:35:22 Europe/Zurich] 🍪 Cookie params: {"lifetime":1800,"path":"\/","domain":"","secure":true,"httponly":false,"samesite":"None"}
[17-Sep-2025 13:35:22 Europe/Zurich] 🔍 User en session: 2
[17-Sep-2025 13:35:22 Europe/Zurich] 🔧 Setup CORS - Début
[17-Sep-2025 13:35:22 Europe/Zurich] - Mode: DÉVELOPPEMENT
[17-Sep-2025 13:35:22 Europe/Zurich] - Origin reçu: http://localhost:3000
[17-Sep-2025 13:35:22 Europe/Zurich] 🔍 Test d'autorisation pour origin: 'http://localhost:3000'
[17-Sep-2025 13:35:22 Europe/Zurich] 📝 Origins autorisées: ["http:\/\/localhost:3007","http:\/\/localhost:3000","http:\/\/127.0.0.1:3000","http:\/\/localhost:3007","https:\/\/dev-facturation"]
[17-Sep-2025 13:35:22 Europe/Zurich] ✅ Origin autorisé: http://localhost:3000
[17-Sep-2025 13:35:22 Europe/Zurich] 📤 En-têtes CORS envoyés:
[17-Sep-2025 13:35:22 Europe/Zurich] - Methods: GET, POST, PUT, DELETE, OPTIONS
[17-Sep-2025 13:35:22 Europe/Zurich] - Headers: Content-Type, Authorization, X-Requested-With
[17-Sep-2025 13:35:22 Europe/Zurich] - Credentials: true
[17-Sep-2025 13:35:22 Europe/Zurich] 🔄 Requête OPTIONS (preflight) - Réponse immédiate
[17-Sep-2025 13:35:22 Europe/Zurich] 🔧 Session cross-domain configurée - ID: 8bmp6ap32fdrs4fff418iirqjv
[17-Sep-2025 13:35:22 Europe/Zurich] 🍪 Cookie params: {"lifetime":1800,"path":"\/","domain":"","secure":true,"httponly":false,"samesite":"None"}
[17-Sep-2025 13:35:22 Europe/Zurich] 🔍 User en session: 2
[17-Sep-2025 13:35:22 Europe/Zurich] 🔧 Setup CORS - Début
[17-Sep-2025 13:35:22 Europe/Zurich] - Mode: DÉVELOPPEMENT
[17-Sep-2025 13:35:22 Europe/Zurich] - Origin reçu: http://localhost:3000
[17-Sep-2025 13:35:22 Europe/Zurich] 🔍 Test d'autorisation pour origin: 'http://localhost:3000'
[17-Sep-2025 13:35:22 Europe/Zurich] 📝 Origins autorisées: ["http:\/\/localhost:3007","http:\/\/localhost:3000","http:\/\/127.0.0.1:3000","http:\/\/localhost:3007","https:\/\/dev-facturation"]
[17-Sep-2025 13:35:22 Europe/Zurich] ✅ Origin autorisé: http://localhost:3000
[17-Sep-2025 13:35:22 Europe/Zurich] 📤 En-têtes CORS envoyés:
[17-Sep-2025 13:35:22 Europe/Zurich] - Methods: GET, POST, PUT, DELETE, OPTIONS
[17-Sep-2025 13:35:22 Europe/Zurich] - Headers: Content-Type, Authorization, X-Requested-With
[17-Sep-2025 13:35:22 Europe/Zurich] - Credentials: true
[17-Sep-2025 13:35:22 Europe/Zurich] 🔄 Requête OPTIONS (preflight) - Réponse immédiate
[17-Sep-2025 13:35:22 Europe/Zurich] 🔧 Session cross-domain configurée - ID: 8bmp6ap32fdrs4fff418iirqjv
[17-Sep-2025 13:35:22 Europe/Zurich] 🍪 Cookie params: {"lifetime":1800,"path":"\/","domain":"","secure":true,"httponly":false,"samesite":"None"}
[17-Sep-2025 13:35:22 Europe/Zurich] 🔍 User en session: 2
[17-Sep-2025 13:35:22 Europe/Zurich] 🔧 Setup CORS - Début
[17-Sep-2025 13:35:22 Europe/Zurich] - Mode: DÉVELOPPEMENT
[17-Sep-2025 13:35:22 Europe/Zurich] - Origin reçu: http://localhost:3000
[17-Sep-2025 13:35:22 Europe/Zurich] 🔍 Test d'autorisation pour origin: 'http://localhost:3000'
[17-Sep-2025 13:35:22 Europe/Zurich] 📝 Origins autorisées: ["http:\/\/localhost:3007","http:\/\/localhost:3000","http:\/\/127.0.0.1:3000","http:\/\/localhost:3007","https:\/\/dev-facturation"]
[17-Sep-2025 13:35:22 Europe/Zurich] ✅ Origin autorisé: http://localhost:3000
[17-Sep-2025 13:35:22 Europe/Zurich] 📤 En-têtes CORS envoyés:
[17-Sep-2025 13:35:22 Europe/Zurich] - Methods: GET, POST, PUT, DELETE, OPTIONS
[17-Sep-2025 13:35:22 Europe/Zurich] - Headers: Content-Type, Authorization, X-Requested-With
[17-Sep-2025 13:35:22 Europe/Zurich] - Credentials: true
[17-Sep-2025 13:35:22 Europe/Zurich] 🔄 Requête OPTIONS (preflight) - Réponse immédiate
[17-Sep-2025 13:35:23 Europe/Zurich] 🔑 paiement-api.php - Session ID forcé depuis URL: 8bmp6ap32fdrs4fff418iirqjv
[17-Sep-2025 13:35:23 Europe/Zurich] 🔑 client-api.php - Session ID forcé depuis URL: 8bmp6ap32fdrs4fff418iirqjv
[17-Sep-2025 13:35:23 Europe/Zurich] 🔍 Session cross-domain analysis :
[17-Sep-2025 13:35:23 Europe/Zurich] 🔑 paiement-api.php - Session ID forcé depuis URL: 8bmp6ap32fdrs4fff418iirqjv
[17-Sep-2025 13:35:23 Europe/Zurich] 🔍 Session cross-domain analysis :
[17-Sep-2025 13:35:23 Europe/Zurich] - HTTP_ORIGIN: http://localhost:3000
[17-Sep-2025 13:35:23 Europe/Zurich] 🔍 Session cross-domain analysis :
[17-Sep-2025 13:35:23 Europe/Zurich] - HTTP_ORIGIN: http://localhost:3000
[17-Sep-2025 13:35:23 Europe/Zurich] - HTTP_HOST: localhost
[17-Sep-2025 13:35:23 Europe/Zurich] - HTTP_ORIGIN: http://localhost:3000
[17-Sep-2025 13:35:23 Europe/Zurich] - HTTP_HOST: localhost
[17-Sep-2025 13:35:23 Europe/Zurich] - Is cross-domain: YES
[17-Sep-2025 13:35:23 Europe/Zurich] - HTTP_HOST: localhost
[17-Sep-2025 13:35:23 Europe/Zurich] - Is cross-domain: YES
[17-Sep-2025 13:35:23 Europe/Zurich] 🏠 Configuration same-domain appliquée
[17-Sep-2025 13:35:23 Europe/Zurich] - Is cross-domain: YES
[17-Sep-2025 13:35:23 Europe/Zurich] 🏠 Configuration same-domain appliquée
[17-Sep-2025 13:35:23 Europe/Zurich] 🏠 Configuration same-domain appliquée
[17-Sep-2025 13:35:23 Europe/Zurich] 🔧 Session cross-domain configurée - ID: 8bmp6ap32fdrs4fff418iirqjv
[17-Sep-2025 13:35:23 Europe/Zurich] 🍪 Cookie params: {"lifetime":1800,"path":"\/","domain":"","secure":true,"httponly":false,"samesite":"None"}
[17-Sep-2025 13:35:23 Europe/Zurich] 🔑 paiement-api.php - Session ID forcé depuis URL: 8bmp6ap32fdrs4fff418iirqjv
[17-Sep-2025 13:35:23 Europe/Zurich] 🔑 client-api.php - Session ID forcé depuis URL: 8bmp6ap32fdrs4fff418iirqjv
[17-Sep-2025 13:35:23 Europe/Zurich] 🔍 User en session: 2
[17-Sep-2025 13:35:23 Europe/Zurich] 🔍 Session cross-domain analysis :
[17-Sep-2025 13:35:23 Europe/Zurich] 🔍 Session cross-domain analysis :
[17-Sep-2025 13:35:23 Europe/Zurich] 🔧 Setup CORS - Début
[17-Sep-2025 13:35:23 Europe/Zurich] - HTTP_ORIGIN: http://localhost:3000
[17-Sep-2025 13:35:23 Europe/Zurich] - HTTP_ORIGIN: http://localhost:3000
[17-Sep-2025 13:35:23 Europe/Zurich] - Mode: DÉVELOPPEMENT
[17-Sep-2025 13:35:23 Europe/Zurich] - HTTP_HOST: localhost
[17-Sep-2025 13:35:23 Europe/Zurich] - HTTP_HOST: localhost
[17-Sep-2025 13:35:23 Europe/Zurich] - Origin reçu: http://localhost:3000
[17-Sep-2025 13:35:23 Europe/Zurich] - Is cross-domain: YES
[17-Sep-2025 13:35:23 Europe/Zurich] - Is cross-domain: YES
[17-Sep-2025 13:35:23 Europe/Zurich] 🔍 Test d'autorisation pour origin: 'http://localhost:3000'
[17-Sep-2025 13:35:23 Europe/Zurich] 🏠 Configuration same-domain appliquée
[17-Sep-2025 13:35:23 Europe/Zurich] 🏠 Configuration same-domain appliquée
[17-Sep-2025 13:35:23 Europe/Zurich] 📝 Origins autorisées: ["http:\/\/localhost:3007","http:\/\/localhost:3000","http:\/\/127.0.0.1:3000","http:\/\/localhost:3007","https:\/\/dev-facturation"]
[17-Sep-2025 13:35:23 Europe/Zurich] ✅ Origin autorisé: http://localhost:3000
[17-Sep-2025 13:35:23 Europe/Zurich] 📤 En-têtes CORS envoyés:
[17-Sep-2025 13:35:23 Europe/Zurich] - Methods: GET, POST, PUT, DELETE, OPTIONS
[17-Sep-2025 13:35:23 Europe/Zurich] - Headers: Content-Type, Authorization, X-Requested-With
[17-Sep-2025 13:35:23 Europe/Zurich] - Credentials: true
[17-Sep-2025 13:35:23 Europe/Zurich] 🔄 Requête OPTIONS (preflight) - Réponse immédiate
[17-Sep-2025 13:35:23 Europe/Zurich] 🔧 Session cross-domain configurée - ID: 8bmp6ap32fdrs4fff418iirqjv
[17-Sep-2025 13:35:23 Europe/Zurich] 🍪 Cookie params: {"lifetime":1800,"path":"\/","domain":"","secure":true,"httponly":false,"samesite":"None"}
[17-Sep-2025 13:35:23 Europe/Zurich] 🔑 paiement-api.php - Session ID forcé depuis URL: 8bmp6ap32fdrs4fff418iirqjv
[17-Sep-2025 13:35:23 Europe/Zurich] 🔍 User en session: 2
[17-Sep-2025 13:35:23 Europe/Zurich] 🔍 Session cross-domain analysis :
[17-Sep-2025 13:35:23 Europe/Zurich] 🔧 Setup CORS - Début
[17-Sep-2025 13:35:23 Europe/Zurich] - HTTP_ORIGIN: http://localhost:3000
[17-Sep-2025 13:35:23 Europe/Zurich] - Mode: DÉVELOPPEMENT
[17-Sep-2025 13:35:23 Europe/Zurich] - HTTP_HOST: localhost
[17-Sep-2025 13:35:23 Europe/Zurich] - Origin reçu: http://localhost:3000
[17-Sep-2025 13:35:23 Europe/Zurich] - Is cross-domain: YES
[17-Sep-2025 13:35:23 Europe/Zurich] 🔍 Test d'autorisation pour origin: 'http://localhost:3000'
[17-Sep-2025 13:35:23 Europe/Zurich] 🏠 Configuration same-domain appliquée
[17-Sep-2025 13:35:23 Europe/Zurich] 📝 Origins autorisées: ["http:\/\/localhost:3007","http:\/\/localhost:3000","http:\/\/127.0.0.1:3000","http:\/\/localhost:3007","https:\/\/dev-facturation"]
[17-Sep-2025 13:35:23 Europe/Zurich] ✅ Origin autorisé: http://localhost:3000
[17-Sep-2025 13:35:23 Europe/Zurich] 📤 En-têtes CORS envoyés:
[17-Sep-2025 13:35:23 Europe/Zurich] - Methods: GET, POST, PUT, DELETE, OPTIONS
[17-Sep-2025 13:35:23 Europe/Zurich] - Headers: Content-Type, Authorization, X-Requested-With
[17-Sep-2025 13:35:23 Europe/Zurich] - Credentials: true
[17-Sep-2025 13:35:23 Europe/Zurich] 🔄 Requête OPTIONS (preflight) - Réponse immédiate
[17-Sep-2025 13:35:23 Europe/Zurich] 🔧 Session cross-domain configurée - ID: 8bmp6ap32fdrs4fff418iirqjv
[17-Sep-2025 13:35:23 Europe/Zurich] 🍪 Cookie params: {"lifetime":1800,"path":"\/","domain":"","secure":true,"httponly":false,"samesite":"None"}
[17-Sep-2025 13:35:23 Europe/Zurich] 🔍 User en session: 2
[17-Sep-2025 13:35:23 Europe/Zurich] 🔑 client-api.php - Session ID forcé depuis URL: 8bmp6ap32fdrs4fff418iirqjv
[17-Sep-2025 13:35:23 Europe/Zurich] 🔧 Setup CORS - Début
[17-Sep-2025 13:35:23 Europe/Zurich] 🔍 Session cross-domain analysis :
[17-Sep-2025 13:35:23 Europe/Zurich] - Mode: DÉVELOPPEMENT
[17-Sep-2025 13:35:23 Europe/Zurich] - HTTP_ORIGIN: http://localhost:3000
[17-Sep-2025 13:35:23 Europe/Zurich] - Origin reçu: http://localhost:3000
[17-Sep-2025 13:35:23 Europe/Zurich] 🔑 client-api.php - Session ID forcé depuis URL: 8bmp6ap32fdrs4fff418iirqjv
[17-Sep-2025 13:35:23 Europe/Zurich] - HTTP_HOST: localhost
[17-Sep-2025 13:35:23 Europe/Zurich] 🔑 paiement-api.php - Session ID forcé depuis URL: 8bmp6ap32fdrs4fff418iirqjv
[17-Sep-2025 13:35:23 Europe/Zurich] 🔍 Test d'autorisation pour origin: 'http://localhost:3000'
[17-Sep-2025 13:35:23 Europe/Zurich] 🔍 Session cross-domain analysis :
[17-Sep-2025 13:35:23 Europe/Zurich] - Is cross-domain: YES
[17-Sep-2025 13:35:23 Europe/Zurich] 🔍 Session cross-domain analysis :
[17-Sep-2025 13:35:23 Europe/Zurich] 📝 Origins autorisées: ["http:\/\/localhost:3007","http:\/\/localhost:3000","http:\/\/127.0.0.1:3000","http:\/\/localhost:3007","https:\/\/dev-facturation"]
[17-Sep-2025 13:35:23 Europe/Zurich] - HTTP_ORIGIN: http://localhost:3000
[17-Sep-2025 13:35:23 Europe/Zurich] 🏠 Configuration same-domain appliquée
[17-Sep-2025 13:35:23 Europe/Zurich] - HTTP_ORIGIN: http://localhost:3000
[17-Sep-2025 13:35:23 Europe/Zurich] ✅ Origin autorisé: http://localhost:3000
[17-Sep-2025 13:35:23 Europe/Zurich] - HTTP_HOST: localhost
[17-Sep-2025 13:35:23 Europe/Zurich] - HTTP_HOST: localhost
[17-Sep-2025 13:35:23 Europe/Zurich] - Is cross-domain: YES
[17-Sep-2025 13:35:23 Europe/Zurich] 📤 En-têtes CORS envoyés:
[17-Sep-2025 13:35:23 Europe/Zurich] - Is cross-domain: YES
[17-Sep-2025 13:35:23 Europe/Zurich] 🏠 Configuration same-domain appliquée
[17-Sep-2025 13:35:23 Europe/Zurich] - Methods: GET, POST, PUT, DELETE, OPTIONS
[17-Sep-2025 13:35:23 Europe/Zurich] 🏠 Configuration same-domain appliquée
[17-Sep-2025 13:35:23 Europe/Zurich] - Headers: Content-Type, Authorization, X-Requested-With
[17-Sep-2025 13:35:23 Europe/Zurich] - Credentials: true
[17-Sep-2025 13:35:23 Europe/Zurich] 🔄 Requête OPTIONS (preflight) - Réponse immédiate
[17-Sep-2025 13:35:23 Europe/Zurich] 🔧 Session cross-domain configurée - ID: 8bmp6ap32fdrs4fff418iirqjv
[17-Sep-2025 13:35:23 Europe/Zurich] 🍪 Cookie params: {"lifetime":1800,"path":"\/","domain":"","secure":true,"httponly":false,"samesite":"None"}
[17-Sep-2025 13:35:23 Europe/Zurich] 🔍 User en session: 2
[17-Sep-2025 13:35:23 Europe/Zurich] 🔧 Setup CORS - Début
[17-Sep-2025 13:35:23 Europe/Zurich] - Mode: DÉVELOPPEMENT
[17-Sep-2025 13:35:23 Europe/Zurich] - Origin reçu: http://localhost:3000
[17-Sep-2025 13:35:23 Europe/Zurich] 🔍 Test d'autorisation pour origin: 'http://localhost:3000'
[17-Sep-2025 13:35:23 Europe/Zurich] 📝 Origins autorisées: ["http:\/\/localhost:3007","http:\/\/localhost:3000","http:\/\/127.0.0.1:3000","http:\/\/localhost:3007","https:\/\/dev-facturation"]
[17-Sep-2025 13:35:23 Europe/Zurich] ✅ Origin autorisé: http://localhost:3000
[17-Sep-2025 13:35:23 Europe/Zurich] 📤 En-têtes CORS envoyés:
[17-Sep-2025 13:35:23 Europe/Zurich] - Methods: GET, POST, PUT, DELETE, OPTIONS
[17-Sep-2025 13:35:23 Europe/Zurich] - Headers: Content-Type, Authorization, X-Requested-With
[17-Sep-2025 13:35:23 Europe/Zurich] - Credentials: true
[17-Sep-2025 13:35:23 Europe/Zurich] client-api - Chargement de la configuration
[17-Sep-2025 13:35:23 Europe/Zurich] client-api - Méthode: GET
[17-Sep-2025 13:35:23 Europe/Zurich] client-api - URL complète: /fact-back/api/client-api.php?PHPSESSID=8bmp6ap32fdrs4fff418iirqjv&_ts=1758108922568
[17-Sep-2025 13:35:23 Europe/Zurich] client-api - Origin: http://localhost:3000
[17-Sep-2025 13:35:23 Europe/Zurich] client-api - Paramètres GET: {"PHPSESSID":"8bmp6ap32fdrs4fff418iirqjv","_ts":"1758108922568"}
[17-Sep-2025 13:35:23 Europe/Zurich] client-api - Session ID: 8bmp6ap32fdrs4fff418iirqjv
[17-Sep-2025 13:35:23 Europe/Zurich] client-api - Session status: 2
[17-Sep-2025 13:35:23 Europe/Zurich] client-api - Session content: {"user_id":2,"user_name":"test_admin","user_role":"admin"}
[17-Sep-2025 13:35:23 Europe/Zurich] 🔍 client-api - Session initialisée par bootstrap.php
[17-Sep-2025 13:35:23 Europe/Zurich] 🔑 paiement-api.php - Session ID forcé depuis URL: 8bmp6ap32fdrs4fff418iirqjv
[17-Sep-2025 13:35:23 Europe/Zurich] client-api - Session trouvée - User ID: 2, Role: admin
[17-Sep-2025 13:35:23 Europe/Zurich] 🔍 Session cross-domain analysis :
[17-Sep-2025 13:35:23 Europe/Zurich] client-api - Session keys: ["user_id","user_name","user_role"]
[17-Sep-2025 13:35:23 Europe/Zurich] - HTTP_ORIGIN: http://localhost:3000
[17-Sep-2025 13:35:23 Europe/Zurich] client-api - Cookies reçues: {"PHPSESSID":"8bmp6ap32fdrs4fff418iirqjv"}
[17-Sep-2025 13:35:23 Europe/Zurich] - HTTP_HOST: localhost
[17-Sep-2025 13:35:23 Europe/Zurich] client-api - Méthode: GET
[17-Sep-2025 13:35:23 Europe/Zurich] - Is cross-domain: YES
[17-Sep-2025 13:35:23 Europe/Zurich] client-api - Paramètres GET: {"PHPSESSID":"8bmp6ap32fdrs4fff418iirqjv","_ts":"1758108922568"}
[17-Sep-2025 13:35:23 Europe/Zurich] 🏠 Configuration same-domain appliquée
[17-Sep-2025 13:35:23 Europe/Zurich] ✅ client-api - Accès autorisé pour utilisateur: 2 (role: admin)
[17-Sep-2025 13:35:23 Europe/Zurich] client-api - Méthode: GET
[17-Sep-2025 13:35:23 Europe/Zurich] client-api - Paramètres GET: {"PHPSESSID":"8bmp6ap32fdrs4fff418iirqjv","_ts":"1758108922568"}
[17-Sep-2025 13:35:23 Europe/Zurich] client-api - Traitement GET pour client
[17-Sep-2025 13:35:23 Europe/Zurich] client-api - Paramètres GET: {"PHPSESSID":"8bmp6ap32fdrs4fff418iirqjv","_ts":"1758108922568"}
[17-Sep-2025 13:35:23 Europe/Zurich] client-api - GET ID: Aucun ID fourni
[17-Sep-2025 13:35:23 Europe/Zurich] client-api - GET checkFactures: Aucun paramètre checkFactures
[17-Sep-2025 13:35:23 Europe/Zurich] client-api - Récupération liste clients (page: 1, limit: 50) pour user: 2
[17-Sep-2025 13:35:23 Europe/Zurich] 🔧 Session cross-domain configurée - ID: 8bmp6ap32fdrs4fff418iirqjv
[17-Sep-2025 13:35:23 Europe/Zurich] 🍪 Cookie params: {"lifetime":1800,"path":"\/","domain":"","secure":true,"httponly":false,"samesite":"None"}
[17-Sep-2025 13:35:23 Europe/Zurich] 🔍 User en session: 2
[17-Sep-2025 13:35:23 Europe/Zurich] 🔧 Setup CORS - Début
[17-Sep-2025 13:35:23 Europe/Zurich] - Mode: DÉVELOPPEMENT
[17-Sep-2025 13:35:23 Europe/Zurich] - Origin reçu: http://localhost:3000
[17-Sep-2025 13:35:23 Europe/Zurich] 🔍 Test d'autorisation pour origin: 'http://localhost:3000'
[17-Sep-2025 13:35:23 Europe/Zurich] 📝 Origins autorisées: ["http:\/\/localhost:3007","http:\/\/localhost:3000","http:\/\/127.0.0.1:3000","http:\/\/localhost:3007","https:\/\/dev-facturation"]
[17-Sep-2025 13:35:23 Europe/Zurich] ✅ Origin autorisé: http://localhost:3000
[17-Sep-2025 13:35:23 Europe/Zurich] 📤 En-têtes CORS envoyés:
[17-Sep-2025 13:35:23 Europe/Zurich] - Methods: GET, POST, PUT, DELETE, OPTIONS
[17-Sep-2025 13:35:23 Europe/Zurich] - Headers: Content-Type, Authorization, X-Requested-With
[17-Sep-2025 13:35:23 Europe/Zurich] - Credentials: true
[17-Sep-2025 13:35:23 Europe/Zurich] paiement-api - Chargement de la configuration
[17-Sep-2025 13:35:23 Europe/Zurich] paiement-api - Méthode: GET
[17-Sep-2025 13:35:23 Europe/Zurich] paiement-api - URL complète: /fact-back/api/paiement-api.php?PHPSESSID=8bmp6ap32fdrs4fff418iirqjv&statistiques=true&_ts=1758108922570
[17-Sep-2025 13:35:23 Europe/Zurich] paiement-api - Origin: http://localhost:3000
[17-Sep-2025 13:35:23 Europe/Zurich] paiement-api - Paramètres GET: {"PHPSESSID":"8bmp6ap32fdrs4fff418iirqjv","statistiques":"true","_ts":"1758108922570"}
[17-Sep-2025 13:35:23 Europe/Zurich] paiement-api - Session ID: 8bmp6ap32fdrs4fff418iirqjv
[17-Sep-2025 13:35:23 Europe/Zurich] paiement-api - Session status: 2
[17-Sep-2025 13:35:23 Europe/Zurich] paiement-api - Session content: {"user_id":2,"user_name":"test_admin","user_role":"admin"}
[17-Sep-2025 13:35:23 Europe/Zurich] 🔍 paiement-api - Session initialisée par bootstrap.php
[17-Sep-2025 13:35:23 Europe/Zurich] paiement-api - Session trouvée - User ID: 2, Role: admin
[17-Sep-2025 13:35:23 Europe/Zurich] ✅ paiement-api - Accès autorisé pour utilisateur: 2 (role: admin)
[17-Sep-2025 13:35:23 Europe/Zurich] paiement-api - Méthode: GET
[17-Sep-2025 13:35:23 Europe/Zurich] paiement-api - Paramètres GET: {"PHPSESSID":"8bmp6ap32fdrs4fff418iirqjv","statistiques":"true","_ts":"1758108922570"}
[17-Sep-2025 13:35:23 Europe/Zurich] paiement-api - GET - Paramètres: {"PHPSESSID":"8bmp6ap32fdrs4fff418iirqjv","statistiques":"true","_ts":"1758108922570"} (user: 2)
[17-Sep-2025 13:35:23 Europe/Zurich] paiement-api - GET statistiques pour année  (user: 2)
[17-Sep-2025 13:35:23 Europe/Zurich] 🔧 Session cross-domain configurée - ID: 8bmp6ap32fdrs4fff418iirqjv
[17-Sep-2025 13:35:23 Europe/Zurich] 🍪 Cookie params: {"lifetime":1800,"path":"\/","domain":"","secure":true,"httponly":false,"samesite":"None"}
[17-Sep-2025 13:35:23 Europe/Zurich] 🔍 User en session: 2
[17-Sep-2025 13:35:23 Europe/Zurich] 🔧 Setup CORS - Début
[17-Sep-2025 13:35:23 Europe/Zurich] - Mode: DÉVELOPPEMENT
[17-Sep-2025 13:35:23 Europe/Zurich] - Origin reçu: http://localhost:3000
[17-Sep-2025 13:35:23 Europe/Zurich] 🔍 Test d'autorisation pour origin: 'http://localhost:3000'
[17-Sep-2025 13:35:23 Europe/Zurich] 📝 Origins autorisées: ["http:\/\/localhost:3007","http:\/\/localhost:3000","http:\/\/127.0.0.1:3000","http:\/\/localhost:3007","https:\/\/dev-facturation"]
[17-Sep-2025 13:35:23 Europe/Zurich] ✅ Origin autorisé: http://localhost:3000
[17-Sep-2025 13:35:23 Europe/Zurich] 📤 En-têtes CORS envoyés:
[17-Sep-2025 13:35:23 Europe/Zurich] - Methods: GET, POST, PUT, DELETE, OPTIONS
[17-Sep-2025 13:35:23 Europe/Zurich] - Headers: Content-Type, Authorization, X-Requested-With
[17-Sep-2025 13:35:23 Europe/Zurich] - Credentials: true
[17-Sep-2025 13:35:23 Europe/Zurich] 🔄 Requête OPTIONS (preflight) - Réponse immédiate
[17-Sep-2025 13:35:23 Europe/Zurich] 🔧 Session cross-domain configurée - ID: 8bmp6ap32fdrs4fff418iirqjv
[17-Sep-2025 13:35:23 Europe/Zurich] 🍪 Cookie params: {"lifetime":1800,"path":"\/","domain":"","secure":true,"httponly":false,"samesite":"None"}
[17-Sep-2025 13:35:23 Europe/Zurich] 🔍 User en session: 2
[17-Sep-2025 13:35:23 Europe/Zurich] 🔧 Setup CORS - Début
[17-Sep-2025 13:35:23 Europe/Zurich] - Mode: DÉVELOPPEMENT
[17-Sep-2025 13:35:23 Europe/Zurich] - Origin reçu: http://localhost:3000
[17-Sep-2025 13:35:23 Europe/Zurich] 🔍 Test d'autorisation pour origin: 'http://localhost:3000'
[17-Sep-2025 13:35:23 Europe/Zurich] 📝 Origins autorisées: ["http:\/\/localhost:3007","http:\/\/localhost:3000","http:\/\/127.0.0.1:3000","http:\/\/localhost:3007","https:\/\/dev-facturation"]
[17-Sep-2025 13:35:23 Europe/Zurich] ✅ Origin autorisé: http://localhost:3000
[17-Sep-2025 13:35:23 Europe/Zurich] 📤 En-têtes CORS envoyés:
[17-Sep-2025 13:35:23 Europe/Zurich] - Methods: GET, POST, PUT, DELETE, OPTIONS
[17-Sep-2025 13:35:23 Europe/Zurich] - Headers: Content-Type, Authorization, X-Requested-With
[17-Sep-2025 13:35:23 Europe/Zurich] - Credentials: true
[17-Sep-2025 13:35:23 Europe/Zurich] client-api - Chargement de la configuration
[17-Sep-2025 13:35:23 Europe/Zurich] client-api - Méthode: GET
[17-Sep-2025 13:35:23 Europe/Zurich] client-api - URL complète: /fact-back/api/client-api.php?PHPSESSID=8bmp6ap32fdrs4fff418iirqjv&_ts=1758108922570
[17-Sep-2025 13:35:23 Europe/Zurich] client-api - Origin: http://localhost:3000
[17-Sep-2025 13:35:23 Europe/Zurich] client-api - Paramètres GET: {"PHPSESSID":"8bmp6ap32fdrs4fff418iirqjv","_ts":"1758108922570"}
[17-Sep-2025 13:35:23 Europe/Zurich] client-api - Session ID: 8bmp6ap32fdrs4fff418iirqjv
[17-Sep-2025 13:35:23 Europe/Zurich] client-api - Session status: 2
[17-Sep-2025 13:35:23 Europe/Zurich] client-api - Session content: {"user_id":2,"user_name":"test_admin","user_role":"admin"}
[17-Sep-2025 13:35:23 Europe/Zurich] 🔍 client-api - Session initialisée par bootstrap.php
[17-Sep-2025 13:35:23 Europe/Zurich] client-api - Session trouvée - User ID: 2, Role: admin
[17-Sep-2025 13:35:23 Europe/Zurich] client-api - Session keys: ["user_id","user_name","user_role"]
[17-Sep-2025 13:35:23 Europe/Zurich] client-api - Cookies reçues: {"PHPSESSID":"8bmp6ap32fdrs4fff418iirqjv"}
[17-Sep-2025 13:35:23 Europe/Zurich] client-api - Méthode: GET
[17-Sep-2025 13:35:23 Europe/Zurich] client-api - Paramètres GET: {"PHPSESSID":"8bmp6ap32fdrs4fff418iirqjv","_ts":"1758108922570"}
[17-Sep-2025 13:35:23 Europe/Zurich] ✅ client-api - Accès autorisé pour utilisateur: 2 (role: admin)
[17-Sep-2025 13:35:23 Europe/Zurich] client-api - Méthode: GET
[17-Sep-2025 13:35:23 Europe/Zurich] client-api - Paramètres GET: {"PHPSESSID":"8bmp6ap32fdrs4fff418iirqjv","_ts":"1758108922570"}
[17-Sep-2025 13:35:23 Europe/Zurich] client-api - Traitement GET pour client
[17-Sep-2025 13:35:23 Europe/Zurich] client-api - Paramètres GET: {"PHPSESSID":"8bmp6ap32fdrs4fff418iirqjv","_ts":"1758108922570"}
[17-Sep-2025 13:35:23 Europe/Zurich] client-api - GET ID: Aucun ID fourni
[17-Sep-2025 13:35:23 Europe/Zurich] client-api - GET checkFactures: Aucun paramètre checkFactures
[17-Sep-2025 13:35:23 Europe/Zurich] client-api - Récupération liste clients (page: 1, limit: 50) pour user: 2
[17-Sep-2025 13:35:23 Europe/Zurich] 🔧 Session cross-domain configurée - ID: 8bmp6ap32fdrs4fff418iirqjv
[17-Sep-2025 13:35:23 Europe/Zurich] 🍪 Cookie params: {"lifetime":1800,"path":"\/","domain":"","secure":true,"httponly":false,"samesite":"None"}
[17-Sep-2025 13:35:23 Europe/Zurich] 🔍 User en session: 2
[17-Sep-2025 13:35:23 Europe/Zurich] 🔧 Setup CORS - Début
[17-Sep-2025 13:35:23 Europe/Zurich] - Mode: DÉVELOPPEMENT
[17-Sep-2025 13:35:23 Europe/Zurich] - Origin reçu: http://localhost:3000
[17-Sep-2025 13:35:23 Europe/Zurich] 🔍 Test d'autorisation pour origin: 'http://localhost:3000'
[17-Sep-2025 13:35:23 Europe/Zurich] 📝 Origins autorisées: ["http:\/\/localhost:3007","http:\/\/localhost:3000","http:\/\/127.0.0.1:3000","http:\/\/localhost:3007","https:\/\/dev-facturation"]
[17-Sep-2025 13:35:23 Europe/Zurich] ✅ Origin autorisé: http://localhost:3000
[17-Sep-2025 13:35:23 Europe/Zurich] 📤 En-têtes CORS envoyés:
[17-Sep-2025 13:35:23 Europe/Zurich] - Methods: GET, POST, PUT, DELETE, OPTIONS
[17-Sep-2025 13:35:23 Europe/Zurich] - Headers: Content-Type, Authorization, X-Requested-With
[17-Sep-2025 13:35:23 Europe/Zurich] - Credentials: true
[17-Sep-2025 13:35:23 Europe/Zurich] client-api - Chargement de la configuration
[17-Sep-2025 13:35:23 Europe/Zurich] client-api - Méthode: GET
[17-Sep-2025 13:35:23 Europe/Zurich] client-api - URL complète: /fact-back/api/client-api.php?PHPSESSID=8bmp6ap32fdrs4fff418iirqjv&_ts=1758108922569
[17-Sep-2025 13:35:23 Europe/Zurich] client-api - Origin: http://localhost:3000
[17-Sep-2025 13:35:23 Europe/Zurich] client-api - Paramètres GET: {"PHPSESSID":"8bmp6ap32fdrs4fff418iirqjv","_ts":"1758108922569"}
[17-Sep-2025 13:35:23 Europe/Zurich] client-api - Session ID: 8bmp6ap32fdrs4fff418iirqjv
[17-Sep-2025 13:35:23 Europe/Zurich] client-api - Session status: 2
[17-Sep-2025 13:35:23 Europe/Zurich] client-api - Session content: {"user_id":2,"user_name":"test_admin","user_role":"admin"}
[17-Sep-2025 13:35:23 Europe/Zurich] 🔍 client-api - Session initialisée par bootstrap.php
[17-Sep-2025 13:35:23 Europe/Zurich] client-api - Session trouvée - User ID: 2, Role: admin
[17-Sep-2025 13:35:23 Europe/Zurich] client-api - Session keys: ["user_id","user_name","user_role"]
[17-Sep-2025 13:35:23 Europe/Zurich] client-api - Cookies reçues: {"PHPSESSID":"8bmp6ap32fdrs4fff418iirqjv"}
[17-Sep-2025 13:35:23 Europe/Zurich] client-api - Méthode: GET
[17-Sep-2025 13:35:23 Europe/Zurich] client-api - Paramètres GET: {"PHPSESSID":"8bmp6ap32fdrs4fff418iirqjv","_ts":"1758108922569"}
[17-Sep-2025 13:35:23 Europe/Zurich] ✅ client-api - Accès autorisé pour utilisateur: 2 (role: admin)
[17-Sep-2025 13:35:23 Europe/Zurich] client-api - Méthode: GET
[17-Sep-2025 13:35:23 Europe/Zurich] client-api - Paramètres GET: {"PHPSESSID":"8bmp6ap32fdrs4fff418iirqjv","_ts":"1758108922569"}
[17-Sep-2025 13:35:23 Europe/Zurich] client-api - Traitement GET pour client
[17-Sep-2025 13:35:23 Europe/Zurich] client-api - Paramètres GET: {"PHPSESSID":"8bmp6ap32fdrs4fff418iirqjv","_ts":"1758108922569"}
[17-Sep-2025 13:35:23 Europe/Zurich] client-api - GET ID: Aucun ID fourni
[17-Sep-2025 13:35:23 Europe/Zurich] client-api - GET checkFactures: Aucun paramètre checkFactures
[17-Sep-2025 13:35:23 Europe/Zurich] client-api - Récupération liste clients (page: 1, limit: 50) pour user: 2
[17-Sep-2025 13:35:23 Europe/Zurich] 🔧 Session cross-domain configurée - ID: 8bmp6ap32fdrs4fff418iirqjv
[17-Sep-2025 13:35:23 Europe/Zurich] 🍪 Cookie params: {"lifetime":1800,"path":"\/","domain":"","secure":true,"httponly":false,"samesite":"None"}
[17-Sep-2025 13:35:23 Europe/Zurich] 🔍 User en session: 2
[17-Sep-2025 13:35:23 Europe/Zurich] 🔧 Setup CORS - Début
[17-Sep-2025 13:35:23 Europe/Zurich] - Mode: DÉVELOPPEMENT
[17-Sep-2025 13:35:23 Europe/Zurich] - Origin reçu: http://localhost:3000
[17-Sep-2025 13:35:23 Europe/Zurich] 🔍 Test d'autorisation pour origin: 'http://localhost:3000'
[17-Sep-2025 13:35:23 Europe/Zurich] 📝 Origins autorisées: ["http:\/\/localhost:3007","http:\/\/localhost:3000","http:\/\/127.0.0.1:3000","http:\/\/localhost:3007","https:\/\/dev-facturation"]
[17-Sep-2025 13:35:23 Europe/Zurich] ✅ Origin autorisé: http://localhost:3000
[17-Sep-2025 13:35:23 Europe/Zurich] 📤 En-têtes CORS envoyés:
[17-Sep-2025 13:35:23 Europe/Zurich] - Methods: GET, POST, PUT, DELETE, OPTIONS
[17-Sep-2025 13:35:23 Europe/Zurich] - Headers: Content-Type, Authorization, X-Requested-With
[17-Sep-2025 13:35:23 Europe/Zurich] - Credentials: true
[17-Sep-2025 13:35:23 Europe/Zurich] paiement-api - Chargement de la configuration
[17-Sep-2025 13:35:23 Europe/Zurich] paiement-api - Méthode: GET
[17-Sep-2025 13:35:23 Europe/Zurich] paiement-api - URL complète: /fact-back/api/paiement-api.php?PHPSESSID=8bmp6ap32fdrs4fff418iirqjv&annee=2025&page=1&limit=50&statut=confirme&_ts=1758108922568
[17-Sep-2025 13:35:23 Europe/Zurich] paiement-api - Origin: http://localhost:3000
[17-Sep-2025 13:35:23 Europe/Zurich] paiement-api - Paramètres GET: {"PHPSESSID":"8bmp6ap32fdrs4fff418iirqjv","annee":"2025","page":"1","limit":"50","statut":"confirme","_ts":"1758108922568"}
[17-Sep-2025 13:35:23 Europe/Zurich] paiement-api - Session ID: 8bmp6ap32fdrs4fff418iirqjv
[17-Sep-2025 13:35:23 Europe/Zurich] paiement-api - Session status: 2
[17-Sep-2025 13:35:23 Europe/Zurich] paiement-api - Session content: {"user_id":2,"user_name":"test_admin","user_role":"admin"}
[17-Sep-2025 13:35:23 Europe/Zurich] 🔍 paiement-api - Session initialisée par bootstrap.php
[17-Sep-2025 13:35:23 Europe/Zurich] paiement-api - Session trouvée - User ID: 2, Role: admin
[17-Sep-2025 13:35:23 Europe/Zurich] ✅ paiement-api - Accès autorisé pour utilisateur: 2 (role: admin)
[17-Sep-2025 13:35:23 Europe/Zurich] paiement-api - Méthode: GET
[17-Sep-2025 13:35:23 Europe/Zurich] paiement-api - Paramètres GET: {"PHPSESSID":"8bmp6ap32fdrs4fff418iirqjv","annee":"2025","page":"1","limit":"50","statut":"confirme","_ts":"1758108922568"}
[17-Sep-2025 13:35:23 Europe/Zurich] paiement-api - GET - Paramètres: {"PHPSESSID":"8bmp6ap32fdrs4fff418iirqjv","annee":"2025","page":"1","limit":"50","statut":"confirme","_ts":"1758108922568"} (user: 2)
[17-Sep-2025 13:35:23 Europe/Zurich] paiement-api - GET liste paiements avec options: {"annee":2025,"mois":null,"methode":null,"statut":"confirme","client_id":null,"id_facture":null,"page":1,"limit":50} (user: 2)
[17-Sep-2025 13:35:23 Europe/Zurich] PaiementControleur - Filtrage par statut: confirme
[17-Sep-2025 13:35:23 Europe/Zurich] paiement-api - Résultat liste paiements (nombre): N/A
[17-Sep-2025 13:35:23 Europe/Zurich] 🔧 Session cross-domain configurée - ID: 8bmp6ap32fdrs4fff418iirqjv
[17-Sep-2025 13:35:23 Europe/Zurich] 🍪 Cookie params: {"lifetime":1800,"path":"\/","domain":"","secure":true,"httponly":false,"samesite":"None"}
[17-Sep-2025 13:35:23 Europe/Zurich] 🔍 User en session: 2
[17-Sep-2025 13:35:23 Europe/Zurich] 🔧 Setup CORS - Début
[17-Sep-2025 13:35:23 Europe/Zurich] - Mode: DÉVELOPPEMENT
[17-Sep-2025 13:35:23 Europe/Zurich] - Origin reçu: http://localhost:3000
[17-Sep-2025 13:35:23 Europe/Zurich] 🔍 Test d'autorisation pour origin: 'http://localhost:3000'
[17-Sep-2025 13:35:23 Europe/Zurich] 📝 Origins autorisées: ["http:\/\/localhost:3007","http:\/\/localhost:3000","http:\/\/127.0.0.1:3000","http:\/\/localhost:3007","https:\/\/dev-facturation"]
[17-Sep-2025 13:35:23 Europe/Zurich] ✅ Origin autorisé: http://localhost:3000
[17-Sep-2025 13:35:23 Europe/Zurich] 📤 En-têtes CORS envoyés:
[17-Sep-2025 13:35:23 Europe/Zurich] - Methods: GET, POST, PUT, DELETE, OPTIONS
[17-Sep-2025 13:35:23 Europe/Zurich] - Headers: Content-Type, Authorization, X-Requested-With
[17-Sep-2025 13:35:23 Europe/Zurich] - Credentials: true
[17-Sep-2025 13:35:23 Europe/Zurich] paiement-api - Chargement de la configuration
[17-Sep-2025 13:35:23 Europe/Zurich] paiement-api - Méthode: GET
[17-Sep-2025 13:35:23 Europe/Zurich] paiement-api - URL complète: /fact-back/api/paiement-api.php?PHPSESSID=8bmp6ap32fdrs4fff418iirqjv&annee=2025&page=1&limit=50&statut=confirme&_ts=1758108922569
[17-Sep-2025 13:35:23 Europe/Zurich] paiement-api - Origin: http://localhost:3000
[17-Sep-2025 13:35:23 Europe/Zurich] paiement-api - Paramètres GET: {"PHPSESSID":"8bmp6ap32fdrs4fff418iirqjv","annee":"2025","page":"1","limit":"50","statut":"confirme","_ts":"1758108922569"}
[17-Sep-2025 13:35:23 Europe/Zurich] paiement-api - Session ID: 8bmp6ap32fdrs4fff418iirqjv
[17-Sep-2025 13:35:23 Europe/Zurich] paiement-api - Session status: 2
[17-Sep-2025 13:35:23 Europe/Zurich] paiement-api - Session content: {"user_id":2,"user_name":"test_admin","user_role":"admin"}
[17-Sep-2025 13:35:23 Europe/Zurich] 🔍 paiement-api - Session initialisée par bootstrap.php
[17-Sep-2025 13:35:23 Europe/Zurich] paiement-api - Session trouvée - User ID: 2, Role: admin
[17-Sep-2025 13:35:23 Europe/Zurich] ✅ paiement-api - Accès autorisé pour utilisateur: 2 (role: admin)
[17-Sep-2025 13:35:23 Europe/Zurich] paiement-api - Méthode: GET
[17-Sep-2025 13:35:23 Europe/Zurich] paiement-api - Paramètres GET: {"PHPSESSID":"8bmp6ap32fdrs4fff418iirqjv","annee":"2025","page":"1","limit":"50","statut":"confirme","_ts":"1758108922569"}
[17-Sep-2025 13:35:23 Europe/Zurich] paiement-api - GET - Paramètres: {"PHPSESSID":"8bmp6ap32fdrs4fff418iirqjv","annee":"2025","page":"1","limit":"50","statut":"confirme","_ts":"1758108922569"} (user: 2)
[17-Sep-2025 13:35:23 Europe/Zurich] paiement-api - GET liste paiements avec options: {"annee":2025,"mois":null,"methode":null,"statut":"confirme","client_id":null,"id_facture":null,"page":1,"limit":50} (user: 2)
[17-Sep-2025 13:35:23 Europe/Zurich] PaiementControleur - Filtrage par statut: confirme
[17-Sep-2025 13:35:23 Europe/Zurich] paiement-api - Résultat liste paiements (nombre): N/A
[17-Sep-2025 13:35:23 Europe/Zurich] 🔑 paiement-api.php - Session ID forcé depuis URL: 8bmp6ap32fdrs4fff418iirqjv
[17-Sep-2025 13:35:23 Europe/Zurich] 🔍 Session cross-domain analysis :
[17-Sep-2025 13:35:23 Europe/Zurich] - HTTP_ORIGIN: http://localhost:3000
[17-Sep-2025 13:35:23 Europe/Zurich] - HTTP_HOST: localhost
[17-Sep-2025 13:35:23 Europe/Zurich] - Is cross-domain: YES
[17-Sep-2025 13:35:23 Europe/Zurich] 🏠 Configuration same-domain appliquée
[17-Sep-2025 13:35:23 Europe/Zurich] 🔧 Session cross-domain configurée - ID: 8bmp6ap32fdrs4fff418iirqjv
[17-Sep-2025 13:35:23 Europe/Zurich] 🍪 Cookie params: {"lifetime":1800,"path":"\/","domain":"","secure":true,"httponly":false,"samesite":"None"}
[17-Sep-2025 13:35:23 Europe/Zurich] 🔍 User en session: 2
[17-Sep-2025 13:35:23 Europe/Zurich] 🔧 Setup CORS - Début
[17-Sep-2025 13:35:23 Europe/Zurich] - Mode: DÉVELOPPEMENT
[17-Sep-2025 13:35:23 Europe/Zurich] - Origin reçu: http://localhost:3000
[17-Sep-2025 13:35:23 Europe/Zurich] 🔍 Test d'autorisation pour origin: 'http://localhost:3000'
[17-Sep-2025 13:35:23 Europe/Zurich] 🔑 client-api.php - Session ID forcé depuis URL: 8bmp6ap32fdrs4fff418iirqjv
[17-Sep-2025 13:35:23 Europe/Zurich] 📝 Origins autorisées: ["http:\/\/localhost:3007","http:\/\/localhost:3000","http:\/\/127.0.0.1:3000","http:\/\/localhost:3007","https:\/\/dev-facturation"]
[17-Sep-2025 13:35:23 Europe/Zurich] 🔍 Session cross-domain analysis :
[17-Sep-2025 13:35:23 Europe/Zurich] ✅ Origin autorisé: http://localhost:3000
[17-Sep-2025 13:35:23 Europe/Zurich] - HTTP_ORIGIN: http://localhost:3000
[17-Sep-2025 13:35:23 Europe/Zurich] 📤 En-têtes CORS envoyés:
[17-Sep-2025 13:35:23 Europe/Zurich] - HTTP_HOST: localhost
[17-Sep-2025 13:35:23 Europe/Zurich] - Methods: GET, POST, PUT, DELETE, OPTIONS
[17-Sep-2025 13:35:23 Europe/Zurich] - Is cross-domain: YES
[17-Sep-2025 13:35:23 Europe/Zurich] - Headers: Content-Type, Authorization, X-Requested-With
[17-Sep-2025 13:35:23 Europe/Zurich] 🏠 Configuration same-domain appliquée
[17-Sep-2025 13:35:23 Europe/Zurich] - Credentials: true
[17-Sep-2025 13:35:23 Europe/Zurich] paiement-api - Chargement de la configuration
[17-Sep-2025 13:35:23 Europe/Zurich] 🔑 paiement-api.php - Session ID forcé depuis URL: 8bmp6ap32fdrs4fff418iirqjv
[17-Sep-2025 13:35:23 Europe/Zurich] 🔍 Session cross-domain analysis :
[17-Sep-2025 13:35:23 Europe/Zurich] - HTTP_ORIGIN: http://localhost:3000
[17-Sep-2025 13:35:23 Europe/Zurich] - HTTP_HOST: localhost
[17-Sep-2025 13:35:23 Europe/Zurich] - Is cross-domain: YES
[17-Sep-2025 13:35:23 Europe/Zurich] 🏠 Configuration same-domain appliquée
[17-Sep-2025 13:35:23 Europe/Zurich] paiement-api - Méthode: GET
[17-Sep-2025 13:35:23 Europe/Zurich] paiement-api - URL complète: /fact-back/api/paiement-api.php?PHPSESSID=8bmp6ap32fdrs4fff418iirqjv&annee=2025&page=1&limit=50&statut=confirme&_ts=1758108922566
[17-Sep-2025 13:35:23 Europe/Zurich] paiement-api - Origin: http://localhost:3000
[17-Sep-2025 13:35:23 Europe/Zurich] paiement-api - Paramètres GET: {"PHPSESSID":"8bmp6ap32fdrs4fff418iirqjv","annee":"2025","page":"1","limit":"50","statut":"confirme","_ts":"1758108922566"}
[17-Sep-2025 13:35:23 Europe/Zurich] paiement-api - Session ID: 8bmp6ap32fdrs4fff418iirqjv
[17-Sep-2025 13:35:23 Europe/Zurich] paiement-api - Session status: 2
[17-Sep-2025 13:35:23 Europe/Zurich] paiement-api - Session content: {"user_id":2,"user_name":"test_admin","user_role":"admin"}
[17-Sep-2025 13:35:23 Europe/Zurich] 🔍 paiement-api - Session initialisée par bootstrap.php
[17-Sep-2025 13:35:23 Europe/Zurich] paiement-api - Session trouvée - User ID: 2, Role: admin
[17-Sep-2025 13:35:23 Europe/Zurich] ✅ paiement-api - Accès autorisé pour utilisateur: 2 (role: admin)
[17-Sep-2025 13:35:23 Europe/Zurich] paiement-api - Méthode: GET
[17-Sep-2025 13:35:23 Europe/Zurich] paiement-api - Paramètres GET: {"PHPSESSID":"8bmp6ap32fdrs4fff418iirqjv","annee":"2025","page":"1","limit":"50","statut":"confirme","_ts":"1758108922566"}
[17-Sep-2025 13:35:23 Europe/Zurich] paiement-api - GET - Paramètres: {"PHPSESSID":"8bmp6ap32fdrs4fff418iirqjv","annee":"2025","page":"1","limit":"50","statut":"confirme","_ts":"1758108922566"} (user: 2)
[17-Sep-2025 13:35:23 Europe/Zurich] paiement-api - GET liste paiements avec options: {"annee":2025,"mois":null,"methode":null,"statut":"confirme","client_id":null,"id_facture":null,"page":1,"limit":50} (user: 2)
[17-Sep-2025 13:35:23 Europe/Zurich] PaiementControleur - Filtrage par statut: confirme
[17-Sep-2025 13:35:23 Europe/Zurich] paiement-api - Résultat liste paiements (nombre): N/A
[17-Sep-2025 13:35:23 Europe/Zurich] 🔧 Session cross-domain configurée - ID: 8bmp6ap32fdrs4fff418iirqjv
[17-Sep-2025 13:35:23 Europe/Zurich] 🍪 Cookie params: {"lifetime":1800,"path":"\/","domain":"","secure":true,"httponly":false,"samesite":"None"}
[17-Sep-2025 13:35:23 Europe/Zurich] 🔍 User en session: 2
[17-Sep-2025 13:35:23 Europe/Zurich] 🔧 Setup CORS - Début
[17-Sep-2025 13:35:23 Europe/Zurich] - Mode: DÉVELOPPEMENT
[17-Sep-2025 13:35:23 Europe/Zurich] - Origin reçu: http://localhost:3000
[17-Sep-2025 13:35:23 Europe/Zurich] 🔍 Test d'autorisation pour origin: 'http://localhost:3000'
[17-Sep-2025 13:35:23 Europe/Zurich] 📝 Origins autorisées: ["http:\/\/localhost:3007","http:\/\/localhost:3000","http:\/\/127.0.0.1:3000","http:\/\/localhost:3007","https:\/\/dev-facturation"]
[17-Sep-2025 13:35:23 Europe/Zurich] ✅ Origin autorisé: http://localhost:3000
[17-Sep-2025 13:35:23 Europe/Zurich] 📤 En-têtes CORS envoyés:
[17-Sep-2025 13:35:23 Europe/Zurich] - Methods: GET, POST, PUT, DELETE, OPTIONS
[17-Sep-2025 13:35:23 Europe/Zurich] - Headers: Content-Type, Authorization, X-Requested-With
[17-Sep-2025 13:35:23 Europe/Zurich] - Credentials: true
[17-Sep-2025 13:35:23 Europe/Zurich] client-api - Chargement de la configuration
[17-Sep-2025 13:35:23 Europe/Zurich] client-api - Méthode: GET
[17-Sep-2025 13:35:23 Europe/Zurich] client-api - URL complète: /fact-back/api/client-api.php?PHPSESSID=8bmp6ap32fdrs4fff418iirqjv&_ts=1758108922571
[17-Sep-2025 13:35:23 Europe/Zurich] client-api - Origin: http://localhost:3000
[17-Sep-2025 13:35:23 Europe/Zurich] client-api - Paramètres GET: {"PHPSESSID":"8bmp6ap32fdrs4fff418iirqjv","_ts":"1758108922571"}
[17-Sep-2025 13:35:23 Europe/Zurich] client-api - Session ID: 8bmp6ap32fdrs4fff418iirqjv
[17-Sep-2025 13:35:23 Europe/Zurich] client-api - Session status: 2
[17-Sep-2025 13:35:23 Europe/Zurich] client-api - Session content: {"user_id":2,"user_name":"test_admin","user_role":"admin"}
[17-Sep-2025 13:35:23 Europe/Zurich] 🔍 client-api - Session initialisée par bootstrap.php
[17-Sep-2025 13:35:23 Europe/Zurich] client-api - Session trouvée - User ID: 2, Role: admin
[17-Sep-2025 13:35:23 Europe/Zurich] client-api - Session keys: ["user_id","user_name","user_role"]
[17-Sep-2025 13:35:23 Europe/Zurich] client-api - Cookies reçues: {"PHPSESSID":"8bmp6ap32fdrs4fff418iirqjv"}
[17-Sep-2025 13:35:23 Europe/Zurich] client-api - Méthode: GET
[17-Sep-2025 13:35:23 Europe/Zurich] client-api - Paramètres GET: {"PHPSESSID":"8bmp6ap32fdrs4fff418iirqjv","_ts":"1758108922571"}
[17-Sep-2025 13:35:23 Europe/Zurich] ✅ client-api - Accès autorisé pour utilisateur: 2 (role: admin)
[17-Sep-2025 13:35:23 Europe/Zurich] client-api - Méthode: GET
[17-Sep-2025 13:35:23 Europe/Zurich] client-api - Paramètres GET: {"PHPSESSID":"8bmp6ap32fdrs4fff418iirqjv","_ts":"1758108922571"}
[17-Sep-2025 13:35:23 Europe/Zurich] client-api - Traitement GET pour client
[17-Sep-2025 13:35:23 Europe/Zurich] client-api - Paramètres GET: {"PHPSESSID":"8bmp6ap32fdrs4fff418iirqjv","_ts":"1758108922571"}
[17-Sep-2025 13:35:23 Europe/Zurich] client-api - GET ID: Aucun ID fourni
[17-Sep-2025 13:35:23 Europe/Zurich] client-api - GET checkFactures: Aucun paramètre checkFactures
[17-Sep-2025 13:35:23 Europe/Zurich] client-api - Récupération liste clients (page: 1, limit: 50) pour user: 2
[17-Sep-2025 13:35:23 Europe/Zurich] 🔧 Session cross-domain configurée - ID: 8bmp6ap32fdrs4fff418iirqjv
[17-Sep-2025 13:35:23 Europe/Zurich] 🍪 Cookie params: {"lifetime":1800,"path":"\/","domain":"","secure":true,"httponly":false,"samesite":"None"}
[17-Sep-2025 13:35:23 Europe/Zurich] 🔍 User en session: 2
[17-Sep-2025 13:35:23 Europe/Zurich] 🔧 Setup CORS - Début
[17-Sep-2025 13:35:23 Europe/Zurich] - Mode: DÉVELOPPEMENT
[17-Sep-2025 13:35:23 Europe/Zurich] - Origin reçu: http://localhost:3000
[17-Sep-2025 13:35:23 Europe/Zurich] 🔍 Test d'autorisation pour origin: 'http://localhost:3000'
[17-Sep-2025 13:35:23 Europe/Zurich] 📝 Origins autorisées: ["http:\/\/localhost:3007","http:\/\/localhost:3000","http:\/\/127.0.0.1:3000","http:\/\/localhost:3007","https:\/\/dev-facturation"]
[17-Sep-2025 13:35:23 Europe/Zurich] ✅ Origin autorisé: http://localhost:3000
[17-Sep-2025 13:35:23 Europe/Zurich] 📤 En-têtes CORS envoyés:
[17-Sep-2025 13:35:23 Europe/Zurich] - Methods: GET, POST, PUT, DELETE, OPTIONS
[17-Sep-2025 13:35:23 Europe/Zurich] 🔑 paiement-api.php - Session ID forcé depuis URL: 8bmp6ap32fdrs4fff418iirqjv
[17-Sep-2025 13:35:23 Europe/Zurich] - Headers: Content-Type, Authorization, X-Requested-With
[17-Sep-2025 13:35:23 Europe/Zurich] 🔍 Session cross-domain analysis :
[17-Sep-2025 13:35:23 Europe/Zurich] - Credentials: true
[17-Sep-2025 13:35:23 Europe/Zurich] paiement-api - Chargement de la configuration
[17-Sep-2025 13:35:23 Europe/Zurich] - HTTP_ORIGIN: http://localhost:3000
[17-Sep-2025 13:35:23 Europe/Zurich] - HTTP_HOST: localhost
[17-Sep-2025 13:35:23 Europe/Zurich] - Is cross-domain: YES
[17-Sep-2025 13:35:23 Europe/Zurich] 🏠 Configuration same-domain appliquée
[17-Sep-2025 13:35:23 Europe/Zurich] paiement-api - Méthode: GET
[17-Sep-2025 13:35:23 Europe/Zurich] paiement-api - URL complète: /fact-back/api/paiement-api.php?PHPSESSID=8bmp6ap32fdrs4fff418iirqjv&annee=2025&page=1&limit=50&statut=confirme&_ts=1758108922571
[17-Sep-2025 13:35:23 Europe/Zurich] paiement-api - Origin: http://localhost:3000
[17-Sep-2025 13:35:23 Europe/Zurich] paiement-api - Paramètres GET: {"PHPSESSID":"8bmp6ap32fdrs4fff418iirqjv","annee":"2025","page":"1","limit":"50","statut":"confirme","_ts":"1758108922571"}
[17-Sep-2025 13:35:23 Europe/Zurich] paiement-api - Session ID: 8bmp6ap32fdrs4fff418iirqjv
[17-Sep-2025 13:35:23 Europe/Zurich] paiement-api - Session status: 2
[17-Sep-2025 13:35:23 Europe/Zurich] paiement-api - Session content: {"user_id":2,"user_name":"test_admin","user_role":"admin"}
[17-Sep-2025 13:35:23 Europe/Zurich] 🔍 paiement-api - Session initialisée par bootstrap.php
[17-Sep-2025 13:35:23 Europe/Zurich] paiement-api - Session trouvée - User ID: 2, Role: admin
[17-Sep-2025 13:35:23 Europe/Zurich] ✅ paiement-api - Accès autorisé pour utilisateur: 2 (role: admin)
[17-Sep-2025 13:35:23 Europe/Zurich] paiement-api - Méthode: GET
[17-Sep-2025 13:35:23 Europe/Zurich] paiement-api - Paramètres GET: {"PHPSESSID":"8bmp6ap32fdrs4fff418iirqjv","annee":"2025","page":"1","limit":"50","statut":"confirme","_ts":"1758108922571"}
[17-Sep-2025 13:35:23 Europe/Zurich] paiement-api - GET - Paramètres: {"PHPSESSID":"8bmp6ap32fdrs4fff418iirqjv","annee":"2025","page":"1","limit":"50","statut":"confirme","_ts":"1758108922571"} (user: 2)
[17-Sep-2025 13:35:23 Europe/Zurich] paiement-api - GET liste paiements avec options: {"annee":2025,"mois":null,"methode":null,"statut":"confirme","client_id":null,"id_facture":null,"page":1,"limit":50} (user: 2)
[17-Sep-2025 13:35:23 Europe/Zurich] PaiementControleur - Filtrage par statut: confirme
[17-Sep-2025 13:35:23 Europe/Zurich] paiement-api - Résultat liste paiements (nombre): N/A
[17-Sep-2025 13:35:23 Europe/Zurich] 🔧 Session cross-domain configurée - ID: 8bmp6ap32fdrs4fff418iirqjv
[17-Sep-2025 13:35:23 Europe/Zurich] 🍪 Cookie params: {"lifetime":1800,"path":"\/","domain":"","secure":true,"httponly":false,"samesite":"None"}
[17-Sep-2025 13:35:23 Europe/Zurich] 🔍 User en session: 2
[17-Sep-2025 13:35:23 Europe/Zurich] 🔧 Setup CORS - Début
[17-Sep-2025 13:35:23 Europe/Zurich] - Mode: DÉVELOPPEMENT
[17-Sep-2025 13:35:23 Europe/Zurich] - Origin reçu: http://localhost:3000
[17-Sep-2025 13:35:23 Europe/Zurich] 🔍 Test d'autorisation pour origin: 'http://localhost:3000'
[17-Sep-2025 13:35:23 Europe/Zurich] 📝 Origins autorisées: ["http:\/\/localhost:3007","http:\/\/localhost:3000","http:\/\/127.0.0.1:3000","http:\/\/localhost:3007","https:\/\/dev-facturation"]
[17-Sep-2025 13:35:23 Europe/Zurich] ✅ Origin autorisé: http://localhost:3000
[17-Sep-2025 13:35:23 Europe/Zurich] 📤 En-têtes CORS envoyés:
[17-Sep-2025 13:35:23 Europe/Zurich] - Methods: GET, POST, PUT, DELETE, OPTIONS
[17-Sep-2025 13:35:23 Europe/Zurich] - Headers: Content-Type, Authorization, X-Requested-With
[17-Sep-2025 13:35:23 Europe/Zurich] - Credentials: true
[17-Sep-2025 13:35:23 Europe/Zurich] paiement-api - Chargement de la configuration
[17-Sep-2025 13:35:23 Europe/Zurich] paiement-api - Méthode: GET
[17-Sep-2025 13:35:23 Europe/Zurich] paiement-api - URL complète: /fact-back/api/paiement-api.php?PHPSESSID=8bmp6ap32fdrs4fff418iirqjv&statistiques=true&_ts=1758108922567
[17-Sep-2025 13:35:23 Europe/Zurich] paiement-api - Origin: http://localhost:3000
[17-Sep-2025 13:35:23 Europe/Zurich] paiement-api - Paramètres GET: {"PHPSESSID":"8bmp6ap32fdrs4fff418iirqjv","statistiques":"true","_ts":"1758108922567"}
[17-Sep-2025 13:35:23 Europe/Zurich] paiement-api - Session ID: 8bmp6ap32fdrs4fff418iirqjv
[17-Sep-2025 13:35:23 Europe/Zurich] paiement-api - Session status: 2
[17-Sep-2025 13:35:23 Europe/Zurich] paiement-api - Session content: {"user_id":2,"user_name":"test_admin","user_role":"admin"}
[17-Sep-2025 13:35:23 Europe/Zurich] 🔍 paiement-api - Session initialisée par bootstrap.php
[17-Sep-2025 13:35:23 Europe/Zurich] paiement-api - Session trouvée - User ID: 2, Role: admin
[17-Sep-2025 13:35:23 Europe/Zurich] ✅ paiement-api - Accès autorisé pour utilisateur: 2 (role: admin)
[17-Sep-2025 13:35:23 Europe/Zurich] paiement-api - Méthode: GET
[17-Sep-2025 13:35:23 Europe/Zurich] paiement-api - Paramètres GET: {"PHPSESSID":"8bmp6ap32fdrs4fff418iirqjv","statistiques":"true","_ts":"1758108922567"}
[17-Sep-2025 13:35:23 Europe/Zurich] paiement-api - GET - Paramètres: {"PHPSESSID":"8bmp6ap32fdrs4fff418iirqjv","statistiques":"true","_ts":"1758108922567"} (user: 2)
[17-Sep-2025 13:35:23 Europe/Zurich] paiement-api - GET statistiques pour année  (user: 2)
[17-Sep-2025 13:35:24 Europe/Zurich] 🔑 paiement-api.php - Session ID forcé depuis URL: 8bmp6ap32fdrs4fff418iirqjv
[17-Sep-2025 13:35:24 Europe/Zurich] 🔑 paiement-api.php - Session ID forcé depuis URL: 8bmp6ap32fdrs4fff418iirqjv
[17-Sep-2025 13:35:24 Europe/Zurich] 🔍 Session cross-domain analysis :
[17-Sep-2025 13:35:24 Europe/Zurich] 🔍 Session cross-domain analysis :
[17-Sep-2025 13:35:24 Europe/Zurich] - HTTP_ORIGIN: http://localhost:3000
[17-Sep-2025 13:35:24 Europe/Zurich] - HTTP_ORIGIN: http://localhost:3000
[17-Sep-2025 13:35:24 Europe/Zurich] - HTTP_HOST: localhost
[17-Sep-2025 13:35:24 Europe/Zurich] - HTTP_HOST: localhost
[17-Sep-2025 13:35:24 Europe/Zurich] - Is cross-domain: YES
[17-Sep-2025 13:35:24 Europe/Zurich] - Is cross-domain: YES
[17-Sep-2025 13:35:24 Europe/Zurich] 🏠 Configuration same-domain appliquée
[17-Sep-2025 13:35:24 Europe/Zurich] 🏠 Configuration same-domain appliquée
[17-Sep-2025 13:35:24 Europe/Zurich] 🔧 Session cross-domain configurée - ID: 8bmp6ap32fdrs4fff418iirqjv
[17-Sep-2025 13:35:24 Europe/Zurich] 🍪 Cookie params: {"lifetime":1800,"path":"\/","domain":"","secure":true,"httponly":false,"samesite":"None"}
[17-Sep-2025 13:35:24 Europe/Zurich] 🔍 User en session: 2
[17-Sep-2025 13:35:24 Europe/Zurich] 🔧 Setup CORS - Début
[17-Sep-2025 13:35:24 Europe/Zurich] - Mode: DÉVELOPPEMENT
[17-Sep-2025 13:35:24 Europe/Zurich] - Origin reçu: http://localhost:3000
[17-Sep-2025 13:35:24 Europe/Zurich] 🔍 Test d'autorisation pour origin: 'http://localhost:3000'
[17-Sep-2025 13:35:24 Europe/Zurich] 📝 Origins autorisées: ["http:\/\/localhost:3007","http:\/\/localhost:3000","http:\/\/127.0.0.1:3000","http:\/\/localhost:3007","https:\/\/dev-facturation"]
[17-Sep-2025 13:35:24 Europe/Zurich] ✅ Origin autorisé: http://localhost:3000
[17-Sep-2025 13:35:24 Europe/Zurich] 📤 En-têtes CORS envoyés:
[17-Sep-2025 13:35:24 Europe/Zurich] - Methods: GET, POST, PUT, DELETE, OPTIONS
[17-Sep-2025 13:35:24 Europe/Zurich] - Headers: Content-Type, Authorization, X-Requested-With
[17-Sep-2025 13:35:24 Europe/Zurich] - Credentials: true
[17-Sep-2025 13:35:24 Europe/Zurich] 🔄 Requête OPTIONS (preflight) - Réponse immédiate
[17-Sep-2025 13:35:24 Europe/Zurich] 🔧 Session cross-domain configurée - ID: 8bmp6ap32fdrs4fff418iirqjv
[17-Sep-2025 13:35:24 Europe/Zurich] 🍪 Cookie params: {"lifetime":1800,"path":"\/","domain":"","secure":true,"httponly":false,"samesite":"None"}
[17-Sep-2025 13:35:24 Europe/Zurich] 🔍 User en session: 2
[17-Sep-2025 13:35:24 Europe/Zurich] 🔧 Setup CORS - Début
[17-Sep-2025 13:35:24 Europe/Zurich] - Mode: DÉVELOPPEMENT
[17-Sep-2025 13:35:24 Europe/Zurich] - Origin reçu: http://localhost:3000
[17-Sep-2025 13:35:24 Europe/Zurich] 🔍 Test d'autorisation pour origin: 'http://localhost:3000'
[17-Sep-2025 13:35:24 Europe/Zurich] 📝 Origins autorisées: ["http:\/\/localhost:3007","http:\/\/localhost:3000","http:\/\/127.0.0.1:3000","http:\/\/localhost:3007","https:\/\/dev-facturation"]
[17-Sep-2025 13:35:24 Europe/Zurich] ✅ Origin autorisé: http://localhost:3000
[17-Sep-2025 13:35:24 Europe/Zurich] 📤 En-têtes CORS envoyés:
[17-Sep-2025 13:35:24 Europe/Zurich] - Methods: GET, POST, PUT, DELETE, OPTIONS
[17-Sep-2025 13:35:24 Europe/Zurich] - Headers: Content-Type, Authorization, X-Requested-With
[17-Sep-2025 13:35:24 Europe/Zurich] - Credentials: true
[17-Sep-2025 13:35:24 Europe/Zurich] 🔄 Requête OPTIONS (preflight) - Réponse immédiate
[17-Sep-2025 13:35:24 Europe/Zurich] 🔑 paiement-api.php - Session ID forcé depuis URL: 8bmp6ap32fdrs4fff418iirqjv
[17-Sep-2025 13:35:24 Europe/Zurich] 🔍 Session cross-domain analysis :
[17-Sep-2025 13:35:24 Europe/Zurich] - HTTP_ORIGIN: http://localhost:3000
[17-Sep-2025 13:35:24 Europe/Zurich] - HTTP_HOST: localhost
[17-Sep-2025 13:35:24 Europe/Zurich] - Is cross-domain: YES
[17-Sep-2025 13:35:24 Europe/Zurich] 🏠 Configuration same-domain appliquée
[17-Sep-2025 13:35:24 Europe/Zurich] 🔧 Session cross-domain configurée - ID: 8bmp6ap32fdrs4fff418iirqjv
[17-Sep-2025 13:35:24 Europe/Zurich] 🍪 Cookie params: {"lifetime":1800,"path":"\/","domain":"","secure":true,"httponly":false,"samesite":"None"}
[17-Sep-2025 13:35:24 Europe/Zurich] 🔍 User en session: 2
[17-Sep-2025 13:35:24 Europe/Zurich] 🔧 Setup CORS - Début
[17-Sep-2025 13:35:24 Europe/Zurich] - Mode: DÉVELOPPEMENT
[17-Sep-2025 13:35:24 Europe/Zurich] - Origin reçu: http://localhost:3000
[17-Sep-2025 13:35:24 Europe/Zurich] 🔍 Test d'autorisation pour origin: 'http://localhost:3000'
[17-Sep-2025 13:35:24 Europe/Zurich] 📝 Origins autorisées: ["http:\/\/localhost:3007","http:\/\/localhost:3000","http:\/\/127.0.0.1:3000","http:\/\/localhost:3007","https:\/\/dev-facturation"]
[17-Sep-2025 13:35:24 Europe/Zurich] ✅ Origin autorisé: http://localhost:3000
[17-Sep-2025 13:35:24 Europe/Zurich] 📤 En-têtes CORS envoyés:
[17-Sep-2025 13:35:24 Europe/Zurich] - Methods: GET, POST, PUT, DELETE, OPTIONS
[17-Sep-2025 13:35:24 Europe/Zurich] - Headers: Content-Type, Authorization, X-Requested-With
[17-Sep-2025 13:35:24 Europe/Zurich] - Credentials: true
[17-Sep-2025 13:35:24 Europe/Zurich] paiement-api - Chargement de la configuration
[17-Sep-2025 13:35:24 Europe/Zurich] 🔑 paiement-api.php - Session ID forcé depuis URL: 8bmp6ap32fdrs4fff418iirqjv
[17-Sep-2025 13:35:24 Europe/Zurich] 🔍 Session cross-domain analysis :
[17-Sep-2025 13:35:24 Europe/Zurich] - HTTP_ORIGIN: http://localhost:3000
[17-Sep-2025 13:35:24 Europe/Zurich] - HTTP_HOST: localhost
[17-Sep-2025 13:35:24 Europe/Zurich] - Is cross-domain: YES
[17-Sep-2025 13:35:24 Europe/Zurich] 🏠 Configuration same-domain appliquée
[17-Sep-2025 13:35:24 Europe/Zurich] paiement-api - Méthode: GET
[17-Sep-2025 13:35:24 Europe/Zurich] paiement-api - URL complète: /fact-back/api/paiement-api.php?PHPSESSID=8bmp6ap32fdrs4fff418iirqjv&id_paiement=48&_ts=1758108924455
[17-Sep-2025 13:35:24 Europe/Zurich] paiement-api - Origin: http://localhost:3000
[17-Sep-2025 13:35:24 Europe/Zurich] paiement-api - Paramètres GET: {"PHPSESSID":"8bmp6ap32fdrs4fff418iirqjv","id_paiement":"48","_ts":"1758108924455"}
[17-Sep-2025 13:35:24 Europe/Zurich] paiement-api - Session ID: 8bmp6ap32fdrs4fff418iirqjv
[17-Sep-2025 13:35:24 Europe/Zurich] paiement-api - Session status: 2
[17-Sep-2025 13:35:24 Europe/Zurich] paiement-api - Session content: {"user_id":2,"user_name":"test_admin","user_role":"admin"}
[17-Sep-2025 13:35:24 Europe/Zurich] 🔍 paiement-api - Session initialisée par bootstrap.php
[17-Sep-2025 13:35:24 Europe/Zurich] paiement-api - Session trouvée - User ID: 2, Role: admin
[17-Sep-2025 13:35:24 Europe/Zurich] ✅ paiement-api - Accès autorisé pour utilisateur: 2 (role: admin)
[17-Sep-2025 13:35:24 Europe/Zurich] paiement-api - Méthode: GET
[17-Sep-2025 13:35:24 Europe/Zurich] paiement-api - Paramètres GET: {"PHPSESSID":"8bmp6ap32fdrs4fff418iirqjv","id_paiement":"48","_ts":"1758108924455"}
[17-Sep-2025 13:35:24 Europe/Zurich] paiement-api - GET - Paramètres: {"PHPSESSID":"8bmp6ap32fdrs4fff418iirqjv","id_paiement":"48","_ts":"1758108924455"} (user: 2)
[17-Sep-2025 13:35:24 Europe/Zurich] paiement-api - GET paiement ID: 48 (user: 2)
[17-Sep-2025 13:35:24 Europe/Zurich] Récupération du paiement avec ID: 48
[17-Sep-2025 13:35:24 Europe/Zurich] 🔧 Session cross-domain configurée - ID: 8bmp6ap32fdrs4fff418iirqjv
[17-Sep-2025 13:35:24 Europe/Zurich] 🍪 Cookie params: {"lifetime":1800,"path":"\/","domain":"","secure":true,"httponly":false,"samesite":"None"}
[17-Sep-2025 13:35:24 Europe/Zurich] 🔍 User en session: 2
[17-Sep-2025 13:35:24 Europe/Zurich] 🔧 Setup CORS - Début
[17-Sep-2025 13:35:24 Europe/Zurich] - Mode: DÉVELOPPEMENT
[17-Sep-2025 13:35:24 Europe/Zurich] - Origin reçu: http://localhost:3000
[17-Sep-2025 13:35:24 Europe/Zurich] 🔍 Test d'autorisation pour origin: 'http://localhost:3000'
[17-Sep-2025 13:35:24 Europe/Zurich] 📝 Origins autorisées: ["http:\/\/localhost:3007","http:\/\/localhost:3000","http:\/\/127.0.0.1:3000","http:\/\/localhost:3007","https:\/\/dev-facturation"]
[17-Sep-2025 13:35:24 Europe/Zurich] ✅ Origin autorisé: http://localhost:3000
[17-Sep-2025 13:35:24 Europe/Zurich] 📤 En-têtes CORS envoyés:
[17-Sep-2025 13:35:24 Europe/Zurich] - Methods: GET, POST, PUT, DELETE, OPTIONS
[17-Sep-2025 13:35:24 Europe/Zurich] - Headers: Content-Type, Authorization, X-Requested-With
[17-Sep-2025 13:35:24 Europe/Zurich] - Credentials: true
[17-Sep-2025 13:35:24 Europe/Zurich] paiement-api - Chargement de la configuration
[17-Sep-2025 13:35:24 Europe/Zurich] paiement-api - Méthode: GET
[17-Sep-2025 13:35:24 Europe/Zurich] paiement-api - URL complète: /fact-back/api/paiement-api.php?PHPSESSID=8bmp6ap32fdrs4fff418iirqjv&id_paiement=48&_ts=1758108924456
[17-Sep-2025 13:35:24 Europe/Zurich] paiement-api - Origin: http://localhost:3000
[17-Sep-2025 13:35:24 Europe/Zurich] paiement-api - Paramètres GET: {"PHPSESSID":"8bmp6ap32fdrs4fff418iirqjv","id_paiement":"48","_ts":"1758108924456"}
[17-Sep-2025 13:35:24 Europe/Zurich] paiement-api - Session ID: 8bmp6ap32fdrs4fff418iirqjv
[17-Sep-2025 13:35:24 Europe/Zurich] paiement-api - Session status: 2
[17-Sep-2025 13:35:24 Europe/Zurich] paiement-api - Session content: {"user_id":2,"user_name":"test_admin","user_role":"admin"}
[17-Sep-2025 13:35:24 Europe/Zurich] 🔍 paiement-api - Session initialisée par bootstrap.php
[17-Sep-2025 13:35:24 Europe/Zurich] paiement-api - Session trouvée - User ID: 2, Role: admin
[17-Sep-2025 13:35:24 Europe/Zurich] ✅ paiement-api - Accès autorisé pour utilisateur: 2 (role: admin)
[17-Sep-2025 13:35:24 Europe/Zurich] paiement-api - Méthode: GET
[17-Sep-2025 13:35:24 Europe/Zurich] paiement-api - Paramètres GET: {"PHPSESSID":"8bmp6ap32fdrs4fff418iirqjv","id_paiement":"48","_ts":"1758108924456"}
[17-Sep-2025 13:35:24 Europe/Zurich] paiement-api - GET - Paramètres: {"PHPSESSID":"8bmp6ap32fdrs4fff418iirqjv","id_paiement":"48","_ts":"1758108924456"} (user: 2)
[17-Sep-2025 13:35:24 Europe/Zurich] paiement-api - GET paiement ID: 48 (user: 2)
[17-Sep-2025 13:35:24 Europe/Zurich] Récupération du paiement avec ID: 48
[17-Sep-2025 13:35:25 Europe/Zurich] 🔑 facture-api.php - Session ID forcé depuis URL: 8bmp6ap32fdrs4fff418iirqjv
[17-Sep-2025 13:35:25 Europe/Zurich] 🔍 Session cross-domain analysis :
[17-Sep-2025 13:35:25 Europe/Zurich] - HTTP_ORIGIN: http://localhost:3000
[17-Sep-2025 13:35:25 Europe/Zurich] - HTTP_HOST: localhost
[17-Sep-2025 13:35:25 Europe/Zurich] - Is cross-domain: YES
[17-Sep-2025 13:35:25 Europe/Zurich] 🏠 Configuration same-domain appliquée
[17-Sep-2025 13:35:25 Europe/Zurich] 🔧 Session cross-domain configurée - ID: 8bmp6ap32fdrs4fff418iirqjv
[17-Sep-2025 13:35:25 Europe/Zurich] 🍪 Cookie params: {"lifetime":1800,"path":"\/","domain":"","secure":true,"httponly":false,"samesite":"None"}
[17-Sep-2025 13:35:25 Europe/Zurich] 🔍 User en session: 2
[17-Sep-2025 13:35:25 Europe/Zurich] 🔧 Setup CORS - Début
[17-Sep-2025 13:35:25 Europe/Zurich] - Mode: DÉVELOPPEMENT
[17-Sep-2025 13:35:25 Europe/Zurich] - Origin reçu: http://localhost:3000
[17-Sep-2025 13:35:25 Europe/Zurich] 🔍 Test d'autorisation pour origin: 'http://localhost:3000'
[17-Sep-2025 13:35:25 Europe/Zurich] 📝 Origins autorisées: ["http:\/\/localhost:3007","http:\/\/localhost:3000","http:\/\/127.0.0.1:3000","http:\/\/localhost:3007","https:\/\/dev-facturation"]
[17-Sep-2025 13:35:25 Europe/Zurich] ✅ Origin autorisé: http://localhost:3000
[17-Sep-2025 13:35:25 Europe/Zurich] 📤 En-têtes CORS envoyés:
[17-Sep-2025 13:35:25 Europe/Zurich] - Methods: GET, POST, PUT, DELETE, OPTIONS
[17-Sep-2025 13:35:25 Europe/Zurich] - Headers: Content-Type, Authorization, X-Requested-With
[17-Sep-2025 13:35:25 Europe/Zurich] - Credentials: true
[17-Sep-2025 13:35:25 Europe/Zurich] 🔄 Requête OPTIONS (preflight) - Réponse immédiate
[17-Sep-2025 13:35:25 Europe/Zurich] 🔑 facture-api.php - Session ID forcé depuis URL: 8bmp6ap32fdrs4fff418iirqjv
[17-Sep-2025 13:35:25 Europe/Zurich] 🔍 Session cross-domain analysis :
[17-Sep-2025 13:35:25 Europe/Zurich] - HTTP_ORIGIN: http://localhost:3000
[17-Sep-2025 13:35:25 Europe/Zurich] - HTTP_HOST: localhost
[17-Sep-2025 13:35:25 Europe/Zurich] - Is cross-domain: YES
[17-Sep-2025 13:35:25 Europe/Zurich] 🏠 Configuration same-domain appliquée
[17-Sep-2025 13:35:25 Europe/Zurich] 🔧 Session cross-domain configurée - ID: 8bmp6ap32fdrs4fff418iirqjv
[17-Sep-2025 13:35:25 Europe/Zurich] 🍪 Cookie params: {"lifetime":1800,"path":"\/","domain":"","secure":true,"httponly":false,"samesite":"None"}
[17-Sep-2025 13:35:25 Europe/Zurich] 🔍 User en session: 2
[17-Sep-2025 13:35:25 Europe/Zurich] 🔧 Setup CORS - Début
[17-Sep-2025 13:35:25 Europe/Zurich] - Mode: DÉVELOPPEMENT
[17-Sep-2025 13:35:25 Europe/Zurich] - Origin reçu: http://localhost:3000
[17-Sep-2025 13:35:25 Europe/Zurich] 🔍 Test d'autorisation pour origin: 'http://localhost:3000'
[17-Sep-2025 13:35:25 Europe/Zurich] 📝 Origins autorisées: ["http:\/\/localhost:3007","http:\/\/localhost:3000","http:\/\/127.0.0.1:3000","http:\/\/localhost:3007","https:\/\/dev-facturation"]
[17-Sep-2025 13:35:25 Europe/Zurich] ✅ Origin autorisé: http://localhost:3000
[17-Sep-2025 13:35:25 Europe/Zurich] 📤 En-têtes CORS envoyés:
[17-Sep-2025 13:35:25 Europe/Zurich] - Methods: GET, POST, PUT, DELETE, OPTIONS
[17-Sep-2025 13:35:25 Europe/Zurich] - Headers: Content-Type, Authorization, X-Requested-With
[17-Sep-2025 13:35:25 Europe/Zurich] - Credentials: true
[17-Sep-2025 13:35:25 Europe/Zurich] 🔄 Requête OPTIONS (preflight) - Réponse immédiate
[17-Sep-2025 13:35:25 Europe/Zurich] 🔑 facture-api.php - Session ID forcé depuis URL: 8bmp6ap32fdrs4fff418iirqjv
[17-Sep-2025 13:35:25 Europe/Zurich] 🔑 facture-api.php - Session ID forcé depuis URL: 8bmp6ap32fdrs4fff418iirqjv
[17-Sep-2025 13:35:25 Europe/Zurich] 🔍 Session cross-domain analysis :
[17-Sep-2025 13:35:25 Europe/Zurich] 🔍 Session cross-domain analysis :
[17-Sep-2025 13:35:25 Europe/Zurich] - HTTP_ORIGIN: http://localhost:3000
[17-Sep-2025 13:35:25 Europe/Zurich] - HTTP_ORIGIN: http://localhost:3000
[17-Sep-2025 13:35:25 Europe/Zurich] - HTTP_HOST: localhost
[17-Sep-2025 13:35:25 Europe/Zurich] - Is cross-domain: YES
[17-Sep-2025 13:35:25 Europe/Zurich] - HTTP_HOST: localhost
[17-Sep-2025 13:35:25 Europe/Zurich] 🏠 Configuration same-domain appliquée
[17-Sep-2025 13:35:25 Europe/Zurich] - Is cross-domain: YES
[17-Sep-2025 13:35:25 Europe/Zurich] 🏠 Configuration same-domain appliquée
[17-Sep-2025 13:35:25 Europe/Zurich] 🔧 Session cross-domain configurée - ID: 8bmp6ap32fdrs4fff418iirqjv
[17-Sep-2025 13:35:25 Europe/Zurich] 🍪 Cookie params: {"lifetime":1800,"path":"\/","domain":"","secure":true,"httponly":false,"samesite":"None"}
[17-Sep-2025 13:35:25 Europe/Zurich] 🔍 User en session: 2
[17-Sep-2025 13:35:25 Europe/Zurich] 🔧 Setup CORS - Début
[17-Sep-2025 13:35:25 Europe/Zurich] - Mode: DÉVELOPPEMENT
[17-Sep-2025 13:35:25 Europe/Zurich] - Origin reçu: http://localhost:3000
[17-Sep-2025 13:35:25 Europe/Zurich] 🔍 Test d'autorisation pour origin: 'http://localhost:3000'
[17-Sep-2025 13:35:25 Europe/Zurich] 📝 Origins autorisées: ["http:\/\/localhost:3007","http:\/\/localhost:3000","http:\/\/127.0.0.1:3000","http:\/\/localhost:3007","https:\/\/dev-facturation"]
[17-Sep-2025 13:35:25 Europe/Zurich] ✅ Origin autorisé: http://localhost:3000
[17-Sep-2025 13:35:25 Europe/Zurich] 📤 En-têtes CORS envoyés:
[17-Sep-2025 13:35:25 Europe/Zurich] - Methods: GET, POST, PUT, DELETE, OPTIONS
[17-Sep-2025 13:35:25 Europe/Zurich] - Headers: Content-Type, Authorization, X-Requested-With
[17-Sep-2025 13:35:25 Europe/Zurich] - Credentials: true
[17-Sep-2025 13:35:25 Europe/Zurich] facture-api - Chargement de la configuration
[17-Sep-2025 13:35:25 Europe/Zurich] facture-api - Méthode: GET
[17-Sep-2025 13:35:25 Europe/Zurich] facture-api - URL complète: /fact-back/api/facture-api.php?PHPSESSID=8bmp6ap32fdrs4fff418iirqjv&id=56&_ts=1758108924952
[17-Sep-2025 13:35:25 Europe/Zurich] facture-api - Origin: http://localhost:3000
[17-Sep-2025 13:35:25 Europe/Zurich] facture-api - Paramètres GET: {"PHPSESSID":"8bmp6ap32fdrs4fff418iirqjv","id":"56","_ts":"1758108924952"}
[17-Sep-2025 13:35:25 Europe/Zurich] facture-api - Session ID: 8bmp6ap32fdrs4fff418iirqjv
[17-Sep-2025 13:35:25 Europe/Zurich] facture-api - Session status: 2
[17-Sep-2025 13:35:25 Europe/Zurich] facture-api - Session content: {"user_id":2,"user_name":"test_admin","user_role":"admin"}
[17-Sep-2025 13:35:25 Europe/Zurich] 🔍 facture-api - Session initialisée par bootstrap.php
[17-Sep-2025 13:35:25 Europe/Zurich] facture-api - Session trouvée - User ID: 2, Role: admin
[17-Sep-2025 13:35:25 Europe/Zurich] ✅ facture-api - Accès autorisé pour utilisateur: 2 (role: admin)
[17-Sep-2025 13:35:25 Europe/Zurich] facture-api - Méthode: GET
[17-Sep-2025 13:35:25 Europe/Zurich] facture-api - Paramètres GET: {"PHPSESSID":"8bmp6ap32fdrs4fff418iirqjv","id":"56","_ts":"1758108924952"}
[17-Sep-2025 13:35:25 Europe/Zurich] facture-api - GET - Paramètres: {"PHPSESSID":"8bmp6ap32fdrs4fff418iirqjv","id":"56","_ts":"1758108924952"} (user: 2)
[17-Sep-2025 13:35:25 Europe/Zurich] facture-api - GET facture ID: 56 (user: 2)
[17-Sep-2025 13:35:25 Europe/Zurich] Facture-api - GetFactureComplete - Facture: {"id_facture":56,"numero_facture":"046.2025","date_facture":"2025-07-29","montant_total":"60.00","id_client":5,"date_edition":"2025-07-29 11:25:33","factfilename":"facture_046.2025_Jules_Cesar_20250729_112533.pdf","date_envoi":"2025-07-29","date_paiement":null,"date_dernier_paiement":"2025-07-30 00:00:00","montant_paye":"8.00","montant_paye_total":"41.00","montant_restant":"19.00","nb_paiements":6,"date_annulation":null,"etat":"Partiellement pay\u00e9e","ristourne":"0.00","nom":"C\u00e9sar","prenom":"Jules","titre":"Monsieur","rue":"rue du Tivoli","numero":"66","code_postal":45678,"localite":"Rome","telephone":"+3612345431","email":"jules.cesar@rome.com","estTherapeute":0,"lignes":[{"id_ligne":306,"id_facture":56,"no_ordre":1,"description":"tests ligne ","description_dates":"[17.06, 30.07]","unite":"Heure","quantite":"2.00","prix_unitaire":"30.00","total_ligne":"60.00","id_service":1,"id_unite":1}]}
[17-Sep-2025 13:35:25 Europe/Zurich] 🔧 Session cross-domain configurée - ID: 8bmp6ap32fdrs4fff418iirqjv
[17-Sep-2025 13:35:25 Europe/Zurich] 🍪 Cookie params: {"lifetime":1800,"path":"\/","domain":"","secure":true,"httponly":false,"samesite":"None"}
[17-Sep-2025 13:35:25 Europe/Zurich] 🔍 User en session: 2
[17-Sep-2025 13:35:25 Europe/Zurich] 🔧 Setup CORS - Début
[17-Sep-2025 13:35:25 Europe/Zurich] - Mode: DÉVELOPPEMENT
[17-Sep-2025 13:35:25 Europe/Zurich] - Origin reçu: http://localhost:3000
[17-Sep-2025 13:35:25 Europe/Zurich] 🔍 Test d'autorisation pour origin: 'http://localhost:3000'
[17-Sep-2025 13:35:25 Europe/Zurich] 📝 Origins autorisées: ["http:\/\/localhost:3007","http:\/\/localhost:3000","http:\/\/127.0.0.1:3000","http:\/\/localhost:3007","https:\/\/dev-facturation"]
[17-Sep-2025 13:35:25 Europe/Zurich] ✅ Origin autorisé: http://localhost:3000
[17-Sep-2025 13:35:25 Europe/Zurich] 📤 En-têtes CORS envoyés:
[17-Sep-2025 13:35:25 Europe/Zurich] - Methods: GET, POST, PUT, DELETE, OPTIONS
[17-Sep-2025 13:35:25 Europe/Zurich] - Headers: Content-Type, Authorization, X-Requested-With
[17-Sep-2025 13:35:25 Europe/Zurich] - Credentials: true
[17-Sep-2025 13:35:25 Europe/Zurich] facture-api - Chargement de la configuration
[17-Sep-2025 13:35:25 Europe/Zurich] facture-api - Méthode: GET
[17-Sep-2025 13:35:25 Europe/Zurich] facture-api - URL complète: /fact-back/api/facture-api.php?PHPSESSID=8bmp6ap32fdrs4fff418iirqjv&id=56&_ts=1758108924963
[17-Sep-2025 13:35:25 Europe/Zurich] facture-api - Origin: http://localhost:3000
[17-Sep-2025 13:35:25 Europe/Zurich] facture-api - Paramètres GET: {"PHPSESSID":"8bmp6ap32fdrs4fff418iirqjv","id":"56","_ts":"1758108924963"}
[17-Sep-2025 13:35:25 Europe/Zurich] facture-api - Session ID: 8bmp6ap32fdrs4fff418iirqjv
[17-Sep-2025 13:35:25 Europe/Zurich] facture-api - Session status: 2
[17-Sep-2025 13:35:25 Europe/Zurich] facture-api - Session content: {"user_id":2,"user_name":"test_admin","user_role":"admin"}
[17-Sep-2025 13:35:25 Europe/Zurich] 🔍 facture-api - Session initialisée par bootstrap.php
[17-Sep-2025 13:35:25 Europe/Zurich] facture-api - Session trouvée - User ID: 2, Role: admin
[17-Sep-2025 13:35:25 Europe/Zurich] ✅ facture-api - Accès autorisé pour utilisateur: 2 (role: admin)
[17-Sep-2025 13:35:25 Europe/Zurich] facture-api - Méthode: GET
[17-Sep-2025 13:35:25 Europe/Zurich] facture-api - Paramètres GET: {"PHPSESSID":"8bmp6ap32fdrs4fff418iirqjv","id":"56","_ts":"1758108924963"}
[17-Sep-2025 13:35:25 Europe/Zurich] facture-api - GET - Paramètres: {"PHPSESSID":"8bmp6ap32fdrs4fff418iirqjv","id":"56","_ts":"1758108924963"} (user: 2)
[17-Sep-2025 13:35:25 Europe/Zurich] facture-api - GET facture ID: 56 (user: 2)
[17-Sep-2025 13:35:25 Europe/Zurich] Facture-api - GetFactureComplete - Facture: {"id_facture":56,"numero_facture":"046.2025","date_facture":"2025-07-29","montant_total":"60.00","id_client":5,"date_edition":"2025-07-29 11:25:33","factfilename":"facture_046.2025_Jules_Cesar_20250729_112533.pdf","date_envoi":"2025-07-29","date_paiement":null,"date_dernier_paiement":"2025-07-30 00:00:00","montant_paye":"8.00","montant_paye_total":"41.00","montant_restant":"19.00","nb_paiements":6,"date_annulation":null,"etat":"Partiellement pay\u00e9e","ristourne":"0.00","nom":"C\u00e9sar","prenom":"Jules","titre":"Monsieur","rue":"rue du Tivoli","numero":"66","code_postal":45678,"localite":"Rome","telephone":"+3612345431","email":"jules.cesar@rome.com","estTherapeute":0,"lignes":[{"id_ligne":306,"id_facture":56,"no_ordre":1,"description":"tests ligne ","description_dates":"[17.06, 30.07]","unite":"Heure","quantite":"2.00","prix_unitaire":"30.00","total_ligne":"60.00","id_service":1,"id_unite":1}]}
[17-Sep-2025 13:35:25 Europe/Zurich] 🔑 parametre-api.php - Session ID forcé depuis URL: 8bmp6ap32fdrs4fff418iirqjv
[17-Sep-2025 13:35:25 Europe/Zurich] 🔍 Session cross-domain analysis :
[17-Sep-2025 13:35:25 Europe/Zurich] - HTTP_ORIGIN: http://localhost:3000
[17-Sep-2025 13:35:25 Europe/Zurich] - HTTP_HOST: localhost
[17-Sep-2025 13:35:25 Europe/Zurich] - Is cross-domain: YES
[17-Sep-2025 13:35:25 Europe/Zurich] 🏠 Configuration same-domain appliquée
[17-Sep-2025 13:35:25 Europe/Zurich] 🔧 Session cross-domain configurée - ID: 8bmp6ap32fdrs4fff418iirqjv
[17-Sep-2025 13:35:25 Europe/Zurich] 🍪 Cookie params: {"lifetime":1800,"path":"\/","domain":"","secure":true,"httponly":false,"samesite":"None"}
[17-Sep-2025 13:35:25 Europe/Zurich] 🔍 User en session: 2
[17-Sep-2025 13:35:25 Europe/Zurich] 🔧 Setup CORS - Début
[17-Sep-2025 13:35:25 Europe/Zurich] - Mode: DÉVELOPPEMENT
[17-Sep-2025 13:35:25 Europe/Zurich] - Origin reçu: http://localhost:3000
[17-Sep-2025 13:35:25 Europe/Zurich] 🔍 Test d'autorisation pour origin: 'http://localhost:3000'
[17-Sep-2025 13:35:25 Europe/Zurich] 📝 Origins autorisées: ["http:\/\/localhost:3007","http:\/\/localhost:3000","http:\/\/127.0.0.1:3000","http:\/\/localhost:3007","https:\/\/dev-facturation"]
[17-Sep-2025 13:35:25 Europe/Zurich] ✅ Origin autorisé: http://localhost:3000
[17-Sep-2025 13:35:25 Europe/Zurich] 📤 En-têtes CORS envoyés:
[17-Sep-2025 13:35:25 Europe/Zurich] - Methods: GET, POST, PUT, DELETE, OPTIONS
[17-Sep-2025 13:35:25 Europe/Zurich] - Headers: Content-Type, Authorization, X-Requested-With
[17-Sep-2025 13:35:25 Europe/Zurich] - Credentials: true
[17-Sep-2025 13:35:25 Europe/Zurich] 🔄 Requête OPTIONS (preflight) - Réponse immédiate
[17-Sep-2025 13:35:25 Europe/Zurich] 🔑 parametre-api.php - Session ID forcé depuis URL: 8bmp6ap32fdrs4fff418iirqjv
[17-Sep-2025 13:35:25 Europe/Zurich] 🔍 Session cross-domain analysis :
[17-Sep-2025 13:35:25 Europe/Zurich] - HTTP_ORIGIN: http://localhost:3000
[17-Sep-2025 13:35:25 Europe/Zurich] - HTTP_HOST: localhost
[17-Sep-2025 13:35:25 Europe/Zurich] - Is cross-domain: YES
[17-Sep-2025 13:35:25 Europe/Zurich] 🏠 Configuration same-domain appliquée
[17-Sep-2025 13:35:25 Europe/Zurich] 🔧 Session cross-domain configurée - ID: 8bmp6ap32fdrs4fff418iirqjv
[17-Sep-2025 13:35:25 Europe/Zurich] 🍪 Cookie params: {"lifetime":1800,"path":"\/","domain":"","secure":true,"httponly":false,"samesite":"None"}
[17-Sep-2025 13:35:25 Europe/Zurich] 🔍 User en session: 2
[17-Sep-2025 13:35:25 Europe/Zurich] 🔧 Setup CORS - Début
[17-Sep-2025 13:35:25 Europe/Zurich] - Mode: DÉVELOPPEMENT
[17-Sep-2025 13:35:25 Europe/Zurich] - Origin reçu: http://localhost:3000
[17-Sep-2025 13:35:25 Europe/Zurich] 🔍 Test d'autorisation pour origin: 'http://localhost:3000'
[17-Sep-2025 13:35:25 Europe/Zurich] 📝 Origins autorisées: ["http:\/\/localhost:3007","http:\/\/localhost:3000","http:\/\/127.0.0.1:3000","http:\/\/localhost:3007","https:\/\/dev-facturation"]
[17-Sep-2025 13:35:25 Europe/Zurich] ✅ Origin autorisé: http://localhost:3000
[17-Sep-2025 13:35:25 Europe/Zurich] 📤 En-têtes CORS envoyés:
[17-Sep-2025 13:35:25 Europe/Zurich] - Methods: GET, POST, PUT, DELETE, OPTIONS
[17-Sep-2025 13:35:25 Europe/Zurich] - Headers: Content-Type, Authorization, X-Requested-With
[17-Sep-2025 13:35:25 Europe/Zurich] - Credentials: true
[17-Sep-2025 13:35:25 Europe/Zurich] 🔄 Requête OPTIONS (preflight) - Réponse immédiate
[17-Sep-2025 13:35:25 Europe/Zurich] 🔑 parametre-api.php - Session ID forcé depuis URL: 8bmp6ap32fdrs4fff418iirqjv
[17-Sep-2025 13:35:25 Europe/Zurich] 🔍 Session cross-domain analysis :
[17-Sep-2025 13:35:25 Europe/Zurich] - HTTP_ORIGIN: http://localhost:3000
[17-Sep-2025 13:35:25 Europe/Zurich] - HTTP_HOST: localhost
[17-Sep-2025 13:35:25 Europe/Zurich] - Is cross-domain: YES
[17-Sep-2025 13:35:25 Europe/Zurich] 🏠 Configuration same-domain appliquée
[17-Sep-2025 13:35:25 Europe/Zurich] 🔧 Session cross-domain configurée - ID: 8bmp6ap32fdrs4fff418iirqjv
[17-Sep-2025 13:35:25 Europe/Zurich] 🍪 Cookie params: {"lifetime":1800,"path":"\/","domain":"","secure":true,"httponly":false,"samesite":"None"}
[17-Sep-2025 13:35:25 Europe/Zurich] 🔍 User en session: 2
[17-Sep-2025 13:35:25 Europe/Zurich] 🔧 Setup CORS - Début
[17-Sep-2025 13:35:25 Europe/Zurich] - Mode: DÉVELOPPEMENT
[17-Sep-2025 13:35:25 Europe/Zurich] - Origin reçu: http://localhost:3000
[17-Sep-2025 13:35:25 Europe/Zurich] 🔍 Test d'autorisation pour origin: 'http://localhost:3000'
[17-Sep-2025 13:35:25 Europe/Zurich] 📝 Origins autorisées: ["http:\/\/localhost:3007","http:\/\/localhost:3000","http:\/\/127.0.0.1:3000","http:\/\/localhost:3007","https:\/\/dev-facturation"]
[17-Sep-2025 13:35:25 Europe/Zurich] ✅ Origin autorisé: http://localhost:3000
[17-Sep-2025 13:35:25 Europe/Zurich] 📤 En-têtes CORS envoyés:
[17-Sep-2025 13:35:25 Europe/Zurich] - Methods: GET, POST, PUT, DELETE, OPTIONS
[17-Sep-2025 13:35:25 Europe/Zurich] - Headers: Content-Type, Authorization, X-Requested-With
[17-Sep-2025 13:35:25 Europe/Zurich] - Credentials: true
[17-Sep-2025 13:35:25 Europe/Zurich] parametre-api - Chargement de la configuration
[17-Sep-2025 13:35:25 Europe/Zurich] parametre-api - Méthode: GET
[17-Sep-2025 13:35:25 Europe/Zurich] parametre-api - URL complète: /fact-back/api/parametre-api.php?PHPSESSID=8bmp6ap32fdrs4fff418iirqjv&nomParametre=OutputDir&groupe=Facture&sGroupe=Chemin&_ts=1758108925439
[17-Sep-2025 13:35:25 Europe/Zurich] parametre-api - Origin: http://localhost:3000
[17-Sep-2025 13:35:25 Europe/Zurich] parametre-api - Paramètres GET: {"PHPSESSID":"8bmp6ap32fdrs4fff418iirqjv","nomParametre":"OutputDir","groupe":"Facture","sGroupe":"Chemin","_ts":"1758108925439"}
[17-Sep-2025 13:35:25 Europe/Zurich] parametre-api - Session ID: 8bmp6ap32fdrs4fff418iirqjv
[17-Sep-2025 13:35:25 Europe/Zurich] parametre-api - Session status: 2
[17-Sep-2025 13:35:25 Europe/Zurich] parametre-api - Session content: {"user_id":2,"user_name":"test_admin","user_role":"admin"}
[17-Sep-2025 13:35:25 Europe/Zurich] 🔍 parametre-api - Session initialisée par bootstrap.php
[17-Sep-2025 13:35:25 Europe/Zurich] parametre-api - Session trouvée - User ID: 2, Role: admin
[17-Sep-2025 13:35:25 Europe/Zurich] ✅ parametre-api - Accès autorisé pour utilisateur: 2 (role: admin)
[17-Sep-2025 13:35:25 Europe/Zurich] parametre-api - Méthode: GET
[17-Sep-2025 13:35:25 Europe/Zurich] parametre-api - Paramètres GET: {"PHPSESSID":"8bmp6ap32fdrs4fff418iirqjv","nomParametre":"OutputDir","groupe":"Facture","sGroupe":"Chemin","_ts":"1758108925439"}
[17-Sep-2025 13:35:25 Europe/Zurich] parametre-api - GET paramètres par sous-groupe: Facture/Chemin (user: 2)
[17-Sep-2025 13:35:25 Europe/Zurich] 🔑 parametre-api.php - Session ID forcé depuis URL: 8bmp6ap32fdrs4fff418iirqjv
[17-Sep-2025 13:35:25 Europe/Zurich] 🔍 Session cross-domain analysis :
[17-Sep-2025 13:35:25 Europe/Zurich] - HTTP_ORIGIN: http://localhost:3000
[17-Sep-2025 13:35:25 Europe/Zurich] - HTTP_HOST: localhost
[17-Sep-2025 13:35:25 Europe/Zurich] - Is cross-domain: YES
[17-Sep-2025 13:35:25 Europe/Zurich] 🏠 Configuration same-domain appliquée
[17-Sep-2025 13:35:25 Europe/Zurich] 🔧 Session cross-domain configurée - ID: 8bmp6ap32fdrs4fff418iirqjv
[17-Sep-2025 13:35:25 Europe/Zurich] 🍪 Cookie params: {"lifetime":1800,"path":"\/","domain":"","secure":true,"httponly":false,"samesite":"None"}
[17-Sep-2025 13:35:25 Europe/Zurich] 🔍 User en session: 2
[17-Sep-2025 13:35:25 Europe/Zurich] 🔧 Setup CORS - Début
[17-Sep-2025 13:35:25 Europe/Zurich] - Mode: DÉVELOPPEMENT
[17-Sep-2025 13:35:25 Europe/Zurich] - Origin reçu: http://localhost:3000
[17-Sep-2025 13:35:25 Europe/Zurich] 🔍 Test d'autorisation pour origin: 'http://localhost:3000'
[17-Sep-2025 13:35:25 Europe/Zurich] 📝 Origins autorisées: ["http:\/\/localhost:3007","http:\/\/localhost:3000","http:\/\/127.0.0.1:3000","http:\/\/localhost:3007","https:\/\/dev-facturation"]
[17-Sep-2025 13:35:25 Europe/Zurich] ✅ Origin autorisé: http://localhost:3000
[17-Sep-2025 13:35:25 Europe/Zurich] 📤 En-têtes CORS envoyés:
[17-Sep-2025 13:35:25 Europe/Zurich] - Methods: GET, POST, PUT, DELETE, OPTIONS
[17-Sep-2025 13:35:25 Europe/Zurich] - Headers: Content-Type, Authorization, X-Requested-With
[17-Sep-2025 13:35:25 Europe/Zurich] - Credentials: true
[17-Sep-2025 13:35:25 Europe/Zurich] parametre-api - Chargement de la configuration
[17-Sep-2025 13:35:25 Europe/Zurich] parametre-api - Méthode: GET
[17-Sep-2025 13:35:25 Europe/Zurich] parametre-api - URL complète: /fact-back/api/parametre-api.php?PHPSESSID=8bmp6ap32fdrs4fff418iirqjv&nomParametre=OutputDir&groupe=Facture&sGroupe=Chemin&_ts=1758108925469
[17-Sep-2025 13:35:25 Europe/Zurich] parametre-api - Origin: http://localhost:3000
[17-Sep-2025 13:35:25 Europe/Zurich] parametre-api - Paramètres GET: {"PHPSESSID":"8bmp6ap32fdrs4fff418iirqjv","nomParametre":"OutputDir","groupe":"Facture","sGroupe":"Chemin","_ts":"1758108925469"}
[17-Sep-2025 13:35:25 Europe/Zurich] parametre-api - Session ID: 8bmp6ap32fdrs4fff418iirqjv
[17-Sep-2025 13:35:25 Europe/Zurich] parametre-api - Session status: 2
[17-Sep-2025 13:35:25 Europe/Zurich] parametre-api - Session content: {"user_id":2,"user_name":"test_admin","user_role":"admin"}
[17-Sep-2025 13:35:25 Europe/Zurich] 🔍 parametre-api - Session initialisée par bootstrap.php
[17-Sep-2025 13:35:25 Europe/Zurich] parametre-api - Session trouvée - User ID: 2, Role: admin
[17-Sep-2025 13:35:25 Europe/Zurich] ✅ parametre-api - Accès autorisé pour utilisateur: 2 (role: admin)
[17-Sep-2025 13:35:25 Europe/Zurich] parametre-api - Méthode: GET
[17-Sep-2025 13:35:25 Europe/Zurich] parametre-api - Paramètres GET: {"PHPSESSID":"8bmp6ap32fdrs4fff418iirqjv","nomParametre":"OutputDir","groupe":"Facture","sGroupe":"Chemin","_ts":"1758108925469"}
[17-Sep-2025 13:35:25 Europe/Zurich] parametre-api - GET paramètres par sous-groupe: Facture/Chemin (user: 2)
[17-Sep-2025 13:35:26 Europe/Zurich] 🔑 activity-logs-api.php - Session ID forcé depuis URL: 8bmp6ap32fdrs4fff418iirqjv
[17-Sep-2025 13:35:26 Europe/Zurich] 🔍 Session cross-domain analysis :
[17-Sep-2025 13:35:26 Europe/Zurich] - HTTP_ORIGIN: http://localhost:3000
[17-Sep-2025 13:35:26 Europe/Zurich] - HTTP_HOST: localhost
[17-Sep-2025 13:35:26 Europe/Zurich] - Is cross-domain: YES
[17-Sep-2025 13:35:26 Europe/Zurich] 🏠 Configuration same-domain appliquée
[17-Sep-2025 13:35:26 Europe/Zurich] 🔧 Session cross-domain configurée - ID: 8bmp6ap32fdrs4fff418iirqjv
[17-Sep-2025 13:35:26 Europe/Zurich] 🍪 Cookie params: {"lifetime":1800,"path":"\/","domain":"","secure":true,"httponly":false,"samesite":"None"}
[17-Sep-2025 13:35:26 Europe/Zurich] 🔍 User en session: 2
[17-Sep-2025 13:35:26 Europe/Zurich] 🔧 Setup CORS - Début
[17-Sep-2025 13:35:26 Europe/Zurich] - Mode: DÉVELOPPEMENT
[17-Sep-2025 13:35:26 Europe/Zurich] - Origin reçu: http://localhost:3000
[17-Sep-2025 13:35:26 Europe/Zurich] 🔍 Test d'autorisation pour origin: 'http://localhost:3000'
[17-Sep-2025 13:35:26 Europe/Zurich] 📝 Origins autorisées: ["http:\/\/localhost:3007","http:\/\/localhost:3000","http:\/\/127.0.0.1:3000","http:\/\/localhost:3007","https:\/\/dev-facturation"]
[17-Sep-2025 13:35:26 Europe/Zurich] ✅ Origin autorisé: http://localhost:3000
[17-Sep-2025 13:35:26 Europe/Zurich] 📤 En-têtes CORS envoyés:
[17-Sep-2025 13:35:26 Europe/Zurich] - Methods: GET, POST, PUT, DELETE, OPTIONS
[17-Sep-2025 13:35:26 Europe/Zurich] - Headers: Content-Type, Authorization, X-Requested-With
[17-Sep-2025 13:35:26 Europe/Zurich] - Credentials: true
[17-Sep-2025 13:35:26 Europe/Zurich] 🔄 Requête OPTIONS (preflight) - Réponse immédiate
[17-Sep-2025 13:35:26 Europe/Zurich] 🔑 activity-logs-api.php - Session ID forcé depuis URL: 8bmp6ap32fdrs4fff418iirqjv
[17-Sep-2025 13:35:26 Europe/Zurich] 🔍 Session cross-domain analysis :
[17-Sep-2025 13:35:26 Europe/Zurich] - HTTP_ORIGIN: http://localhost:3000
[17-Sep-2025 13:35:26 Europe/Zurich] - HTTP_HOST: localhost
[17-Sep-2025 13:35:26 Europe/Zurich] - Is cross-domain: YES
[17-Sep-2025 13:35:26 Europe/Zurich] 🏠 Configuration same-domain appliquée
[17-Sep-2025 13:35:26 Europe/Zurich] 🔧 Session cross-domain configurée - ID: 8bmp6ap32fdrs4fff418iirqjv
[17-Sep-2025 13:35:26 Europe/Zurich] 🍪 Cookie params: {"lifetime":1800,"path":"\/","domain":"","secure":true,"httponly":false,"samesite":"None"}
[17-Sep-2025 13:35:26 Europe/Zurich] 🔍 User en session: 2
[17-Sep-2025 13:35:26 Europe/Zurich] 🔧 Setup CORS - Début
[17-Sep-2025 13:35:26 Europe/Zurich] - Mode: DÉVELOPPEMENT
[17-Sep-2025 13:35:26 Europe/Zurich] - Origin reçu: http://localhost:3000
[17-Sep-2025 13:35:26 Europe/Zurich] 🔍 Test d'autorisation pour origin: 'http://localhost:3000'
[17-Sep-2025 13:35:26 Europe/Zurich] 📝 Origins autorisées: ["http:\/\/localhost:3007","http:\/\/localhost:3000","http:\/\/127.0.0.1:3000","http:\/\/localhost:3007","https:\/\/dev-facturation"]
[17-Sep-2025 13:35:26 Europe/Zurich] ✅ Origin autorisé: http://localhost:3000
[17-Sep-2025 13:35:26 Europe/Zurich] 📤 En-têtes CORS envoyés:
[17-Sep-2025 13:35:26 Europe/Zurich] - Methods: GET, POST, PUT, DELETE, OPTIONS
[17-Sep-2025 13:35:26 Europe/Zurich] - Headers: Content-Type, Authorization, X-Requested-With
[17-Sep-2025 13:35:26 Europe/Zurich] - Credentials: true
[17-Sep-2025 13:35:26 Europe/Zurich] 🔄 Requête OPTIONS (preflight) - Réponse immédiate
[17-Sep-2025 13:35:26 Europe/Zurich] 🔑 activity-logs-api.php - Session ID forcé depuis URL: 8bmp6ap32fdrs4fff418iirqjv
[17-Sep-2025 13:35:26 Europe/Zurich] 🔍 Session cross-domain analysis :
[17-Sep-2025 13:35:26 Europe/Zurich] - HTTP_ORIGIN: http://localhost:3000
[17-Sep-2025 13:35:26 Europe/Zurich] - HTTP_HOST: localhost
[17-Sep-2025 13:35:26 Europe/Zurich] - Is cross-domain: YES
[17-Sep-2025 13:35:26 Europe/Zurich] 🏠 Configuration same-domain appliquée
[17-Sep-2025 13:35:26 Europe/Zurich] 🔧 Session cross-domain configurée - ID: 8bmp6ap32fdrs4fff418iirqjv
[17-Sep-2025 13:35:26 Europe/Zurich] 🍪 Cookie params: {"lifetime":1800,"path":"\/","domain":"","secure":true,"httponly":false,"samesite":"None"}
[17-Sep-2025 13:35:26 Europe/Zurich] 🔍 User en session: 2
[17-Sep-2025 13:35:26 Europe/Zurich] 🔧 Setup CORS - Début
[17-Sep-2025 13:35:26 Europe/Zurich] - Mode: DÉVELOPPEMENT
[17-Sep-2025 13:35:26 Europe/Zurich] - Origin reçu: http://localhost:3000
[17-Sep-2025 13:35:26 Europe/Zurich] 🔍 Test d'autorisation pour origin: 'http://localhost:3000'
[17-Sep-2025 13:35:26 Europe/Zurich] 📝 Origins autorisées: ["http:\/\/localhost:3007","http:\/\/localhost:3000","http:\/\/127.0.0.1:3000","http:\/\/localhost:3007","https:\/\/dev-facturation"]
[17-Sep-2025 13:35:26 Europe/Zurich] ✅ Origin autorisé: http://localhost:3000
[17-Sep-2025 13:35:26 Europe/Zurich] 📤 En-têtes CORS envoyés:
[17-Sep-2025 13:35:26 Europe/Zurich] - Methods: GET, POST, PUT, DELETE, OPTIONS
[17-Sep-2025 13:35:26 Europe/Zurich] - Headers: Content-Type, Authorization, X-Requested-With
[17-Sep-2025 13:35:26 Europe/Zurich] - Credentials: true
[17-Sep-2025 13:35:26 Europe/Zurich] 🔑 activity-logs-api.php - Session ID forcé depuis URL: 8bmp6ap32fdrs4fff418iirqjv
[17-Sep-2025 13:35:26 Europe/Zurich] 🔍 Session cross-domain analysis :
[17-Sep-2025 13:35:26 Europe/Zurich] - HTTP_ORIGIN: http://localhost:3000
[17-Sep-2025 13:35:26 Europe/Zurich] - HTTP_HOST: localhost
[17-Sep-2025 13:35:26 Europe/Zurich] - Is cross-domain: YES
[17-Sep-2025 13:35:26 Europe/Zurich] 🏠 Configuration same-domain appliquée
[17-Sep-2025 13:35:26 Europe/Zurich] 🔧 Session cross-domain configurée - ID: 8bmp6ap32fdrs4fff418iirqjv
[17-Sep-2025 13:35:26 Europe/Zurich] 🍪 Cookie params: {"lifetime":1800,"path":"\/","domain":"","secure":true,"httponly":false,"samesite":"None"}
[17-Sep-2025 13:35:26 Europe/Zurich] 🔍 User en session: 2
[17-Sep-2025 13:35:26 Europe/Zurich] 🔧 Setup CORS - Début
[17-Sep-2025 13:35:26 Europe/Zurich] - Mode: DÉVELOPPEMENT
[17-Sep-2025 13:35:26 Europe/Zurich] - Origin reçu: http://localhost:3000
[17-Sep-2025 13:35:26 Europe/Zurich] 🔍 Test d'autorisation pour origin: 'http://localhost:3000'
[17-Sep-2025 13:35:26 Europe/Zurich] 📝 Origins autorisées: ["http:\/\/localhost:3007","http:\/\/localhost:3000","http:\/\/127.0.0.1:3000","http:\/\/localhost:3007","https:\/\/dev-facturation"]
[17-Sep-2025 13:35:26 Europe/Zurich] ✅ Origin autorisé: http://localhost:3000
[17-Sep-2025 13:35:26 Europe/Zurich] 📤 En-têtes CORS envoyés:
[17-Sep-2025 13:35:26 Europe/Zurich] - Methods: GET, POST, PUT, DELETE, OPTIONS
[17-Sep-2025 13:35:26 Europe/Zurich] - Headers: Content-Type, Authorization, X-Requested-With
[17-Sep-2025 13:35:26 Europe/Zurich] - Credentials: true
[17-Sep-2025 13:35:26 Europe/Zurich] 🔑 auth-api.php - Session ID forcé depuis URL: 8bmp6ap32fdrs4fff418iirqjv
[17-Sep-2025 13:35:26 Europe/Zurich] 🔍 Session cross-domain analysis :
[17-Sep-2025 13:35:26 Europe/Zurich] - HTTP_ORIGIN: http://localhost:3000
[17-Sep-2025 13:35:26 Europe/Zurich] - HTTP_HOST: localhost
[17-Sep-2025 13:35:26 Europe/Zurich] - Is cross-domain: YES
[17-Sep-2025 13:35:26 Europe/Zurich] 🏠 Configuration same-domain appliquée
[17-Sep-2025 13:35:26 Europe/Zurich] 🔧 Session cross-domain configurée - ID: 8bmp6ap32fdrs4fff418iirqjv
[17-Sep-2025 13:35:26 Europe/Zurich] 🍪 Cookie params: {"lifetime":1800,"path":"\/","domain":"","secure":true,"httponly":false,"samesite":"None"}
[17-Sep-2025 13:35:26 Europe/Zurich] 🔍 User en session: 2
[17-Sep-2025 13:35:26 Europe/Zurich] 🔧 Setup CORS - Début
[17-Sep-2025 13:35:26 Europe/Zurich] - Mode: DÉVELOPPEMENT
[17-Sep-2025 13:35:26 Europe/Zurich] - Origin reçu: http://localhost:3000
[17-Sep-2025 13:35:26 Europe/Zurich] 🔍 Test d'autorisation pour origin: 'http://localhost:3000'
[17-Sep-2025 13:35:26 Europe/Zurich] 📝 Origins autorisées: ["http:\/\/localhost:3007","http:\/\/localhost:3000","http:\/\/127.0.0.1:3000","http:\/\/localhost:3007","https:\/\/dev-facturation"]
[17-Sep-2025 13:35:26 Europe/Zurich] ✅ Origin autorisé: http://localhost:3000
[17-Sep-2025 13:35:26 Europe/Zurich] 📤 En-têtes CORS envoyés:
[17-Sep-2025 13:35:26 Europe/Zurich] - Methods: GET, POST, PUT, DELETE, OPTIONS
[17-Sep-2025 13:35:26 Europe/Zurich] - Headers: Content-Type, Authorization, X-Requested-With
[17-Sep-2025 13:35:26 Europe/Zurich] - Credentials: true
[17-Sep-2025 13:35:26 Europe/Zurich] 🔄 Requête OPTIONS (preflight) - Réponse immédiate
[17-Sep-2025 13:35:26 Europe/Zurich] 🔑 auth-api.php - Session ID forcé depuis URL: 8bmp6ap32fdrs4fff418iirqjv
[17-Sep-2025 13:35:26 Europe/Zurich] 🔍 Session cross-domain analysis :
[17-Sep-2025 13:35:26 Europe/Zurich] - HTTP_ORIGIN: http://localhost:3000
[17-Sep-2025 13:35:26 Europe/Zurich] - HTTP_HOST: localhost
[17-Sep-2025 13:35:26 Europe/Zurich] - Is cross-domain: YES
[17-Sep-2025 13:35:26 Europe/Zurich] 🏠 Configuration same-domain appliquée
[17-Sep-2025 13:35:26 Europe/Zurich] 🔧 Session cross-domain configurée - ID: 8bmp6ap32fdrs4fff418iirqjv
[17-Sep-2025 13:35:26 Europe/Zurich] 🍪 Cookie params: {"lifetime":1800,"path":"\/","domain":"","secure":true,"httponly":false,"samesite":"None"}
[17-Sep-2025 13:35:26 Europe/Zurich] 🔍 User en session: 2
[17-Sep-2025 13:35:26 Europe/Zurich] 🔧 Setup CORS - Début
[17-Sep-2025 13:35:26 Europe/Zurich] - Mode: DÉVELOPPEMENT
[17-Sep-2025 13:35:26 Europe/Zurich] - Origin reçu: http://localhost:3000
[17-Sep-2025 13:35:26 Europe/Zurich] 🔍 Test d'autorisation pour origin: 'http://localhost:3000'
[17-Sep-2025 13:35:26 Europe/Zurich] 📝 Origins autorisées: ["http:\/\/localhost:3007","http:\/\/localhost:3000","http:\/\/127.0.0.1:3000","http:\/\/localhost:3007","https:\/\/dev-facturation"]
[17-Sep-2025 13:35:26 Europe/Zurich] ✅ Origin autorisé: http://localhost:3000
[17-Sep-2025 13:35:26 Europe/Zurich] 📤 En-têtes CORS envoyés:
[17-Sep-2025 13:35:26 Europe/Zurich] - Methods: GET, POST, PUT, DELETE, OPTIONS
[17-Sep-2025 13:35:26 Europe/Zurich] - Headers: Content-Type, Authorization, X-Requested-With
[17-Sep-2025 13:35:26 Europe/Zurich] - Credentials: true
[17-Sep-2025 13:35:26 Europe/Zurich] 🔄 Requête OPTIONS (preflight) - Réponse immédiate
[17-Sep-2025 13:35:26 Europe/Zurich] 🔑 auth-api.php - Session ID forcé depuis URL: 8bmp6ap32fdrs4fff418iirqjv
[17-Sep-2025 13:35:26 Europe/Zurich] 🔑 auth-api.php - Session ID forcé depuis URL: 8bmp6ap32fdrs4fff418iirqjv
[17-Sep-2025 13:35:26 Europe/Zurich] 🔍 Session cross-domain analysis :
[17-Sep-2025 13:35:26 Europe/Zurich] 🔍 Session cross-domain analysis :
[17-Sep-2025 13:35:26 Europe/Zurich] - HTTP_ORIGIN: http://localhost:3000
[17-Sep-2025 13:35:26 Europe/Zurich] - HTTP_ORIGIN: http://localhost:3000
[17-Sep-2025 13:35:26 Europe/Zurich] - HTTP_HOST: localhost
[17-Sep-2025 13:35:26 Europe/Zurich] - HTTP_HOST: localhost
[17-Sep-2025 13:35:26 Europe/Zurich] - Is cross-domain: YES
[17-Sep-2025 13:35:26 Europe/Zurich] - Is cross-domain: YES
[17-Sep-2025 13:35:26 Europe/Zurich] 🏠 Configuration same-domain appliquée
[17-Sep-2025 13:35:26 Europe/Zurich] 🏠 Configuration same-domain appliquée
[17-Sep-2025 13:35:26 Europe/Zurich] 🔧 Session cross-domain configurée - ID: 8bmp6ap32fdrs4fff418iirqjv
[17-Sep-2025 13:35:26 Europe/Zurich] 🍪 Cookie params: {"lifetime":1800,"path":"\/","domain":"","secure":true,"httponly":false,"samesite":"None"}
[17-Sep-2025 13:35:26 Europe/Zurich] 🔍 User en session: 2
[17-Sep-2025 13:35:26 Europe/Zurich] 🔧 Setup CORS - Début
[17-Sep-2025 13:35:26 Europe/Zurich] - Mode: DÉVELOPPEMENT
[17-Sep-2025 13:35:26 Europe/Zurich] - Origin reçu: http://localhost:3000
[17-Sep-2025 13:35:26 Europe/Zurich] 🔍 Test d'autorisation pour origin: 'http://localhost:3000'
[17-Sep-2025 13:35:26 Europe/Zurich] 📝 Origins autorisées: ["http:\/\/localhost:3007","http:\/\/localhost:3000","http:\/\/127.0.0.1:3000","http:\/\/localhost:3007","https:\/\/dev-facturation"]
[17-Sep-2025 13:35:26 Europe/Zurich] ✅ Origin autorisé: http://localhost:3000
[17-Sep-2025 13:35:26 Europe/Zurich] 📤 En-têtes CORS envoyés:
[17-Sep-2025 13:35:26 Europe/Zurich] - Methods: GET, POST, PUT, DELETE, OPTIONS
[17-Sep-2025 13:35:26 Europe/Zurich] - Headers: Content-Type, Authorization, X-Requested-With
[17-Sep-2025 13:35:26 Europe/Zurich] - Credentials: true
[17-Sep-2025 13:35:26 Europe/Zurich] auth-api - Chargement de la configuration
[17-Sep-2025 13:35:26 Europe/Zurich] auth-api - Configuration: {"app_name":"Centre La Grange","debug_mode":true,"version":"1.5.0","session_lifetime":1800,"database":{"host":"localhost","name":"factlagrange","user":"root","pass":"vo6ZQHsCp6%q883R"},"react":{"host":"localhost","port":"3007","url":"http:\/\/localhost:3007","build_dir":"build"},"cors":{"origin":"http:\/\/127.0.0.1:3007,http:\/\/localhost:3007","methods":"GET, POST, PUT, DELETE, OPTIONS","headers":"Content-Type, Authorization, X-Requested-With","credentials":"true"},"logs":{"dir":"C:\\wamp64\\www\\fact-back\\logs","enabled":true,"level":"debug"}}
[17-Sep-2025 13:35:26 Europe/Zurich] auth-api - Méthode: GET
[17-Sep-2025 13:35:26 Europe/Zurich] auth-api - URL complète: /fact-back/api/auth-api.php?PHPSESSID=8bmp6ap32fdrs4fff418iirqjv&action=utilisateur&id=2&_ts=1758108926351
[17-Sep-2025 13:35:26 Europe/Zurich] auth-api - Origin: http://localhost:3000
[17-Sep-2025 13:35:26 Europe/Zurich] auth-api - Paramètres GET: {"PHPSESSID":"8bmp6ap32fdrs4fff418iirqjv","action":"utilisateur","id":"2","_ts":"1758108926351"}
[17-Sep-2025 13:35:26 Europe/Zurich] auth-api - Session ID: 8bmp6ap32fdrs4fff418iirqjv
[17-Sep-2025 13:35:26 Europe/Zurich] auth-api - Session status: 2
[17-Sep-2025 13:35:26 Europe/Zurich] auth-api - Session content: {"user_id":2,"user_name":"test_admin","user_role":"admin"}
[17-Sep-2025 13:35:26 Europe/Zurich] 🔍 auth-api - Session initialisée par bootstrap.php
[17-Sep-2025 13:35:26 Europe/Zurich] auth-api - Action: utilisateur, Method: GET
[17-Sep-2025 13:35:26 Europe/Zurich] auth-api - Flags: login=, logout=, check=, users=, admin=1
[17-Sep-2025 13:35:26 Europe/Zurich] auth-api - Session trouvée - User ID: 2, Role: admin
[17-Sep-2025 13:35:26 Europe/Zurich] auth-api - Accès admin autorisé pour: admin
[17-Sep-2025 13:35:26 Europe/Zurich] 🔧 Session cross-domain configurée - ID: 8bmp6ap32fdrs4fff418iirqjv
[17-Sep-2025 13:35:26 Europe/Zurich] 🍪 Cookie params: {"lifetime":1800,"path":"\/","domain":"","secure":true,"httponly":false,"samesite":"None"}
[17-Sep-2025 13:35:26 Europe/Zurich] 🔍 User en session: 2
[17-Sep-2025 13:35:26 Europe/Zurich] 🔧 Setup CORS - Début
[17-Sep-2025 13:35:26 Europe/Zurich] - Mode: DÉVELOPPEMENT
[17-Sep-2025 13:35:26 Europe/Zurich] - Origin reçu: http://localhost:3000
[17-Sep-2025 13:35:26 Europe/Zurich] 🔍 Test d'autorisation pour origin: 'http://localhost:3000'
[17-Sep-2025 13:35:26 Europe/Zurich] 📝 Origins autorisées: ["http:\/\/localhost:3007","http:\/\/localhost:3000","http:\/\/127.0.0.1:3000","http:\/\/localhost:3007","https:\/\/dev-facturation"]
[17-Sep-2025 13:35:26 Europe/Zurich] ✅ Origin autorisé: http://localhost:3000
[17-Sep-2025 13:35:26 Europe/Zurich] 📤 En-têtes CORS envoyés:
[17-Sep-2025 13:35:26 Europe/Zurich] - Methods: GET, POST, PUT, DELETE, OPTIONS
[17-Sep-2025 13:35:26 Europe/Zurich] - Headers: Content-Type, Authorization, X-Requested-With
[17-Sep-2025 13:35:26 Europe/Zurich] - Credentials: true
[17-Sep-2025 13:35:26 Europe/Zurich] auth-api - Chargement de la configuration
[17-Sep-2025 13:35:26 Europe/Zurich] auth-api - Configuration: {"app_name":"Centre La Grange","debug_mode":true,"version":"1.5.0","session_lifetime":1800,"database":{"host":"localhost","name":"factlagrange","user":"root","pass":"vo6ZQHsCp6%q883R"},"react":{"host":"localhost","port":"3007","url":"http:\/\/localhost:3007","build_dir":"build"},"cors":{"origin":"http:\/\/127.0.0.1:3007,http:\/\/localhost:3007","methods":"GET, POST, PUT, DELETE, OPTIONS","headers":"Content-Type, Authorization, X-Requested-With","credentials":"true"},"logs":{"dir":"C:\\wamp64\\www\\fact-back\\logs","enabled":true,"level":"debug"}}
[17-Sep-2025 13:35:26 Europe/Zurich] auth-api - Méthode: GET
[17-Sep-2025 13:35:26 Europe/Zurich] auth-api - URL complète: /fact-back/api/auth-api.php?PHPSESSID=8bmp6ap32fdrs4fff418iirqjv&action=utilisateur&id=2&_ts=1758108926361
[17-Sep-2025 13:35:26 Europe/Zurich] auth-api - Origin: http://localhost:3000
[17-Sep-2025 13:35:26 Europe/Zurich] auth-api - Paramètres GET: {"PHPSESSID":"8bmp6ap32fdrs4fff418iirqjv","action":"utilisateur","id":"2","_ts":"1758108926361"}
[17-Sep-2025 13:35:26 Europe/Zurich] auth-api - Session ID: 8bmp6ap32fdrs4fff418iirqjv
[17-Sep-2025 13:35:26 Europe/Zurich] auth-api - Session status: 2
[17-Sep-2025 13:35:26 Europe/Zurich] auth-api - Session content: {"user_id":2,"user_name":"test_admin","user_role":"admin"}
[17-Sep-2025 13:35:26 Europe/Zurich] 🔍 auth-api - Session initialisée par bootstrap.php
[17-Sep-2025 13:35:26 Europe/Zurich] auth-api - Action: utilisateur, Method: GET
[17-Sep-2025 13:35:26 Europe/Zurich] auth-api - Flags: login=, logout=, check=, users=, admin=1
[17-Sep-2025 13:35:26 Europe/Zurich] auth-api - Session trouvée - User ID: 2, Role: admin
[17-Sep-2025 13:35:26 Europe/Zurich] auth-api - Accès admin autorisé pour: admin
